id_candidat,cote_r_equivalent,programme_etudes,region_administrative,code_postal_3,revenu_familial_estime,heures_travail_semaine,distance_domicile_campus_km,premiere_generation_universitaire,decision_octroi
C008033,25.96,Genie,Cote-Nord,G4R,17017,9,168.0,0,0
C004299,26.82,Arts et lettres,Cote-Nord,G5B,66820,22,99.3,0,0
C011788,27.37,Genie,Bas-Saint-Laurent,G5N,49223,19,364.1,0,0
C001144,21.23,Sciences,Gaspesie-Iles-de-la-Madeleine,G5C,90750,17,174.8,1,0
C003322,28.27,Sante,Bas-Saint-Laurent,G5N,36892,9,151.2,0,0
C000155,29.63,Sante,Bas-Saint-Laurent,G5N,33095,19,234.9,0,1
C002119,27.79,Arts et lettres,Bas-Saint-Laurent,G5N,72858,12,173.6,0,0
C001411,27.77,Sciences,Cote-Nord,G5B,40183,13,140.1,0,0
C003278,28.46,Sciences sociales,Cote-Nord,G4R,88169,15,110.8,1,1
C007817,27.3,Sciences sociales,Gaspesie-Iles-de-la-Madeleine,G5C,50361,9,202.0,1,0
C008156,27.99,Sante,Montreal,H1A,40562,10,30.2,0,0
C007883,34.65,Arts et lettres,Gaspesie-Iles-de-la-Madeleine,G4X,85054,14,139.9,1,1
C000063,23.4,Sciences sociales,Bas-Saint-Laurent,G0L,42502,18,188.4,0,0
C007965,23.48,Genie,Gaspesie-Iles-de-la-Madeleine,G4X,31634,13,121.4,0,0
C006548,22.49,Sciences sociales,Bas-Saint-Laurent,G0L,47969,17,154.5,1,0
C004580,27.22,Arts et lettres,Montreal,H8N,52858,5,59.3,0,0
C004180,23.59,Sciences sociales,Bas-Saint-Laurent,G0L,53868,18,201.2,0,0
C004359,21.68,Sciences sociales,Montreal,H8N,157707,5,16.1,0,0
C000674,25.6,Genie,Gaspesie-Iles-de-la-Madeleine,G0C,67984,11,179.0,1,0
C005236,24.79,Sciences,Montreal,H1A,84261,10,6.5,0,0
C006112,21.86,Sciences,Capitale-Nationale,G1V,117171,7,15.1,0,0
C004115,28.82,Sciences sociales,Montreal,H8N,66747,8,33.3,0,1
C013592,22.63,Sante,Montreal,H2X,50856,15,20.2,0,0
C006826,25.76,Genie,Gaspesie-Iles-de-la-Madeleine,G5C,149775,17,174.0,0,0
C010838,23.28,Sciences sociales,Bas-Saint-Laurent,G0L,81326,7,253.2,1,0
C006969,29.12,Sciences,Gaspesie-Iles-de-la-Madeleine,G4X,51763,14,281.5,1,0
C005645,24.23,Sante,Capitale-Nationale,G3A,225929,4,58.3,0,0
C001202,22.38,Genie,Gaspesie-Iles-de-la-Madeleine,G4X,57772,9,269.7,1,0
C009788,31.73,Genie,Montreal,H8N,54535,15,17.6,1,1
C005377,30.81,Genie,Gaspesie-Iles-de-la-Madeleine,G4X,48455,10,156.1,1,1
C001739,33.05,Sciences,Bas-Saint-Laurent,G0L,55027,14,310.0,0,1
C003274,28.98,Sante,Gaspesie-Iles-de-la-Madeleine,G5C,30697,9,115.8,0,0
C008666,26.34,Genie,Cote-Nord,G5B,43808,12,178.9,1,0
C007014,20.69,Sciences sociales,Bas-Saint-Laurent,G0L,55090,14,365.0,1,0
C013583,23.31,Sciences,Montreal,H2X,67167,6,10.7,0,0
C005884,30.55,Arts et lettres,Gaspesie-Iles-de-la-Madeleine,G0C,48043,13,210.7,1,1
C000092,33.16,Genie,Montreal,H4L,138282,10,2.4,0,1
C002325,29.04,Sciences,Gaspesie-Iles-de-la-Madeleine,G0C,31256,15,417.0,1,0
C010155,31.99,Arts et lettres,Montreal,H8N,71836,16,19.1,0,1
C011095,22.91,Sante,Gaspesie-Iles-de-la-Madeleine,G5C,25845,9,247.4,0,0
C005411,26.38,Arts et lettres,Gaspesie-Iles-de-la-Madeleine,G4X,92199,14,135.0,0,0
C003847,27.73,Sante,Capitale-Nationale,G2E,69972,9,16.3,0,0
C012734,27.06,Sante,Capitale-Nationale,G3A,125144,11,24.9,1,1
C012563,24.49,Sciences,Capitale-Nationale,G1R,96580,9,3.3,0,0
C002504,25.24,Sciences,Montreal,H3T,76285,9,30.2,0,0
C004708,25.46,Sante,Capitale-Nationale,G1R,73207,9,13.3,0,0
C004903,29.81,Arts et lettres,Cote-Nord,G0G,56800,15,140.6,1,1
C002072,31.68,Genie,Montreal,H1A,61185,12,39.8,1,1
C007855,31.33,Sciences,Montreal,H2X,60800,8,32.1,0,1
C006652,29.98,Genie,Bas-Saint-Laurent,G0L,32059,13,85.2,1,0
C003659,30.13,Sciences,Montreal,H4L,97547,11,12.9,0,1
C010284,27.47,Genie,Capitale-Nationale,G1V,59155,9,21.1,1,1
C008274,21.76,Sciences,Capitale-Nationale,G3A,99245,12,33.2,1,0
C008204,27.97,Sante,Montreal,H3T,103548,11,5.4,0,1
C005384,29.32,Sciences,Montreal,H3T,24376,13,28.0,0,1
C001156,27.82,Sciences,Cote-Nord,G0G,54609,19,133.6,0,1
C001480,27.79,Arts et lettres,Gaspesie-Iles-de-la-Madeleine,G0C,102773,12,285.3,1,0
C012853,24.54,Genie,Capitale-Nationale,G1R,51604,13,7.2,0,0
C001085,26.22,Sciences sociales,Bas-Saint-Laurent,G5L,85122,10,252.3,0,0
C002247,18.8,Genie,Cote-Nord,G5B,24075,17,204.0,1,0
C012044,23.19,Sciences sociales,Montreal,H3T,45693,13,16.3,0,0
C009828,29.84,Sante,Capitale-Nationale,G1R,49566,7,9.8,0,1
C003721,25.28,Arts et lettres,Cote-Nord,G5B,51645,16,262.7,0,0
C009188,30.82,Sciences,Cote-Nord,G0G,77442,12,92.7,1,1
C013136,31.24,Sciences sociales,Cote-Nord,G0G,36665,18,126.2,1,1
C005490,30.59,Sciences,Capitale-Nationale,G3A,66747,10,20.0,0,1
C002421,30.1,Sciences,Capitale-Nationale,G1V,64428,13,15.0,0,1
C007646,28.48,Sante,Montreal,H2X,57814,13,16.7,1,1
C002773,33.64,Genie,Montreal,H2X,39452,9,17.4,0,1
C010675,27.29,Arts et lettres,Montreal,H3T,100479,14,7.2,1,1
C011383,25.33,Sciences sociales,Capitale-Nationale,G1R,83205,11,22.9,0,0
C002128,24.51,Genie,Bas-Saint-Laurent,G5N,54019,13,67.4,1,0
C011638,28.53,Sciences sociales,Montreal,H4L,62442,10,14.5,1,1
C004879,29.94,Genie,Cote-Nord,G0G,18959,11,366.7,0,0
C000289,33.61,Arts et lettres,Montreal,H8N,76548,12,25.5,0,1
C000074,25.0,Arts et lettres,Montreal,H1A,75073,7,47.4,0,0
C000757,28.48,Sante,Montreal,H3T,49547,4,22.7,0,0
C001151,24.22,Sante,Gaspesie-Iles-de-la-Madeleine,G4X,69447,15,348.3,0,0
C000749,27.59,Sciences,Gaspesie-Iles-de-la-Madeleine,G4X,82733,10,208.6,0,0
C007799,31.57,Arts et lettres,Cote-Nord,G5B,51445,12,264.6,0,1
C002127,23.5,Genie,Capitale-Nationale,G3A,76218,11,33.2,0,0
C006918,24.29,Sciences sociales,Capitale-Nationale,G2E,97246,8,28.1,0,0
C011027,22.4,Arts et lettres,Gaspesie-Iles-de-la-Madeleine,G5C,70001,16,274.9,1,0
C007013,28.8,Sciences sociales,Capitale-Nationale,G2E,70527,12,17.5,0,0
C005774,34.39,Sante,Bas-Saint-Laurent,G5N,73214,10,249.6,1,1
C001126,31.39,Sciences,Montreal,H2X,40186,11,20.5,0,1
C007767,26.82,Genie,Montreal,H3T,69422,8,9.9,1,1
C004860,25.72,Arts et lettres,Capitale-Nationale,G2E,55232,7,4.7,1,0
C003732,27.22,Genie,Montreal,H1A,56845,11,12.4,0,0
C008837,31.12,Sante,Capitale-Nationale,G1R,137770,12,13.9,0,1
C010656,32.04,Arts et lettres,Capitale-Nationale,G3A,120428,9,13.3,0,1
C006913,30.69,Genie,Montreal,H8N,41161,9,6.7,1,1
C001644,29.12,Sciences sociales,Bas-Saint-Laurent,G5L,36498,13,81.0,1,0
C013111,25.23,Sciences sociales,Gaspesie-Iles-de-la-Madeleine,G5C,62502,13,204.2,1,0
C013337,26.13,Genie,Gaspesie-Iles-de-la-Madeleine,G4X,32552,12,90.8,0,0
C011391,30.64,Sciences sociales,Capitale-Nationale,G2E,162685,9,36.5,0,1
C012257,30.18,Sciences,Montreal,H8N,100909,6,33.8,0,1
C008067,28.27,Sciences sociales,Cote-Nord,G0G,45952,14,153.9,1,0
C001319,26.52,Arts et lettres,Bas-Saint-Laurent,G5N,34049,13,102.6,1,0
C002672,25.85,Sciences sociales,Montreal,H2X,87534,8,13.7,1,0
C010454,25.12,Genie,Montreal,H2X,58888,10,21.2,0,0
C004827,23.24,Genie,Cote-Nord,G4R,35157,13,222.2,0,0
C004602,28.49,Genie,Montreal,H3T,67932,6,0.5,0,1
C003632,31.82,Sciences sociales,Montreal,H3T,103174,11,33.2,1,1
C000595,28.34,Sciences sociales,Montreal,H4L,73867,8,11.7,0,1
C013912,33.68,Sante,Capitale-Nationale,G1V,89684,14,6.6,0,1
C001916,30.81,Arts et lettres,Gaspesie-Iles-de-la-Madeleine,G4X,88414,18,211.3,0,1
C000854,29.27,Arts et lettres,Capitale-Nationale,G1R,95421,8,33.5,0,1
C003710,20.44,Sciences sociales,Montreal,H2X,63402,7,14.5,1,0
C008648,27.82,Sante,Capitale-Nationale,G1R,91450,4,20.7,0,0
C001409,28.09,Sciences sociales,Bas-Saint-Laurent,G5N,55818,21,192.2,0,0
C000906,26.33,Genie,Montreal,H4L,65626,5,36.6,0,0
C008636,25.75,Sciences sociales,Montreal,H8N,50289,9,48.9,0,0
C011514,24.74,Sante,Capitale-Nationale,G2E,113407,10,53.7,1,0
C012619,26.07,Sciences,Cote-Nord,G0G,41044,8,163.0,1,0
C004596,28.9,Sciences sociales,Montreal,H8N,110803,6,8.9,0,1
C009195,27.17,Genie,Capitale-Nationale,G1V,31412,14,12.9,0,0
C003019,29.64,Genie,Capitale-Nationale,G1V,97902,10,2.7,0,1
C006895,28.22,Genie,Capitale-Nationale,G1V,52247,8,13.6,0,1
C000820,26.16,Sciences sociales,Montreal,H8N,93664,9,5.9,0,1
C007952,26.3,Sciences sociales,Gaspesie-Iles-de-la-Madeleine,G0C,54995,14,377.5,1,0
C005963,27.48,Sante,Gaspesie-Iles-de-la-Madeleine,G0C,62850,9,130.7,1,0
C010477,37.17,Sante,Bas-Saint-Laurent,G0L,46002,18,166.2,0,1
C007604,27.28,Genie,Montreal,H1A,48147,7,45.7,0,1
C008505,26.7,Sciences sociales,Cote-Nord,G0G,74511,10,224.8,1,1
C011534,27.71,Sciences,Bas-Saint-Laurent,G5N,42328,19,114.7,0,0
C012921,26.4,Sciences,Bas-Saint-Laurent,G5N,34415,11,304.4,0,0
C010200,31.08,Sante,Montreal,H3T,70768,8,11.0,1,1
C002109,28.07,Sante,Bas-Saint-Laurent,G0L,24219,10,316.1,0,0
C006817,27.93,Sciences,Bas-Saint-Laurent,G0L,82159,18,265.1,0,1
C004932,25.51,Sciences,Montreal,H3T,32091,2,14.3,0,0
C002456,28.36,Sciences sociales,Capitale-Nationale,G2E,62214,6,5.5,1,1
C008376,28.39,Arts et lettres,Montreal,H2X,43176,10,8.3,0,1
C000489,29.38,Sante,Gaspesie-Iles-de-la-Madeleine,G5C,25764,9,84.5,0,0
C006173,27.17,Sante,Capitale-Nationale,G2E,101680,10,15.6,0,1
C002930,32.27,Sante,Montreal,H3T,45331,6,10.6,1,1
C004336,28.38,Arts et lettres,Capitale-Nationale,G1V,55974,18,35.4,0,1
C008710,25.81,Sciences,Montreal,H4L,51394,4,8.4,1,0
C007336,28.24,Sciences,Cote-Nord,G5B,85585,9,223.4,0,0
C011812,30.86,Genie,Capitale-Nationale,G1V,56108,9,22.7,0,1
C012011,28.66,Sciences,Cote-Nord,G5B,35170,14,160.6,0,0
C010063,29.05,Sante,Montreal,H1A,65274,10,12.1,0,1
C006466,29.08,Genie,Bas-Saint-Laurent,G5N,33554,14,212.2,1,0
C003253,29.78,Sciences sociales,Capitale-Nationale,G3A,79182,11,0.9,1,1
C003412,28.33,Arts et lettres,Capitale-Nationale,G2E,142616,13,31.0,0,1
C007133,21.07,Sciences,Bas-Saint-Laurent,G5L,92610,18,290.4,1,0
C003666,28.21,Arts et lettres,Montreal,H4L,100560,13,36.5,0,1
C009722,28.25,Sciences,Cote-Nord,G0G,42383,15,205.6,0,0
C001694,30.47,Sciences sociales,Bas-Saint-Laurent,G0L,22063,12,70.0,0,1
C005476,26.61,Arts et lettres,Bas-Saint-Laurent,G5N,27170,13,278.1,0,0
C006985,28.05,Genie,Montreal,H3T,53894,11,20.6,1,0
C001614,24.98,Sciences sociales,Cote-Nord,G5B,48538,11,227.7,0,0
C001941,25.14,Sciences sociales,Capitale-Nationale,G3A,85548,13,1.7,0,0
C000665,24.29,Genie,Montreal,H1A,46664,6,5.0,0,0
C011083,26.42,Genie,Gaspesie-Iles-de-la-Madeleine,G5C,66926,15,133.4,1,0
C012236,26.33,Genie,Montreal,H8N,44024,7,22.5,1,0
C009794,28.13,Arts et lettres,Montreal,H8N,37972,12,24.1,0,0
C009224,29.34,Arts et lettres,Gaspesie-Iles-de-la-Madeleine,G0C,40222,14,148.1,0,0
C002703,23.8,Sciences sociales,Capitale-Nationale,G1R,104715,9,30.0,0,0
C011365,31.96,Sciences sociales,Cote-Nord,G0G,40020,9,172.5,0,1
C004548,27.81,Sciences,Montreal,H3T,100188,8,2.4,0,0
C000554,27.6,Arts et lettres,Montreal,H2X,46353,2,30.1,0,0
C011885,28.07,Arts et lettres,Montreal,H8N,64156,13,8.1,0,1
C006045,27.74,Arts et lettres,Gaspesie-Iles-de-la-Madeleine,G4X,57707,14,171.2,0,0
C011953,29.48,Sciences,Capitale-Nationale,G2E,70880,4,25.1,1,1
C001658,25.51,Sante,Montreal,H4L,53111,13,19.8,0,0
C002144,28.89,Sciences sociales,Montreal,H4L,51654,10,28.1,0,1
C011677,23.75,Arts et lettres,Gaspesie-Iles-de-la-Madeleine,G0C,40831,11,158.8,1,0
C007797,34.66,Genie,Capitale-Nationale,G1V,90058,6,7.7,0,1
C008922,21.94,Sciences sociales,Cote-Nord,G5B,39880,14,342.3,1,0
C000436,27.54,Sciences sociales,Bas-Saint-Laurent,G5L,88408,10,160.5,0,0
C012213,25.83,Sciences sociales,Gaspesie-Iles-de-la-Madeleine,G4X,63021,16,203.5,1,0
C005778,24.23,Sante,Montreal,H8N,54780,7,6.5,1,0
C005041,28.67,Sante,Capitale-Nationale,G1R,67273,5,10.1,0,1
C006646,26.22,Sciences sociales,Montreal,H2X,71294,11,15.1,0,0
C000728,31.52,Genie,Montreal,H4L,86601,10,11.5,1,1
C007665,26.89,Sante,Capitale-Nationale,G1R,88556,7,4.1,0,0
C006022,30.43,Sciences,Cote-Nord,G4R,67715,5,217.6,0,0
C006920,33.96,Sciences,Bas-Saint-Laurent,G5L,53336,18,350.4,0,1
C009012,30.36,Sciences sociales,Capitale-Nationale,G1V,44960,12,14.6,1,1
C006530,30.18,Genie,Capitale-Nationale,G1R,51733,2,8.6,1,1
C000843,29.6,Genie,Montreal,H8N,63837,13,12.3,0,1
C003331,26.22,Sciences,Cote-Nord,G5B,59539,9,105.2,0,0
C001924,30.42,Sciences,Montreal,H2X,52242,12,8.0,0,1
C003424,28.1,Genie,Montreal,H4L,100658,16,15.2,0,1
C003815,29.94,Sciences sociales,Cote-Nord,G4R,37403,13,106.6,0,0
C000573,30.34,Sciences,Gaspesie-Iles-de-la-Madeleine,G4X,25581,12,69.7,0,0
C011739,35.76,Sante,Montreal,H8N,44594,11,25.8,0,1
C000320,27.35,Sciences sociales,Capitale-Nationale,G2E,37418,9,7.0,0,0
C013819,29.27,Sciences,Montreal,H4L,92241,15,9.5,1,1
C002044,27.4,Sante,Cote-Nord,G4R,30383,14,317.7,1,0
C008061,25.09,Sante,Capitale-Nationale,G2E,47825,5,39.1,0,0
C005851,29.55,Sciences sociales,Capitale-Nationale,G1V,78742,8,41.0,0,1
C013961,30.0,Sciences sociales,Capitale-Nationale,G1V,109390,9,7.9,0,1
C002000,28.68,Sciences,Montreal,H3T,125041,12,15.7,0,1
C011584,26.26,Arts et lettres,Gaspesie-Iles-de-la-Madeleine,G5C,52295,9,242.7,0,0
C013958,33.73,Arts et lettres,Gaspesie-Iles-de-la-Madeleine,G4X,39121,13,434.2,0,1
C002306,25.02,Genie,Cote-Nord,G0G,29021,17,290.8,0,0
C005537,27.94,Sciences sociales,Gaspesie-Iles-de-la-Madeleine,G4X,29369,14,289.2,1,0
C005235,25.26,Sante,Montreal,H4L,128436,7,7.5,0,0
C009980,27.7,Sante,Montreal,H2X,68194,10,14.2,0,0
C009548,24.25,Arts et lettres,Bas-Saint-Laurent,G0L,39473,16,60.9,1,0
C013606,25.18,Sante,Cote-Nord,G5B,70972,15,330.9,1,0
C005337,31.79,Arts et lettres,Cote-Nord,G4R,40878,15,88.6,1,1
C007628,33.21,Sciences sociales,Montreal,H2X,31488,7,7.4,0,1
C006285,26.74,Arts et lettres,Capitale-Nationale,G1R,125765,7,31.2,1,1
C004373,23.85,Sante,Montreal,H2X,54423,4,34.1,1,0
C009035,31.2,Sciences,Bas-Saint-Laurent,G0L,65389,11,358.4,1,1
C004493,28.04,Sciences,Capitale-Nationale,G3A,105945,11,5.6,0,0
C009894,33.21,Sante,Capitale-Nationale,G3A,87014,8,47.7,0,1
C009334,26.85,Sante,Capitale-Nationale,G1V,92544,9,11.1,1,0
C011574,31.96,Arts et lettres,Cote-Nord,G5B,77203,9,286.7,1,1
C009122,30.28,Sciences,Bas-Saint-Laurent,G5L,64006,5,419.2,1,1
C003313,26.79,Arts et lettres,Capitale-Nationale,G1V,72925,9,14.2,0,1
C005117,29.24,Genie,Capitale-Nationale,G1R,92991,7,21.6,0,1
C010059,33.26,Sciences,Capitale-Nationale,G1V,41204,9,19.0,0,1
C013248,28.87,Sciences sociales,Montreal,H4L,59673,10,19.0,0,0
C006750,29.58,Sante,Bas-Saint-Laurent,G5N,38513,11,162.8,1,0
C009126,31.21,Sciences sociales,Bas-Saint-Laurent,G5N,30317,18,448.5,0,1
C008884,28.47,Sciences sociales,Montreal,H4L,101863,5,42.9,1,1
C008010,31.72,Sciences,Montreal,H3T,57613,15,7.7,0,1
C010757,30.37,Sciences,Gaspesie-Iles-de-la-Madeleine,G4X,54847,10,159.4,0,1
C010060,25.96,Sciences sociales,Montreal,H2X,137790,14,5.8,0,0
C005868,30.77,Sante,Montreal,H3T,74509,8,18.9,0,1
C010215,30.54,Genie,Montreal,H1A,49645,10,10.0,0,1
C007791,28.03,Sciences,Montreal,H3T,100636,5,42.6,0,0
C001728,24.03,Sciences,Montreal,H8N,113130,5,34.1,0,0
C006215,27.57,Genie,Montreal,H8N,103476,3,18.7,0,1
C005997,30.15,Sante,Montreal,H8N,54544,13,46.6,0,1
C003593,24.39,Sciences,Cote-Nord,G0G,108167,11,317.6,0,0
C006105,31.4,Sciences,Montreal,H8N,90193,5,9.1,0,1
C011592,26.39,Genie,Bas-Saint-Laurent,G5L,57537,9,280.6,0,0
C006612,29.04,Sciences sociales,Bas-Saint-Laurent,G5L,38155,21,128.3,0,0
C010937,25.53,Sciences,Cote-Nord,G4R,62884,13,131.0,0,0
C005292,28.69,Genie,Montreal,H8N,70307,9,8.6,0,1
C013791,31.16,Sciences sociales,Capitale-Nationale,G2E,62541,11,14.7,0,1
C004400,25.46,Sciences sociales,Capitale-Nationale,G3A,111828,11,1.7,0,0
C008507,23.65,Sciences sociales,Cote-Nord,G4R,92795,17,120.1,1,0
C010456,27.59,Arts et lettres,Montreal,H1A,42492,5,12.9,1,0
C010364,27.69,Genie,Bas-Saint-Laurent,G0L,31317,12,169.1,1,0
C004449,29.2,Sciences,Capitale-Nationale,G2E,25437,12,36.1,0,0
C006494,21.82,Sciences,Bas-Saint-Laurent,G5N,30999,16,312.2,0,0
C000845,26.54,Sciences sociales,Montreal,H3T,112982,8,14.6,1,0
C006871,31.08,Arts et lettres,Montreal,H2X,157021,10,3.5,1,1
C005881,28.65,Sciences sociales,Cote-Nord,G5B,39916,12,243.4,0,0
C011954,29.24,Genie,Cote-Nord,G5B,34432,13,179.2,1,0
C005842,27.14,Genie,Gaspesie-Iles-de-la-Madeleine,G5C,46571,16,538.2,0,1
C008142,25.77,Sante,Bas-Saint-Laurent,G5N,31669,7,202.4,0,0
C010550,28.94,Sciences sociales,Montreal,H1A,51804,4,14.3,1,0
C004739,29.94,Genie,Gaspesie-Iles-de-la-Madeleine,G0C,127244,10,366.5,1,0
C012064,26.23,Sciences,Capitale-Nationale,G1V,88653,11,6.1,0,0
C000725,28.42,Sciences sociales,Gaspesie-Iles-de-la-Madeleine,G4X,21746,17,591.5,0,0
C010097,30.87,Sante,Montreal,H3T,89185,8,13.3,1,1
C005434,24.68,Sciences sociales,Montreal,H3T,63014,9,21.0,1,0
C006543,31.94,Sciences sociales,Gaspesie-Iles-de-la-Madeleine,G4X,50352,9,116.6,0,1
C009624,33.37,Sante,Cote-Nord,G0G,62276,12,132.0,0,1
C008635,26.83,Sciences sociales,Montreal,H3T,64807,13,47.3,0,0
C011794,20.8,Sciences,Cote-Nord,G0G,33896,12,170.4,1,0
C000642,29.19,Sciences,Capitale-Nationale,G1R,60953,10,42.3,0,0
C000098,21.67,Sante,Capitale-Nationale,G2E,63741,10,8.7,1,0
C007909,28.41,Sciences sociales,Bas-Saint-Laurent,G0L,95213,6,257.1,1,0
C011180,27.82,Sciences sociales,Bas-Saint-Laurent,G5L,121675,13,208.9,0,0
C004670,26.68,Genie,Montreal,H1A,63228,11,9.6,0,0
C010541,26.34,Genie,Bas-Saint-Laurent,G5N,59050,14,196.1,0,0
C006059,30.55,Arts et lettres,Capitale-Nationale,G3A,38525,10,60.4,0,1
C012503,30.33,Sciences sociales,Montreal,H8N,85766,15,18.4,0,1
C011330,26.55,Sciences sociales,Cote-Nord,G5B,53445,11,126.7,0,0
C005144,24.05,Sante,Bas-Saint-Laurent,G5N,49634,10,358.2,0,0
C003470,32.24,Sciences sociales,Capitale-Nationale,G2E,62496,10,19.7,0,1
C013611,23.89,Sante,Gaspesie-Iles-de-la-Madeleine,G0C,51167,11,176.9,1,0
C012026,28.1,Genie,Cote-Nord,G0G,95736,11,170.6,0,0
C000479,26.1,Sciences,Capitale-Nationale,G3A,67317,11,10.7,0,0
C006977,28.67,Sante,Capitale-Nationale,G1V,126096,3,19.1,0,0
C009397,28.3,Sciences sociales,Capitale-Nationale,G2E,37388,4,38.0,0,0
C000825,24.98,Arts et lettres,Montreal,H4L,57254,9,26.4,0,0
C013622,27.11,Arts et lettres,Cote-Nord,G0G,37374,19,263.7,0,0
C006396,30.09,Genie,Cote-Nord,G4R,61158,9,149.0,1,1
C007396,23.69,Arts et lettres,Capitale-Nationale,G1V,119032,12,10.9,0,0
C013598,31.15,Sante,Cote-Nord,G5B,37435,18,512.5,1,1
C010337,25.31,Sante,Bas-Saint-Laurent,G5L,46950,14,228.8,1,0
C002018,22.37,Sante,Bas-Saint-Laurent,G5N,156876,17,330.3,1,0
C003533,31.11,Arts et lettres,Gaspesie-Iles-de-la-Madeleine,G0C,57593,10,234.8,1,1
C008377,26.5,Sciences,Capitale-Nationale,G1R,96459,6,17.7,0,0
C000579,25.58,Sante,Capitale-Nationale,G1R,47690,8,19.2,0,0
C001021,27.73,Sciences,Capitale-Nationale,G2E,106617,3,34.5,0,0
C013490,28.73,Genie,Montreal,H4L,77160,10,18.1,1,1
C010600,29.95,Sante,Montreal,H8N,43592,9,26.5,0,1
C001508,29.66,Sante,Capitale-Nationale,G2E,59758,5,24.9,0,1
C006775,25.69,Sante,Capitale-Nationale,G2E,66616,7,19.4,0,0
C000263,30.92,Sciences sociales,Capitale-Nationale,G1R,45381,12,15.6,1,1
C009688,28.18,Sciences,Capitale-Nationale,G1V,27494,5,86.1,1,0
C001070,30.1,Sante,Gaspesie-Iles-de-la-Madeleine,G0C,49146,10,158.0,1,0
C005408,27.54,Genie,Gaspesie-Iles-de-la-Madeleine,G5C,42647,17,293.8,0,1
C006100,31.0,Genie,Cote-Nord,G5B,90590,12,222.1,1,1
C004949,30.47,Genie,Capitale-Nationale,G2E,109259,8,13.2,0,1
C010873,20.48,Sciences,Montreal,H1A,40585,5,18.8,0,0
C011142,29.86,Sciences,Gaspesie-Iles-de-la-Madeleine,G5C,44567,16,138.2,1,1
C000747,25.58,Arts et lettres,Capitale-Nationale,G3A,59355,14,28.5,1,0
C012352,25.22,Arts et lettres,Cote-Nord,G5B,99196,20,290.9,1,0
C004434,29.94,Arts et lettres,Capitale-Nationale,G1R,72433,9,13.1,0,1
C010993,30.06,Genie,Montreal,H4L,99105,11,27.3,0,1
C007979,30.06,Genie,Montreal,H2X,64696,11,19.7,1,1
C013656,30.05,Genie,Montreal,H8N,38237,11,24.9,0,0
C004022,28.92,Sciences sociales,Montreal,H4L,92301,8,59.7,0,1
C000355,31.95,Sciences sociales,Montreal,H3T,57729,11,4.1,0,1
C005320,24.07,Sciences sociales,Bas-Saint-Laurent,G5L,43833,11,134.6,1,0
C007494,27.02,Arts et lettres,Montreal,H1A,68588,10,20.1,0,0
C005228,31.88,Genie,Montreal,H4L,66780,8,18.1,0,1
C011620,22.72,Arts et lettres,Gaspesie-Iles-de-la-Madeleine,G5C,63744,15,170.9,0,0
C011382,30.1,Sciences,Capitale-Nationale,G2E,91304,12,13.6,0,1
C003906,31.23,Sciences,Capitale-Nationale,G1V,143592,6,10.4,0,1
C008402,30.13,Genie,Montreal,H4L,75851,5,18.5,0,1
C011086,24.32,Arts et lettres,Capitale-Nationale,G1R,62752,9,18.6,1,0
C012166,25.82,Sciences,Gaspesie-Iles-de-la-Madeleine,G4X,46380,12,256.7,0,0
C009507,28.26,Sciences sociales,Montreal,H8N,47786,4,20.3,0,0
C008369,27.71,Arts et lettres,Montreal,H1A,84765,10,11.8,0,1
C007354,25.94,Arts et lettres,Gaspesie-Iles-de-la-Madeleine,G5C,53868,16,148.4,1,0
C010819,27.39,Sciences sociales,Montreal,H3T,62340,9,17.0,0,0
C004682,29.95,Genie,Montreal,H2X,156533,4,9.4,0,1
C007945,28.26,Sciences sociales,Bas-Saint-Laurent,G0L,65274,16,275.9,0,0
C002705,26.86,Arts et lettres,Montreal,H3T,111644,7,40.0,0,0
C009917,31.74,Genie,Capitale-Nationale,G2E,54060,6,24.1,0,1
C007418,30.06,Sante,Montreal,H2X,95785,12,21.8,1,1
C010129,29.79,Sciences,Bas-Saint-Laurent,G0L,79157,14,92.5,1,1
C008009,29.38,Genie,Gaspesie-Iles-de-la-Madeleine,G4X,50587,6,425.6,0,1
C001062,27.87,Sciences sociales,Cote-Nord,G0G,32734,11,66.1,1,0
C009721,24.1,Genie,Capitale-Nationale,G1R,89445,6,20.2,0,0
C011702,27.45,Arts et lettres,Montreal,H1A,44243,10,4.4,0,0
C009760,28.98,Arts et lettres,Bas-Saint-Laurent,G0L,107193,13,409.2,1,1
C008381,30.69,Genie,Montreal,H1A,185148,10,5.6,0,1
C011932,28.22,Sciences,Bas-Saint-Laurent,G5N,85811,10,295.7,1,0
C001366,28.99,Sciences,Cote-Nord,G5B,118790,8,378.6,0,1
C006837,19.89,Genie,Bas-Saint-Laurent,G5N,59180,17,245.1,0,0
C006948,27.57,Genie,Montreal,H1A,120231,4,34.8,0,1
C001467,23.88,Sciences,Cote-Nord,G4R,89959,17,326.4,0,0
C008817,24.28,Sciences sociales,Montreal,H1A,60821,14,46.7,1,0
C007671,26.89,Sciences,Montreal,H4L,70183,11,24.8,1,0
C013302,25.85,Arts et lettres,Montreal,H3T,118737,6,16.6,1,0
C009818,22.49,Sante,Montreal,H8N,52467,7,54.8,0,0
C008907,22.43,Sciences sociales,Cote-Nord,G5B,27748,17,123.8,1,0
C002332,27.33,Arts et lettres,Capitale-Nationale,G1V,51539,10,25.4,0,0
C003155,33.42,Sante,Montreal,H2X,63270,6,12.7,0,1
C003894,26.84,Sciences,Bas-Saint-Laurent,G5L,81423,17,230.1,0,0
C012901,27.52,Sciences,Capitale-Nationale,G2E,46105,7,5.6,0,0
C013486,32.73,Arts et lettres,Gaspesie-Iles-de-la-Madeleine,G0C,24570,10,87.9,0,1
C009052,22.18,Sciences,Cote-Nord,G4R,65692,10,332.2,0,0
C010637,27.14,Genie,Gaspesie-Iles-de-la-Madeleine,G0C,62663,9,187.2,0,0
C009211,25.04,Sciences sociales,Montreal,H1A,44175,2,45.4,1,0
C009939,28.07,Genie,Montreal,H8N,88403,4,26.0,1,0
C012093,30.48,Arts et lettres,Cote-Nord,G0G,60011,10,298.5,1,1
C003393,22.28,Sante,Cote-Nord,G5B,22763,17,264.4,1,0
C012288,33.09,Sciences sociales,Montreal,H2X,69788,8,6.4,1,1
C009307,34.17,Genie,Montreal,H1A,122752,10,12.8,1,1
C004825,27.84,Arts et lettres,Montreal,H3T,44231,4,5.2,0,0
C010961,32.54,Genie,Capitale-Nationale,G1V,146577,9,5.5,0,1
C006638,28.77,Sante,Montreal,H2X,31598,10,21.3,1,1
C013053,27.28,Genie,Montreal,H1A,62200,5,3.1,0,0
C010428,28.44,Sciences sociales,Bas-Saint-Laurent,G5L,45694,9,122.6,1,0
C010248,27.27,Arts et lettres,Capitale-Nationale,G1R,92928,10,16.9,0,1
C004006,28.53,Genie,Bas-Saint-Laurent,G0L,83531,19,194.9,0,1
C000572,25.41,Genie,Montreal,H2X,100723,6,9.7,1,0
C000919,28.84,Sante,Gaspesie-Iles-de-la-Madeleine,G5C,58524,16,53.6,0,1
C012774,25.65,Sciences,Montreal,H4L,77906,15,43.4,1,1
C003610,25.95,Arts et lettres,Montreal,H8N,123074,7,14.6,0,0
C012053,23.08,Genie,Cote-Nord,G5B,50922,14,237.7,1,0
C010140,25.5,Arts et lettres,Capitale-Nationale,G1R,184672,10,13.6,1,0
C005247,32.0,Genie,Montreal,H4L,96842,4,6.2,0,1
C008964,21.25,Genie,Cote-Nord,G0G,31212,15,236.1,0,0
C005046,31.33,Sciences,Bas-Saint-Laurent,G5L,72291,11,265.2,1,1
C007036,36.69,Sciences,Montreal,H8N,62235,4,18.4,0,1
C006407,28.1,Sciences sociales,Capitale-Nationale,G1V,66105,6,3.8,0,1
C002693,25.73,Sante,Gaspesie-Iles-de-la-Madeleine,G4X,58364,16,318.2,1,0
C011350,29.32,Sciences,Capitale-Nationale,G3A,143114,8,35.7,0,1
C012469,34.39,Genie,Capitale-Nationale,G2E,128439,7,21.5,0,1
C005068,26.4,Arts et lettres,Montreal,H1A,94910,8,3.9,0,0
C011897,30.45,Genie,Montreal,H4L,45835,9,27.3,0,1
C003577,26.22,Sante,Montreal,H1A,35607,10,31.6,0,0
C002944,24.0,Sciences,Capitale-Nationale,G2E,106700,9,11.6,0,0
C003462,27.97,Sciences,Montreal,H2X,68561,8,9.3,0,0
C009149,33.39,Genie,Cote-Nord,G0G,46927,16,276.6,1,1
C005516,26.19,Sante,Montreal,H8N,133256,6,20.5,0,0
C001673,27.69,Sciences,Cote-Nord,G4R,49085,22,42.8,1,0
C001047,25.99,Sciences sociales,Montreal,H2X,54365,9,19.1,0,0
C008388,26.33,Genie,Montreal,H2X,78280,4,25.1,0,0
C004011,26.84,Sciences sociales,Capitale-Nationale,G3A,67778,10,11.9,0,0
C012244,29.79,Arts et lettres,Capitale-Nationale,G3A,53665,9,12.2,0,1
C008491,26.89,Sciences,Capitale-Nationale,G1R,119474,3,8.1,0,0
C013402,30.15,Sante,Montreal,H1A,67222,14,18.0,0,1
C009071,28.72,Arts et lettres,Capitale-Nationale,G2E,86537,8,24.7,0,1
C000439,30.2,Arts et lettres,Capitale-Nationale,G1R,59201,10,16.1,0,1
C003943,29.22,Arts et lettres,Gaspesie-Iles-de-la-Madeleine,G5C,67346,17,331.0,1,0
C012227,27.84,Sciences sociales,Montreal,H4L,73990,10,12.8,0,1
C002922,26.52,Sante,Montreal,H3T,53969,16,32.6,0,1
C001853,29.18,Sciences,Montreal,H1A,80308,8,32.5,0,1
C005985,27.77,Genie,Montreal,H8N,47443,6,47.1,1,0
C000476,25.31,Sciences,Montreal,H1A,61837,11,11.9,0,0
C008771,29.51,Sciences sociales,Montreal,H3T,108471,8,63.1,0,1
C013371,29.45,Genie,Capitale-Nationale,G3A,51556,7,20.7,0,0
C010546,26.33,Sciences,Gaspesie-Iles-de-la-Madeleine,G0C,28006,14,150.0,1,0
C007854,25.67,Sciences,Montreal,H4L,174367,11,8.7,0,0
C011175,27.3,Arts et lettres,Cote-Nord,G5B,63507,16,97.7,0,0
C001435,24.56,Sciences,Gaspesie-Iles-de-la-Madeleine,G5C,61986,18,166.8,0,0
C011074,27.75,Sciences,Montreal,H2X,55799,8,12.0,0,0
C003669,29.02,Sciences sociales,Cote-Nord,G4R,53094,17,232.9,1,1
C009845,27.18,Sciences,Montreal,H8N,49808,13,33.5,0,0
C003380,31.64,Arts et lettres,Bas-Saint-Laurent,G0L,30961,10,364.2,1,1
C004609,27.99,Sante,Capitale-Nationale,G2E,65764,7,40.7,0,0
C011720,27.62,Genie,Montreal,H3T,54793,8,37.9,0,0
C002764,28.19,Genie,Capitale-Nationale,G3A,80040,10,16.4,1,0
C004902,27.31,Sciences,Capitale-Nationale,G2E,83607,8,29.4,0,0
C010772,28.69,Arts et lettres,Gaspesie-Iles-de-la-Madeleine,G5C,63139,21,98.8,1,1
C003490,25.57,Sciences,Cote-Nord,G5B,78546,14,125.3,1,0
C002620,30.19,Genie,Capitale-Nationale,G2E,45548,7,18.7,0,1
C004383,24.62,Arts et lettres,Gaspesie-Iles-de-la-Madeleine,G4X,61782,15,41.8,1,0
C008166,22.81,Sciences,Capitale-Nationale,G2E,21702,10,21.2,0,0
C008261,25.33,Sante,Cote-Nord,G4R,41908,11,163.6,0,0
C003372,25.73,Sciences sociales,Montreal,H2X,49228,9,9.8,0,1
C009287,25.38,Sciences,Capitale-Nationale,G3A,76302,12,8.5,0,0
C011189,25.93,Sante,Cote-Nord,G4R,33694,10,258.5,0,0
C004821,25.2,Genie,Montreal,H3T,28997,10,24.3,0,0
C010719,31.8,Sciences,Capitale-Nationale,G1R,83818,10,8.0,0,1
C013608,32.18,Sciences,Montreal,H4L,62399,6,31.5,0,1
C002405,27.45,Sciences sociales,Bas-Saint-Laurent,G5L,64125,8,230.1,0,0
C006578,27.05,Arts et lettres,Montreal,H1A,34757,9,33.2,1,0
C010522,27.92,Arts et lettres,Gaspesie-Iles-de-la-Madeleine,G4X,19849,23,242.5,0,1
C008320,24.09,Genie,Gaspesie-Iles-de-la-Madeleine,G5C,41246,13,157.6,0,0
C010255,29.61,Genie,Cote-Nord,G0G,90766,8,249.7,0,1
C008263,28.12,Sciences,Cote-Nord,G5B,104902,16,181.8,0,0
C013977,18.54,Genie,Cote-Nord,G5B,91647,14,247.1,0,0
C011921,23.53,Sciences sociales,Bas-Saint-Laurent,G0L,50982,13,91.7,1,0
C007287,31.29,Sante,Bas-Saint-Laurent,G5L,29687,17,212.9,0,1
C006500,28.11,Arts et lettres,Montreal,H2X,140455,8,7.5,0,1
C000095,27.63,Genie,Montreal,H2X,50238,9,28.3,0,0
C002263,26.01,Sciences sociales,Bas-Saint-Laurent,G5L,51240,14,211.8,1,0
C008262,29.27,Sciences,Montreal,H2X,117627,11,5.2,0,1
C004377,26.88,Arts et lettres,Montreal,H1A,49575,9,25.1,0,0
C012142,28.63,Sante,Montreal,H1A,50149,7,14.3,0,0
C012567,29.19,Sante,Gaspesie-Iles-de-la-Madeleine,G5C,36179,13,82.1,1,0
C010581,27.6,Sciences sociales,Montreal,H8N,45414,9,13.1,0,0
C005190,32.31,Sante,Montreal,H2X,69129,16,23.2,0,1
C011213,27.17,Arts et lettres,Capitale-Nationale,G3A,42211,4,43.4,0,0
C003212,25.52,Sciences,Capitale-Nationale,G3A,40788,3,41.1,0,0
C013303,18.52,Sciences sociales,Capitale-Nationale,G2E,44175,11,10.0,0,0
C010486,20.06,Genie,Gaspesie-Iles-de-la-Madeleine,G5C,27321,13,143.0,1,0
C003638,31.31,Arts et lettres,Capitale-Nationale,G1R,97743,6,8.0,0,1
C002398,22.89,Sciences sociales,Bas-Saint-Laurent,G5N,33425,13,247.2,1,0
C002924,30.13,Sciences,Capitale-Nationale,G3A,99635,10,14.1,0,1
C007015,36.69,Genie,Capitale-Nationale,G1R,40042,11,30.0,0,1
C011550,22.8,Sciences sociales,Montreal,H1A,74848,12,8.2,0,0
C003758,23.68,Sciences sociales,Cote-Nord,G0G,77318,10,100.7,0,0
C010860,24.08,Genie,Capitale-Nationale,G1V,96990,5,17.8,0,0
C012484,25.59,Sante,Montreal,H2X,40146,6,42.6,0,0
C002971,29.04,Sciences sociales,Montreal,H4L,57675,12,6.4,0,1
C002897,24.01,Genie,Gaspesie-Iles-de-la-Madeleine,G5C,49961,20,315.3,0,0
C011513,25.88,Sciences,Bas-Saint-Laurent,G5L,79446,13,149.7,0,0
C013767,26.34,Genie,Capitale-Nationale,G3A,43529,5,15.3,0,0
C004806,32.88,Genie,Capitale-Nationale,G1R,86510,10,24.0,1,1
C011660,29.62,Sante,Montreal,H3T,101155,6,22.3,0,1
C013518,26.63,Sciences,Bas-Saint-Laurent,G0L,71004,19,295.3,1,0
C007615,23.54,Genie,Gaspesie-Iles-de-la-Madeleine,G5C,77066,5,195.6,0,0
C013786,29.18,Sante,Gaspesie-Iles-de-la-Madeleine,G5C,36308,7,144.2,0,0
C000965,23.96,Sciences sociales,Capitale-Nationale,G2E,100919,7,12.2,0,0
C001482,28.35,Sante,Montreal,H1A,107189,4,23.0,0,1
C000970,28.96,Genie,Capitale-Nationale,G1V,95742,11,22.3,1,1
C005787,26.07,Arts et lettres,Capitale-Nationale,G1V,85969,5,15.5,1,0
C002513,30.85,Genie,Montreal,H8N,71082,4,27.9,0,0
C013970,26.43,Sante,Montreal,H4L,57782,9,23.2,0,0
C010575,29.53,Sciences sociales,Cote-Nord,G5B,19732,11,94.4,1,0
C010432,26.37,Sciences sociales,Montreal,H3T,79157,12,26.0,0,1
C009097,26.79,Sante,Montreal,H1A,178598,5,25.5,1,0
C013618,29.53,Genie,Capitale-Nationale,G1R,40831,8,12.2,1,0
C012744,26.3,Arts et lettres,Gaspesie-Iles-de-la-Madeleine,G0C,35501,13,410.4,1,0
C003441,28.31,Genie,Montreal,H4L,72178,14,16.1,0,1
C001264,28.28,Genie,Gaspesie-Iles-de-la-Madeleine,G4X,27121,15,314.7,0,0
C000212,28.7,Sciences,Bas-Saint-Laurent,G5N,17443,12,425.0,0,0
C005625,23.55,Sciences,Gaspesie-Iles-de-la-Madeleine,G4X,100676,16,309.0,0,0
C002947,29.72,Sciences,Montreal,H4L,94938,9,13.1,0,0
C010904,26.29,Sciences sociales,Bas-Saint-Laurent,G5N,33901,10,167.8,1,0
C000200,24.02,Sciences sociales,Capitale-Nationale,G3A,110164,10,7.6,0,0
C003288,29.52,Sciences sociales,Bas-Saint-Laurent,G5L,58737,13,220.2,1,1
C002357,24.39,Sciences sociales,Gaspesie-Iles-de-la-Madeleine,G0C,49787,12,123.3,1,0
C007941,26.29,Sante,Bas-Saint-Laurent,G5L,51173,10,123.7,0,0
C005233,32.96,Arts et lettres,Montreal,H2X,60534,10,8.5,0,1
C004722,26.62,Sante,Bas-Saint-Laurent,G5L,30666,13,242.6,0,0
C003584,28.41,Sante,Gaspesie-Iles-de-la-Madeleine,G5C,37602,7,220.5,0,0
C008676,32.56,Genie,Montreal,H4L,216578,4,4.0,0,1
C004621,26.61,Sante,Montreal,H8N,88515,3,40.3,0,0
C005032,29.32,Arts et lettres,Gaspesie-Iles-de-la-Madeleine,G5C,31744,15,321.0,0,0
C004437,27.41,Arts et lettres,Montreal,H2X,74004,8,35.6,0,0
C003142,31.46,Sciences sociales,Capitale-Nationale,G3A,43043,11,33.0,0,1
C003023,24.91,Genie,Capitale-Nationale,G1V,50446,10,21.4,0,0
C008077,30.62,Sciences,Capitale-Nationale,G3A,95044,9,8.7,1,1
C007720,31.84,Sante,Cote-Nord,G0G,34923,11,123.4,0,1
C008423,29.22,Sante,Montreal,H3T,129381,7,8.4,0,1
C006376,25.47,Sante,Montreal,H3T,33083,10,17.2,0,0
C012154,23.6,Sante,Montreal,H3T,166321,10,30.3,0,0
C008836,29.03,Arts et lettres,Montreal,H2X,73471,6,5.2,0,0
C013649,22.16,Sciences,Montreal,H1A,111347,6,11.0,1,0
C013210,29.71,Genie,Montreal,H2X,97042,13,14.9,0,1
C001119,28.9,Sciences,Capitale-Nationale,G2E,86667,8,15.8,0,1
C005358,25.57,Arts et lettres,Cote-Nord,G0G,24643,9,232.5,0,0
C011873,29.14,Sciences,Montreal,H4L,92397,5,18.6,0,1
C005855,20.24,Genie,Montreal,H3T,39541,8,11.7,0,0
C000512,25.94,Genie,Montreal,H3T,47334,8,13.7,0,0
C012806,30.15,Genie,Montreal,H3T,71590,3,5.3,0,0
C000294,24.8,Sciences,Montreal,H1A,155565,5,10.8,0,0
C007742,24.71,Sciences,Montreal,H8N,50510,12,16.2,0,0
C005050,26.34,Sciences,Montreal,H8N,77791,12,5.7,1,0
C004969,31.95,Genie,Gaspesie-Iles-de-la-Madeleine,G0C,29085,19,301.2,1,1
C004604,23.38,Sciences,Montreal,H4L,46157,13,10.9,0,0
C009522,31.19,Sciences sociales,Capitale-Nationale,G3A,52804,10,36.8,0,1
C013690,26.3,Sante,Montreal,H3T,113405,10,45.4,1,0
C009123,34.72,Genie,Montreal,H3T,147389,8,25.2,0,1
C000304,24.85,Sante,Bas-Saint-Laurent,G5N,46749,7,110.8,0,0
C004005,30.85,Sante,Capitale-Nationale,G1R,93442,6,27.3,0,1
C010115,25.06,Arts et lettres,Montreal,H8N,29801,8,7.4,0,0
C012502,29.02,Genie,Montreal,H2X,56837,12,22.3,0,1
C001039,25.77,Sciences,Bas-Saint-Laurent,G0L,87129,19,139.1,0,0
C004251,35.16,Sciences,Gaspesie-Iles-de-la-Madeleine,G0C,46580,14,452.5,1,1
C006013,25.47,Sciences,Capitale-Nationale,G1V,54670,10,18.8,1,0
C004661,30.02,Sante,Capitale-Nationale,G3A,63734,8,4.7,0,0
C004056,23.63,Genie,Capitale-Nationale,G1V,71332,8,25.5,0,0
C000933,32.66,Sciences,Capitale-Nationale,G1R,49568,12,4.5,1,1
C012822,25.69,Arts et lettres,Bas-Saint-Laurent,G5N,33848,14,144.7,0,0
C009398,28.27,Sciences sociales,Bas-Saint-Laurent,G5L,28525,12,113.6,0,0
C007764,26.42,Sciences sociales,Montreal,H3T,128446,10,17.6,0,0
C010312,27.73,Sciences,Capitale-Nationale,G3A,131456,8,28.6,0,1
C003725,24.92,Genie,Gaspesie-Iles-de-la-Madeleine,G0C,38540,14,243.9,0,0
C007860,27.23,Arts et lettres,Gaspesie-Iles-de-la-Madeleine,G4X,86735,11,128.4,0,0
C003413,30.68,Genie,Montreal,H2X,80466,7,31.4,1,1
C012572,27.14,Sciences,Cote-Nord,G4R,33747,13,342.9,0,0
C000070,26.4,Arts et lettres,Montreal,H3T,57439,9,9.4,0,0
C009546,30.69,Sciences,Montreal,H4L,37624,6,17.2,0,1
C008219,29.59,Sante,Montreal,H4L,147142,13,27.7,0,1
C001410,26.65,Sciences,Gaspesie-Iles-de-la-Madeleine,G0C,42444,19,572.7,1,0
C004723,28.95,Arts et lettres,Montreal,H1A,81166,7,11.0,0,1
C007288,20.69,Genie,Bas-Saint-Laurent,G5L,41670,9,202.5,0,0
C006784,30.47,Sante,Montreal,H4L,58905,10,12.4,0,1
C011028,32.02,Genie,Cote-Nord,G0G,105278,9,60.2,1,1
C011051,21.51,Sante,Gaspesie-Iles-de-la-Madeleine,G4X,136985,11,173.9,1,0
C000073,23.75,Genie,Montreal,H8N,82845,12,16.3,0,0
C001345,28.42,Sante,Montreal,H3T,50583,12,19.0,1,1
C013491,27.36,Sciences,Cote-Nord,G4R,98145,11,509.0,0,0
C010031,27.96,Genie,Montreal,H1A,45843,12,26.3,1,0
C003907,22.94,Arts et lettres,Montreal,H2X,41731,6,3.7,0,0
C006872,33.59,Sante,Montreal,H1A,36267,7,27.5,0,1
C003887,26.59,Sante,Capitale-Nationale,G1V,35431,7,6.2,0,0
C001437,28.19,Sciences sociales,Montreal,H3T,56244,9,12.5,0,1
C005968,21.07,Genie,Montreal,H4L,75777,11,8.0,0,0
C013051,31.02,Sciences,Capitale-Nationale,G1R,62842,12,6.0,0,1
C008400,30.95,Genie,Montreal,H3T,78716,11,19.1,0,1
C008807,28.0,Sante,Montreal,H3T,73956,9,6.1,0,0
C001152,28.91,Sciences,Montreal,H3T,54365,9,6.8,0,1
C010292,30.89,Arts et lettres,Bas-Saint-Laurent,G5L,56340,8,268.9,0,1
C012370,27.21,Sante,Gaspesie-Iles-de-la-Madeleine,G4X,25221,9,252.6,1,0
C012580,29.07,Genie,Montreal,H4L,86137,9,18.7,0,0
C006014,21.52,Sciences sociales,Bas-Saint-Laurent,G5L,46869,19,264.9,1,0
C005099,26.62,Arts et lettres,Capitale-Nationale,G1R,86454,11,5.5,0,1
C007131,29.21,Sciences,Montreal,H4L,86782,7,17.0,1,0
C008475,23.87,Sante,Montreal,H4L,87147,7,32.5,0,0
C002274,29.04,Arts et lettres,Gaspesie-Iles-de-la-Madeleine,G5C,26653,18,260.4,1,1
C007852,35.85,Genie,Capitale-Nationale,G1V,73021,12,8.9,1,1
C001845,30.14,Sciences,Montreal,H3T,66209,11,5.2,1,1
C000879,29.19,Genie,Bas-Saint-Laurent,G5L,74089,15,281.7,1,1
C011742,29.68,Sciences,Montreal,H2X,64771,9,16.6,0,1
C002339,31.38,Sciences,Gaspesie-Iles-de-la-Madeleine,G5C,42562,13,277.8,0,1
C008462,23.92,Arts et lettres,Capitale-Nationale,G1V,101793,14,22.3,0,0
C002362,28.16,Arts et lettres,Montreal,H2X,48401,9,11.2,0,0
C006480,32.18,Sciences sociales,Montreal,H8N,73449,6,18.4,0,1
C003183,30.1,Sciences,Montreal,H8N,53127,11,27.9,0,1
C007558,27.57,Genie,Gaspesie-Iles-de-la-Madeleine,G5C,101815,16,135.7,0,1
C008290,27.31,Arts et lettres,Capitale-Nationale,G1R,86670,10,21.8,0,1
C008883,27.88,Sciences,Capitale-Nationale,G3A,204869,9,21.1,0,1
C012532,30.87,Arts et lettres,Montreal,H1A,88872,11,10.9,1,1
C004943,27.38,Arts et lettres,Bas-Saint-Laurent,G5L,69891,13,167.8,1,0
C003174,23.12,Sciences,Cote-Nord,G5B,58640,17,278.1,1,0
C000895,31.62,Genie,Montreal,H3T,61755,12,33.7,0,1
C002798,25.76,Sciences,Montreal,H3T,106056,9,32.4,0,0
C008112,25.15,Sante,Gaspesie-Iles-de-la-Madeleine,G5C,29378,11,188.0,1,0
C010841,29.91,Sciences sociales,Capitale-Nationale,G2E,98355,7,17.5,0,1
C013183,28.59,Sciences sociales,Montreal,H8N,37693,6,2.4,0,0
C003230,29.12,Sciences sociales,Montreal,H3T,226345,8,19.7,1,1
C005082,30.77,Arts et lettres,Bas-Saint-Laurent,G5L,19410,10,360.4,0,0
C009683,30.52,Genie,Montreal,H3T,42875,8,28.9,0,1
C009217,23.84,Sciences,Montreal,H8N,35172,7,13.1,0,0
C004470,30.22,Arts et lettres,Cote-Nord,G0G,48818,23,121.8,1,1
C009545,28.02,Sciences,Bas-Saint-Laurent,G5N,30750,11,113.2,0,0
C012214,30.01,Sciences,Bas-Saint-Laurent,G5N,52827,6,278.4,1,1
C008506,26.79,Sante,Gaspesie-Iles-de-la-Madeleine,G4X,53411,11,327.5,0,0
C006734,30.36,Sciences sociales,Cote-Nord,G4R,34867,9,335.5,1,0
C006369,27.97,Sciences,Montreal,H2X,64119,9,6.4,0,1
C011057,26.36,Sciences,Montreal,H1A,56220,9,5.5,0,0
C005124,27.63,Sante,Gaspesie-Iles-de-la-Madeleine,G0C,40758,14,206.0,0,0
C011487,31.74,Sciences sociales,Capitale-Nationale,G3A,97479,10,13.5,0,1
C000183,30.27,Sante,Cote-Nord,G5B,73805,23,618.7,0,0
C009477,29.47,Sciences sociales,Cote-Nord,G4R,52875,15,216.1,0,1
C007164,25.85,Genie,Gaspesie-Iles-de-la-Madeleine,G4X,64037,11,219.7,1,0
C004706,24.86,Sante,Cote-Nord,G4R,48287,13,304.1,0,0
C012777,27.87,Sciences sociales,Cote-Nord,G5B,35757,7,186.9,1,0
C011405,27.36,Genie,Cote-Nord,G4R,20445,15,203.1,1,0
C008405,26.35,Sciences sociales,Cote-Nord,G5B,55907,11,261.5,1,0
C006401,22.96,Sciences sociales,Gaspesie-Iles-de-la-Madeleine,G4X,85598,8,313.3,0,0
C005767,30.01,Sciences,Capitale-Nationale,G1V,121741,7,9.2,1,1
C012500,28.21,Sciences,Bas-Saint-Laurent,G5L,86765,6,83.3,1,0
C010671,27.62,Sciences sociales,Cote-Nord,G0G,67063,17,400.0,0,1
C009405,25.54,Sciences sociales,Capitale-Nationale,G3A,46654,10,38.3,0,0
C008776,26.22,Sciences sociales,Bas-Saint-Laurent,G5L,31545,11,121.1,0,0
C012156,30.2,Sciences,Cote-Nord,G5B,58721,16,136.7,1,1
C003639,28.77,Sciences,Cote-Nord,G5B,60720,11,129.1,0,0
C011232,22.48,Genie,Capitale-Nationale,G1R,49582,6,13.4,0,0
C008669,25.93,Sciences,Capitale-Nationale,G1V,41951,13,37.0,0,0
C004276,26.85,Sciences,Montreal,H1A,46808,13,19.5,0,0
C012727,30.41,Sante,Montreal,H8N,41771,9,27.9,0,1
C011456,24.94,Sciences,Cote-Nord,G5B,59465,10,353.6,0,0
C006854,34.92,Genie,Montreal,H1A,67438,6,36.8,0,1
C011956,24.99,Genie,Montreal,H8N,63723,9,28.5,0,0
C005741,32.19,Genie,Capitale-Nationale,G2E,138015,4,21.8,0,1
C013963,29.81,Sante,Cote-Nord,G0G,46629,12,518.4,0,1
C000973,24.11,Sante,Gaspesie-Iles-de-la-Madeleine,G5C,45005,9,151.5,1,0
C011341,21.43,Genie,Montreal,H8N,76969,5,19.8,0,0
C012809,26.95,Arts et lettres,Bas-Saint-Laurent,G5N,101419,7,180.6,0,0
C004810,29.51,Arts et lettres,Montreal,H1A,75189,6,14.0,1,1
C005400,25.96,Sciences,Gaspesie-Iles-de-la-Madeleine,G0C,28289,14,227.2,1,0
C000672,28.8,Sciences sociales,Montreal,H8N,95067,10,38.0,1,1
C001664,27.31,Sciences,Capitale-Nationale,G3A,45448,8,24.2,1,0
C003378,25.73,Sciences,Capitale-Nationale,G2E,82547,11,31.3,0,0
C007335,30.45,Sciences sociales,Montreal,H3T,101152,11,8.0,0,1
C005926,21.43,Sante,Bas-Saint-Laurent,G5N,34402,13,241.6,0,0
C006139,24.63,Sante,Gaspesie-Iles-de-la-Madeleine,G4X,42972,12,121.4,0,0
C007544,25.72,Sciences,Cote-Nord,G5B,75117,11,512.5,0,0
C008637,31.07,Genie,Cote-Nord,G4R,105801,14,333.0,0,1
C013435,26.71,Sante,Montreal,H3T,171277,9,21.5,0,0
C013240,29.85,Genie,Montreal,H2X,103781,18,9.6,0,1
C006160,26.7,Sciences sociales,Bas-Saint-Laurent,G0L,33936,10,179.9,1,0
C009108,26.87,Arts et lettres,Bas-Saint-Laurent,G5L,67654,16,152.1,0,0
C003977,26.85,Sciences sociales,Montreal,H2X,69866,10,36.6,0,0
C011671,25.83,Sciences,Cote-Nord,G4R,27346,17,271.3,0,0
C006594,23.55,Sante,Montreal,H2X,69641,8,6.7,0,0
C002616,26.83,Arts et lettres,Montreal,H8N,71053,10,7.0,0,0
C005583,37.1,Sciences sociales,Montreal,H3T,65913,6,13.8,0,1
C010353,26.85,Genie,Montreal,H1A,150548,9,9.8,0,0
C005036,27.37,Sante,Montreal,H1A,67271,7,30.2,0,0
C000162,28.45,Sciences sociales,Cote-Nord,G5B,85711,13,261.6,1,0
C000371,27.29,Arts et lettres,Gaspesie-Iles-de-la-Madeleine,G0C,47354,14,228.5,1,0
C009681,26.74,Sciences sociales,Cote-Nord,G5B,76451,13,396.7,1,0
C008668,30.37,Genie,Montreal,H4L,52138,4,11.0,0,1
C000585,28.77,Genie,Bas-Saint-Laurent,G0L,84675,7,156.1,1,1
C007511,27.16,Sante,Capitale-Nationale,G1V,128867,14,7.2,1,1
C001208,36.32,Genie,Montreal,H8N,87682,4,33.8,0,1
C012003,20.43,Sante,Cote-Nord,G5B,43583,10,86.5,1,0
C008361,27.92,Genie,Montreal,H1A,45689,9,23.4,0,0
C005644,30.84,Sciences,Capitale-Nationale,G1V,41702,6,12.5,0,1
C011844,32.44,Genie,Montreal,H3T,48579,8,4.8,0,1
C006408,28.48,Sante,Montreal,H1A,42365,12,12.2,0,1
C006524,30.85,Genie,Montreal,H8N,72068,6,33.8,1,1
C006736,24.78,Genie,Montreal,H2X,47875,4,20.1,0,0
C011757,27.41,Sante,Capitale-Nationale,G2E,41934,5,16.2,0,0
C003968,30.9,Sciences,Capitale-Nationale,G3A,66938,12,21.3,1,1
C005164,24.41,Sante,Montreal,H4L,108636,7,6.4,0,0
C000786,26.96,Genie,Capitale-Nationale,G1V,86735,8,25.9,0,0
C001422,27.79,Sante,Cote-Nord,G5B,81616,15,143.8,1,0
C008353,23.93,Arts et lettres,Capitale-Nationale,G1V,88970,16,10.3,0,1
C003251,30.8,Genie,Montreal,H1A,50786,10,8.9,1,1
C001567,29.57,Genie,Montreal,H8N,112429,14,4.2,0,1
C010576,25.12,Sciences sociales,Bas-Saint-Laurent,G0L,15798,12,336.1,1,0
C011913,27.33,Sciences sociales,Capitale-Nationale,G2E,34020,7,14.4,1,0
C013213,35.33,Arts et lettres,Montreal,H1A,99392,13,11.6,0,1
C003465,31.29,Genie,Gaspesie-Iles-de-la-Madeleine,G0C,24831,22,113.8,0,1
C007426,29.05,Sciences sociales,Gaspesie-Iles-de-la-Madeleine,G0C,122577,10,263.4,0,1
C005563,29.36,Arts et lettres,Gaspesie-Iles-de-la-Madeleine,G5C,77172,11,121.6,1,1
C008031,26.3,Sante,Montreal,H4L,135336,9,3.6,0,0
C012705,28.83,Arts et lettres,Montreal,H3T,157106,6,7.1,0,1
C003897,29.77,Sante,Montreal,H4L,61171,6,5.5,0,1
C003138,29.25,Genie,Montreal,H2X,63065,2,8.7,0,1
C000791,29.53,Genie,Montreal,H8N,44651,11,15.4,0,0
C004090,29.53,Sciences sociales,Bas-Saint-Laurent,G5L,38094,16,219.9,0,1
C002934,27.92,Genie,Cote-Nord,G5B,29256,9,58.4,1,0
C001097,32.7,Sciences,Montreal,H2X,68236,6,30.8,1,1
C013209,27.42,Sciences sociales,Gaspesie-Iles-de-la-Madeleine,G0C,51854,23,154.5,1,0
C008576,33.04,Sante,Gaspesie-Iles-de-la-Madeleine,G0C,33061,13,237.9,1,1
C010062,28.9,Genie,Cote-Nord,G4R,45069,13,239.2,1,0
C010622,26.04,Sante,Cote-Nord,G0G,40718,10,225.6,0,0
C003829,29.53,Sciences,Gaspesie-Iles-de-la-Madeleine,G5C,84233,9,150.2,0,0
C005449,21.28,Arts et lettres,Capitale-Nationale,G2E,98556,6,20.0,0,0
C005043,26.17,Sciences,Gaspesie-Iles-de-la-Madeleine,G4X,63351,13,671.9,1,0
C006503,29.9,Genie,Montreal,H8N,67612,7,13.0,0,1
C007206,23.63,Sciences sociales,Montreal,H8N,72613,17,2.0,0,0
C005617,27.01,Sciences,Montreal,H2X,90858,6,13.1,0,0
C003256,27.45,Genie,Capitale-Nationale,G2E,98564,9,17.6,1,0
C013773,31.32,Sante,Gaspesie-Iles-de-la-Madeleine,G0C,42521,14,146.7,1,1
C011285,24.59,Sciences,Bas-Saint-Laurent,G0L,14001,18,503.9,0,0
C006950,20.32,Arts et lettres,Gaspesie-Iles-de-la-Madeleine,G0C,29612,15,192.5,0,0
C013738,28.25,Sciences sociales,Gaspesie-Iles-de-la-Madeleine,G4X,76490,16,196.8,0,0
C006035,27.06,Sciences sociales,Capitale-Nationale,G1V,49980,11,35.0,0,1
C001228,27.74,Sciences,Capitale-Nationale,G1V,74829,10,21.4,0,0
C006645,26.77,Sante,Capitale-Nationale,G3A,98986,10,10.1,1,0
C010707,29.94,Arts et lettres,Capitale-Nationale,G3A,35507,7,4.4,0,1
C011589,28.12,Sciences,Gaspesie-Iles-de-la-Madeleine,G0C,58267,9,390.3,1,0
C001087,33.24,Sciences,Capitale-Nationale,G1R,109014,13,19.5,0,1
C012820,27.68,Sciences,Capitale-Nationale,G1V,66686,4,2.2,0,0
C002363,30.16,Sciences sociales,Bas-Saint-Laurent,G5N,60142,13,263.5,0,1
C012684,26.99,Sciences,Montreal,H1A,58873,3,13.6,1,0
C005478,27.42,Arts et lettres,Cote-Nord,G5B,69698,18,308.3,1,0
C008551,24.88,Genie,Capitale-Nationale,G1V,31408,12,26.7,0,0
C002650,28.51,Arts et lettres,Capitale-Nationale,G3A,83600,2,32.3,0,0
C001751,29.32,Genie,Capitale-Nationale,G3A,39526,8,1.3,1,1
C001500,24.4,Sante,Capitale-Nationale,G1V,140017,11,20.6,0,0
C007990,23.43,Sciences sociales,Capitale-Nationale,G1V,58101,7,44.3,0,0
C006053,27.31,Sciences,Capitale-Nationale,G2E,80989,11,13.7,1,0
C001430,24.4,Sciences,Capitale-Nationale,G3A,39957,7,51.9,0,0
C002310,35.54,Genie,Capitale-Nationale,G1V,67881,13,12.8,0,1
C003793,22.26,Genie,Cote-Nord,G4R,47716,22,206.0,0,0
C001104,23.36,Sante,Montreal,H2X,18944,10,15.6,0,0
C011984,28.21,Genie,Cote-Nord,G5B,40462,13,232.2,1,0
C004866,29.48,Sciences sociales,Capitale-Nationale,G1R,151225,5,51.4,0,1
C010548,20.76,Sante,Gaspesie-Iles-de-la-Madeleine,G5C,34465,11,194.3,1,0
C004253,31.38,Genie,Montreal,H4L,40342,6,4.6,1,1
C011998,28.34,Sciences sociales,Montreal,H8N,41500,4,25.7,0,0
C006110,29.48,Arts et lettres,Bas-Saint-Laurent,G0L,53716,21,263.3,1,1
C007579,24.85,Arts et lettres,Cote-Nord,G5B,48661,15,366.2,0,0
C012122,27.52,Genie,Capitale-Nationale,G1R,64907,10,3.5,1,0
C013996,31.83,Sciences sociales,Montreal,H1A,75580,6,17.0,0,1
C010159,28.48,Sante,Gaspesie-Iles-de-la-Madeleine,G0C,58196,14,170.0,0,1
C013730,27.62,Genie,Montreal,H2X,76013,7,5.7,0,1
C011653,23.36,Sciences sociales,Montreal,H3T,64260,7,7.5,0,0
C001592,29.81,Sante,Gaspesie-Iles-de-la-Madeleine,G4X,34235,14,219.2,0,1
C005375,28.19,Arts et lettres,Cote-Nord,G4R,117407,12,391.4,0,1
C003218,30.26,Sciences,Montreal,H1A,48129,13,17.7,0,1
C010639,24.92,Sante,Montreal,H4L,145618,12,28.0,0,1
C009650,19.96,Arts et lettres,Capitale-Nationale,G3A,72942,7,21.3,1,0
C006550,28.89,Sante,Capitale-Nationale,G1V,45043,9,25.5,1,1
C006287,23.35,Sciences,Montreal,H3T,46452,10,16.2,0,0
C005604,31.76,Genie,Bas-Saint-Laurent,G5N,95665,13,126.6,1,1
C012843,24.66,Sciences sociales,Gaspesie-Iles-de-la-Madeleine,G0C,52753,13,170.7,0,0
C001654,30.89,Genie,Cote-Nord,G0G,38661,16,227.8,1,1
C011331,23.67,Sciences sociales,Bas-Saint-Laurent,G5L,76012,11,286.6,0,0
C011485,31.39,Genie,Montreal,H3T,58804,10,3.6,0,1
C000438,29.44,Sante,Bas-Saint-Laurent,G0L,32051,14,256.4,0,1
C011506,29.38,Genie,Gaspesie-Iles-de-la-Madeleine,G5C,63668,15,75.5,0,1
C002459,26.88,Sciences,Montreal,H2X,122452,7,43.2,0,0
C006683,26.08,Genie,Montreal,H4L,54943,8,22.6,0,0
C002090,25.31,Arts et lettres,Cote-Nord,G4R,26486,17,200.1,0,0
C009121,30.8,Genie,Cote-Nord,G0G,91346,9,258.9,1,0
C006595,30.7,Sciences,Capitale-Nationale,G3A,64706,13,38.2,0,1
C005372,31.66,Sante,Capitale-Nationale,G1V,38769,6,38.4,1,1
C010166,25.33,Arts et lettres,Montreal,H2X,46470,7,9.1,1,0
C010071,27.7,Sante,Capitale-Nationale,G1V,103616,5,10.9,0,1
C011635,23.22,Sante,Gaspesie-Iles-de-la-Madeleine,G5C,39003,12,181.9,1,0
C010298,30.29,Sciences,Bas-Saint-Laurent,G0L,31523,16,176.4,1,0
C004018,23.81,Genie,Montreal,H4L,71621,10,35.6,0,0
C005340,26.99,Sante,Gaspesie-Iles-de-la-Madeleine,G4X,22851,14,266.4,0,0
C009718,30.84,Sciences sociales,Gaspesie-Iles-de-la-Madeleine,G0C,96257,13,253.0,0,1
C005576,25.92,Genie,Montreal,H2X,104724,3,13.1,1,0
C011030,28.86,Arts et lettres,Gaspesie-Iles-de-la-Madeleine,G5C,102074,13,240.0,0,1
C013100,26.73,Sante,Cote-Nord,G0G,73731,19,122.4,0,1
C006291,27.12,Genie,Montreal,H2X,51542,12,13.6,0,0
C009045,29.52,Genie,Montreal,H4L,112569,6,1.6,1,0
C000228,30.37,Sante,Montreal,H2X,105991,6,6.1,1,1
C001551,29.0,Sciences,Capitale-Nationale,G1V,60655,17,16.8,0,1
C009346,29.45,Genie,Gaspesie-Iles-de-la-Madeleine,G5C,49119,17,624.3,1,0
C009796,28.47,Sciences sociales,Montreal,H2X,118990,8,14.6,0,0
C007635,30.35,Genie,Capitale-Nationale,G1V,47420,8,20.3,1,1
C004334,30.58,Sante,Gaspesie-Iles-de-la-Madeleine,G5C,68482,16,95.4,0,1
C013466,24.45,Sciences sociales,Montreal,H3T,91409,8,31.2,0,0
C000599,31.85,Sante,Montreal,H3T,33487,5,24.5,0,1
C009382,26.87,Genie,Montreal,H3T,86112,10,8.7,0,1
C011006,31.36,Sciences,Gaspesie-Iles-de-la-Madeleine,G5C,41238,17,332.0,1,1
C010085,24.89,Sciences sociales,Montreal,H3T,199929,10,0.5,0,0
C000886,29.91,Sciences,Cote-Nord,G5B,88549,9,232.2,1,1
C009169,23.83,Genie,Montreal,H3T,62515,9,23.8,0,0
C008966,28.22,Arts et lettres,Montreal,H4L,52257,9,24.2,0,0
C002984,29.72,Genie,Montreal,H8N,199070,11,14.6,1,1
C010852,26.79,Sciences sociales,Montreal,H3T,122602,4,25.0,1,0
C010934,28.71,Sciences,Montreal,H2X,80880,10,26.6,0,1
C001677,27.0,Arts et lettres,Montreal,H1A,97265,7,13.9,0,0
C001775,28.51,Genie,Montreal,H3T,79925,11,10.7,0,1
C003694,23.0,Arts et lettres,Gaspesie-Iles-de-la-Madeleine,G0C,49123,13,312.1,0,0
C009048,27.87,Genie,Montreal,H4L,36384,7,3.8,0,0
C002771,26.49,Arts et lettres,Gaspesie-Iles-de-la-Madeleine,G5C,55532,12,187.9,0,0
C002361,26.1,Arts et lettres,Gaspesie-Iles-de-la-Madeleine,G4X,38663,13,146.6,0,0
C001900,30.8,Sciences sociales,Cote-Nord,G5B,54247,9,238.5,1,1
C002404,25.39,Sciences sociales,Bas-Saint-Laurent,G5N,40357,10,113.6,0,0
C012618,27.62,Sciences sociales,Montreal,H1A,65592,9,12.0,1,1
C013465,21.38,Sante,Capitale-Nationale,G1R,83559,9,14.5,0,0
C005489,29.75,Genie,Bas-Saint-Laurent,G5N,37295,12,177.8,0,1
C003277,25.54,Arts et lettres,Bas-Saint-Laurent,G5N,99550,10,169.3,1,0
C012697,26.96,Genie,Bas-Saint-Laurent,G0L,80373,19,155.9,1,0
C006928,28.19,Sciences sociales,Bas-Saint-Laurent,G5N,49334,8,279.2,0,0
C007032,32.46,Sciences,Cote-Nord,G0G,57795,11,234.0,1,1
C005735,26.51,Genie,Capitale-Nationale,G2E,37474,8,10.4,0,0
C000125,33.71,Sciences sociales,Montreal,H2X,94778,7,36.1,1,1
C001577,23.03,Sante,Montreal,H3T,81066,10,22.2,1,0
C004912,22.11,Genie,Montreal,H4L,66180,10,23.8,0,0
C002446,24.93,Sciences sociales,Montreal,H8N,59431,9,9.2,0,0
C002605,26.8,Sciences,Cote-Nord,G0G,26611,18,357.4,1,0
C003225,26.66,Sante,Montreal,H3T,48521,11,14.4,0,0
C010807,23.74,Sante,Gaspesie-Iles-de-la-Madeleine,G0C,82622,15,197.9,0,0
C007667,32.64,Sciences sociales,Bas-Saint-Laurent,G0L,75777,6,231.9,1,1
C005547,29.08,Sciences sociales,Gaspesie-Iles-de-la-Madeleine,G4X,51328,21,232.8,0,1
C007016,30.35,Sciences,Montreal,H4L,46754,6,12.1,1,1
C010492,28.31,Genie,Montreal,H8N,53551,10,5.3,0,0
C009641,29.98,Arts et lettres,Gaspesie-Iles-de-la-Madeleine,G0C,81996,10,288.2,0,1
C013429,23.52,Arts et lettres,Cote-Nord,G4R,59223,14,143.4,0,0
C007551,29.0,Sciences sociales,Montreal,H2X,79505,9,26.5,0,1
C009060,32.23,Arts et lettres,Capitale-Nationale,G1R,119313,8,5.7,1,1
C007812,30.07,Sciences sociales,Gaspesie-Iles-de-la-Madeleine,G4X,40972,5,191.9,0,1
C007680,22.65,Sciences sociales,Gaspesie-Iles-de-la-Madeleine,G0C,73440,18,417.3,1,0
C011453,24.48,Arts et lettres,Montreal,H4L,90086,12,9.0,1,0
C012696,24.75,Arts et lettres,Gaspesie-Iles-de-la-Madeleine,G5C,56304,8,193.6,0,0
C003113,28.3,Sciences,Capitale-Nationale,G1V,38187,6,19.2,0,0
C006838,32.34,Sciences sociales,Capitale-Nationale,G1R,110297,6,5.1,0,1
C007821,27.71,Genie,Montreal,H3T,106381,11,11.7,0,1
C001616,32.46,Sante,Capitale-Nationale,G2E,119492,7,19.7,0,1
C009933,24.21,Sante,Montreal,H4L,88595,16,62.5,1,0
C003438,26.96,Genie,Capitale-Nationale,G2E,77593,8,14.7,0,0
C013654,24.18,Sante,Capitale-Nationale,G1V,136650,6,23.4,1,0
C008686,31.43,Sante,Montreal,H2X,83227,8,27.7,0,1
C007474,32.53,Arts et lettres,Montreal,H2X,79426,5,6.8,0,1
C002639,27.43,Arts et lettres,Gaspesie-Iles-de-la-Madeleine,G5C,106234,11,177.5,1,0
C005398,26.69,Sciences,Montreal,H3T,108412,11,38.5,1,0
C007982,26.69,Arts et lettres,Bas-Saint-Laurent,G0L,55445,8,180.9,1,0
C007580,26.16,Sciences sociales,Capitale-Nationale,G3A,81296,4,22.6,0,0
C003927,28.48,Arts et lettres,Montreal,H4L,48222,8,3.1,1,0
C010163,25.02,Sciences sociales,Bas-Saint-Laurent,G0L,48009,18,148.8,0,0
C010624,26.94,Genie,Montreal,H8N,84988,15,10.8,0,1
C013394,28.17,Arts et lettres,Capitale-Nationale,G1V,48324,8,17.8,0,1
C003141,32.85,Sciences,Capitale-Nationale,G3A,136535,8,18.3,1,1
C008055,25.26,Arts et lettres,Montreal,H4L,63489,11,18.6,0,0
C011228,26.85,Genie,Capitale-Nationale,G1V,25513,5,21.2,1,0
C013059,24.3,Sante,Montreal,H2X,63429,8,13.3,0,0
C002878,25.39,Arts et lettres,Bas-Saint-Laurent,G5N,60451,7,323.3,0,0
C002671,30.48,Genie,Gaspesie-Iles-de-la-Madeleine,G0C,101237,13,131.6,0,1
C002920,21.67,Arts et lettres,Montreal,H2X,45081,16,29.5,0,0
C006664,29.0,Sante,Montreal,H4L,48546,9,51.9,1,1
C012261,27.97,Sante,Montreal,H4L,124761,12,14.2,0,1
C012557,26.87,Sante,Cote-Nord,G0G,57514,14,180.2,1,0
C008396,26.62,Sciences sociales,Cote-Nord,G5B,31852,19,100.9,0,0
C008799,29.77,Sciences sociales,Gaspesie-Iles-de-la-Madeleine,G5C,74651,16,442.0,0,1
C007382,29.41,Genie,Montreal,H4L,57093,9,23.0,0,1
C010718,32.15,Genie,Montreal,H3T,59848,8,25.2,0,1
C005599,26.57,Sciences,Bas-Saint-Laurent,G0L,86741,8,221.2,0,0
C012151,29.41,Arts et lettres,Cote-Nord,G4R,33781,15,152.7,1,1
C004404,24.11,Arts et lettres,Gaspesie-Iles-de-la-Madeleine,G5C,27849,10,248.2,0,0
C002749,34.43,Sciences sociales,Montreal,H3T,53932,4,27.5,0,1
C010302,31.88,Sciences sociales,Bas-Saint-Laurent,G5N,40233,13,218.4,1,1
C002607,28.5,Sciences,Cote-Nord,G5B,75926,15,224.0,1,0
C005605,25.01,Sciences sociales,Montreal,H4L,40576,10,23.2,0,0
C012772,30.94,Genie,Capitale-Nationale,G1R,83831,9,21.6,0,1
C008945,27.27,Genie,Capitale-Nationale,G1R,82163,12,4.6,0,0
C013588,29.52,Genie,Montreal,H4L,59206,12,58.3,0,0
C010121,30.74,Sciences,Capitale-Nationale,G3A,163039,6,4.7,1,1
C003921,29.8,Arts et lettres,Montreal,H4L,48409,14,2.4,0,1
C005187,23.92,Sciences,Montreal,H2X,40678,7,1.9,0,0
C007862,27.28,Sciences,Bas-Saint-Laurent,G0L,57715,3,116.7,1,0
C001148,27.73,Genie,Bas-Saint-Laurent,G5L,61087,14,118.5,0,1
C005594,31.14,Genie,Montreal,H8N,46702,14,18.1,1,1
C003181,30.1,Arts et lettres,Montreal,H4L,69424,10,14.7,1,1
C001414,28.9,Sciences sociales,Capitale-Nationale,G1V,75617,6,15.7,0,1
C011472,19.91,Sciences sociales,Gaspesie-Iles-de-la-Madeleine,G4X,108769,6,203.7,1,0
C013140,26.33,Sante,Capitale-Nationale,G1V,89890,11,14.9,0,1
C003738,27.01,Sciences sociales,Montreal,H8N,100506,10,19.1,0,0
C005620,29.3,Genie,Cote-Nord,G4R,32221,13,207.8,1,0
C011459,34.24,Genie,Montreal,H2X,59174,12,19.4,0,1
C000956,25.71,Sciences sociales,Cote-Nord,G4R,55320,15,245.9,0,0
C000421,27.44,Sciences sociales,Montreal,H1A,44620,12,19.5,0,0
C006720,31.04,Sciences sociales,Capitale-Nationale,G2E,45231,7,14.0,0,1
C012933,34.42,Sante,Bas-Saint-Laurent,G0L,46339,10,142.3,1,1
C004830,25.26,Sciences sociales,Gaspesie-Iles-de-la-Madeleine,G4X,22107,20,141.5,1,0
C004381,31.51,Sciences sociales,Montreal,H8N,74862,5,11.3,0,1
C012067,23.58,Genie,Cote-Nord,G5B,65272,10,142.3,0,0
C008737,28.79,Sante,Cote-Nord,G5B,74536,11,245.9,0,1
C001196,29.65,Sciences,Montreal,H1A,41637,6,10.7,0,1
C008247,27.07,Genie,Montreal,H2X,81263,4,11.8,0,0
C010049,25.18,Sciences sociales,Cote-Nord,G4R,102171,11,152.4,0,0
C006901,29.24,Genie,Gaspesie-Iles-de-la-Madeleine,G4X,74827,15,265.9,0,1
C008761,29.33,Sciences,Bas-Saint-Laurent,G5L,39519,13,188.8,1,0
C000310,36.99,Sciences sociales,Capitale-Nationale,G2E,62011,11,20.4,1,1
C012579,26.1,Sciences,Capitale-Nationale,G3A,71163,10,13.4,1,0
C000181,27.46,Genie,Montreal,H2X,85663,11,14.7,0,1
C004909,26.92,Sante,Bas-Saint-Laurent,G5L,26640,9,324.8,0,0
C000627,28.55,Genie,Gaspesie-Iles-de-la-Madeleine,G0C,28913,17,250.5,1,1
C006708,29.05,Sante,Montreal,H8N,56578,7,47.8,1,1
C009897,25.14,Genie,Gaspesie-Iles-de-la-Madeleine,G4X,59262,7,78.7,0,0
C008007,23.29,Genie,Cote-Nord,G4R,28364,17,211.9,1,0
C000647,26.98,Genie,Capitale-Nationale,G3A,65223,10,7.7,0,1
C012327,33.01,Sante,Montreal,H8N,119624,3,6.1,0,1
C010241,23.01,Arts et lettres,Capitale-Nationale,G3A,57961,9,15.9,1,0
C004690,22.09,Sciences sociales,Bas-Saint-Laurent,G0L,49881,16,279.9,0,0
C004876,23.04,Genie,Cote-Nord,G0G,59967,13,246.7,1,0
C003807,26.33,Genie,Capitale-Nationale,G2E,111642,11,8.4,0,0
C012835,26.51,Sciences,Capitale-Nationale,G1V,38697,12,12.3,0,0
C009219,24.51,Arts et lettres,Gaspesie-Iles-de-la-Madeleine,G0C,52049,12,214.9,1,0
C005218,29.82,Sciences,Montreal,H2X,124108,11,6.9,0,1
C000459,30.21,Sante,Montreal,H8N,103983,12,3.9,0,1
C002865,27.62,Sciences sociales,Gaspesie-Iles-de-la-Madeleine,G4X,29804,19,186.5,1,0
C006931,28.51,Genie,Montreal,H2X,82088,14,5.9,0,1
C011647,28.38,Sciences sociales,Montreal,H3T,32052,15,4.6,0,1
C000410,28.02,Sante,Montreal,H8N,77581,8,5.7,0,1
C007694,24.95,Sciences sociales,Montreal,H2X,54894,8,2.2,0,0
C001247,26.39,Sciences,Cote-Nord,G0G,53826,16,154.1,0,0
C012704,29.27,Sciences sociales,Montreal,H8N,36336,9,29.3,0,1
C004597,31.84,Sciences,Capitale-Nationale,G1R,74351,7,9.3,0,1
C010747,25.71,Arts et lettres,Capitale-Nationale,G3A,60658,11,3.3,1,0
C005607,28.56,Sciences,Capitale-Nationale,G1R,85602,11,8.6,0,0
C011939,31.63,Sciences,Capitale-Nationale,G1V,116188,6,44.7,0,1
C011349,30.91,Sciences,Capitale-Nationale,G3A,52882,10,12.8,0,1
C010424,31.17,Sciences,Capitale-Nationale,G3A,46973,9,20.0,0,1
C007207,26.8,Sciences,Bas-Saint-Laurent,G5N,104771,21,207.7,0,1
C006432,19.29,Arts et lettres,Bas-Saint-Laurent,G5N,62538,18,138.5,1,0
C010261,26.94,Genie,Cote-Nord,G4R,22441,16,103.4,1,0
C006451,27.23,Arts et lettres,Montreal,H4L,140190,17,7.3,0,1
C005539,26.82,Sciences sociales,Cote-Nord,G4R,72515,11,198.2,1,1
C002960,25.82,Sciences,Bas-Saint-Laurent,G5N,61879,13,145.5,1,0
C012611,25.69,Sciences,Gaspesie-Iles-de-la-Madeleine,G5C,72967,11,367.5,1,0
C009856,27.01,Arts et lettres,Bas-Saint-Laurent,G5L,51793,7,192.4,0,0
C013917,25.14,Arts et lettres,Montreal,H1A,93238,11,14.5,0,0
C005128,26.44,Arts et lettres,Cote-Nord,G4R,67598,15,617.6,1,0
C009777,23.8,Genie,Montreal,H4L,62080,9,20.3,0,0
C009564,25.72,Genie,Capitale-Nationale,G2E,32362,13,19.1,0,0
C008527,23.53,Sante,Bas-Saint-Laurent,G5L,78759,13,201.4,1,0
C007907,33.96,Genie,Capitale-Nationale,G1V,62811,8,12.0,0,1
C005990,29.17,Sciences sociales,Bas-Saint-Laurent,G5N,105948,13,254.6,0,0
C006170,25.87,Sante,Capitale-Nationale,G3A,93110,7,34.8,0,0
C003323,23.6,Sciences sociales,Capitale-Nationale,G1V,76750,7,31.3,0,0
C006174,30.66,Genie,Cote-Nord,G0G,69766,8,152.0,0,0
C003814,31.99,Sciences sociales,Bas-Saint-Laurent,G0L,43932,19,200.1,1,1
C012702,27.34,Sciences sociales,Bas-Saint-Laurent,G5L,28602,9,122.1,0,0
C008021,25.21,Sante,Montreal,H8N,48088,8,2.3,1,0
C013242,25.7,Genie,Montreal,H1A,80136,10,20.2,0,0
C011681,24.02,Sante,Capitale-Nationale,G1R,87931,5,33.4,0,0
C009628,27.09,Sante,Cote-Nord,G5B,52487,12,235.6,1,0
C001770,28.15,Sciences,Montreal,H1A,59923,7,6.0,0,0
C006382,28.89,Sciences sociales,Montreal,H4L,75983,11,41.1,0,1
C012838,27.47,Genie,Montreal,H8N,98930,7,24.1,1,0
C009572,29.52,Sciences sociales,Cote-Nord,G5B,27888,16,65.2,1,0
C000663,25.63,Sciences sociales,Cote-Nord,G5B,56951,10,129.6,0,0
C004517,24.03,Genie,Montreal,H3T,109066,7,8.5,0,0
C001715,24.87,Sante,Cote-Nord,G0G,48229,14,55.7,0,0
C002909,32.01,Genie,Montreal,H1A,198960,7,4.0,0,1
C005710,30.66,Genie,Montreal,H3T,41508,8,8.1,0,1
C009723,24.77,Genie,Montreal,H1A,144753,7,26.1,0,0
C009758,30.15,Sciences sociales,Bas-Saint-Laurent,G5L,52533,9,211.9,0,0
C007831,31.21,Genie,Capitale-Nationale,G1R,58276,6,48.0,0,1
C003604,27.62,Sciences,Bas-Saint-Laurent,G5N,25927,5,589.2,1,0
C006598,26.12,Sante,Capitale-Nationale,G2E,179204,6,5.6,0,0
C011123,23.46,Sante,Bas-Saint-Laurent,G5N,35026,8,562.6,0,0
C007649,31.75,Genie,Montreal,H4L,33493,9,26.6,0,1
C005900,29.83,Genie,Capitale-Nationale,G2E,133223,8,1.2,0,1
C005609,31.93,Sciences sociales,Capitale-Nationale,G2E,52066,11,5.0,1,1
C009918,26.52,Genie,Gaspesie-Iles-de-la-Madeleine,G0C,44650,10,632.1,1,0
C005776,25.47,Arts et lettres,Montreal,H1A,49618,3,16.7,0,0
C009109,28.16,Sciences,Montreal,H2X,93594,8,7.4,0,0
C011249,24.85,Sante,Montreal,H2X,29084,5,20.4,0,0
C001523,28.32,Sciences,Montreal,H4L,85028,4,21.7,0,1
C008991,26.2,Genie,Cote-Nord,G4R,23647,13,342.4,1,0
C008167,23.4,Sante,Cote-Nord,G4R,23782,17,243.0,0,0
C011975,28.54,Sante,Bas-Saint-Laurent,G5L,87081,15,124.3,0,1
C013443,30.96,Arts et lettres,Montreal,H1A,52667,11,25.4,0,1
C006467,25.81,Sciences,Montreal,H8N,115899,7,24.8,0,0
C001538,37.39,Sante,Bas-Saint-Laurent,G0L,46212,18,135.6,1,1
C001109,26.71,Sante,Gaspesie-Iles-de-la-Madeleine,G4X,49625,8,397.8,0,0
C001385,31.56,Sciences sociales,Capitale-Nationale,G3A,77415,5,14.0,0,1
C005973,29.76,Sciences sociales,Capitale-Nationale,G1V,57785,10,3.9,0,0
C006422,33.33,Arts et lettres,Capitale-Nationale,G2E,93352,3,17.4,0,1
C010243,28.48,Sciences sociales,Cote-Nord,G4R,41968,11,190.7,0,0
C002913,27.16,Sciences sociales,Bas-Saint-Laurent,G5L,47070,13,293.6,1,0
C006145,23.63,Sciences,Gaspesie-Iles-de-la-Madeleine,G0C,41302,6,240.9,1,0
C009274,22.65,Sante,Montreal,H8N,95690,7,8.6,0,0
C003175,29.03,Sciences sociales,Capitale-Nationale,G3A,61864,9,9.5,0,0
C000567,31.99,Sciences sociales,Montreal,H4L,72364,12,33.7,0,1
C008525,26.21,Sciences,Montreal,H1A,53975,9,22.7,0,0
C010079,26.89,Sciences,Bas-Saint-Laurent,G5L,59901,14,322.9,0,0
C011845,31.09,Genie,Cote-Nord,G4R,43442,17,304.4,1,1
C011064,28.42,Sante,Cote-Nord,G0G,61569,11,346.1,1,0
C006217,26.57,Arts et lettres,Cote-Nord,G5B,22062,12,226.8,0,0
C006506,24.92,Arts et lettres,Bas-Saint-Laurent,G0L,65805,13,327.3,1,0
C005081,31.58,Genie,Capitale-Nationale,G1R,66892,10,10.4,0,1
C005815,31.76,Sante,Montreal,H3T,44498,1,19.0,0,1
C013314,30.22,Arts et lettres,Capitale-Nationale,G1R,44105,7,26.8,1,1
C004015,28.4,Arts et lettres,Montreal,H8N,135394,18,20.1,0,1
C010073,24.68,Sante,Gaspesie-Iles-de-la-Madeleine,G0C,30337,12,302.7,0,0
C007618,28.61,Arts et lettres,Montreal,H2X,53411,7,42.4,1,1
C007331,29.42,Sciences,Gaspesie-Iles-de-la-Madeleine,G5C,55117,10,152.7,1,0
C003564,32.73,Genie,Gaspesie-Iles-de-la-Madeleine,G0C,48356,14,90.0,0,1
C002241,31.27,Arts et lettres,Gaspesie-Iles-de-la-Madeleine,G5C,33417,19,160.3,1,1
C003556,22.62,Sciences sociales,Montreal,H2X,67920,7,8.2,0,0
C002291,32.63,Arts et lettres,Montreal,H2X,27008,10,20.5,0,1
C010676,29.94,Genie,Capitale-Nationale,G1V,74452,8,47.3,0,1
C004108,22.7,Genie,Montreal,H3T,127149,14,14.9,1,0
C002099,21.89,Sciences,Gaspesie-Iles-de-la-Madeleine,G0C,42091,13,157.2,1,0
C000779,33.22,Sante,Gaspesie-Iles-de-la-Madeleine,G0C,60828,8,297.0,1,1
C007361,27.56,Sante,Capitale-Nationale,G1V,53831,12,34.8,0,0
C000322,24.83,Sciences sociales,Capitale-Nationale,G3A,55205,11,11.2,0,0
C011227,29.33,Sciences,Bas-Saint-Laurent,G5L,39441,12,147.1,0,1
C004454,26.95,Sciences sociales,Gaspesie-Iles-de-la-Madeleine,G4X,37904,11,264.3,0,0
C013933,23.52,Sante,Gaspesie-Iles-de-la-Madeleine,G5C,64843,15,404.2,1,0
C007453,31.46,Sciences,Montreal,H1A,26417,8,9.9,1,1
C008838,26.19,Sante,Gaspesie-Iles-de-la-Madeleine,G4X,68309,17,323.7,0,0
C005363,26.47,Sciences sociales,Gaspesie-Iles-de-la-Madeleine,G4X,48846,22,251.8,1,0
C006005,30.04,Sante,Capitale-Nationale,G1V,92588,9,10.2,0,1
C003497,25.25,Arts et lettres,Cote-Nord,G4R,62514,16,82.5,0,0
C002321,29.37,Sante,Bas-Saint-Laurent,G5L,66818,10,281.4,1,1
C002732,26.95,Arts et lettres,Cote-Nord,G4R,42611,16,128.0,0,0
C003020,31.74,Genie,Montreal,H2X,91266,14,17.5,0,1
C005534,22.53,Sciences sociales,Cote-Nord,G0G,87728,12,143.3,0,0
C011585,28.15,Sciences sociales,Capitale-Nationale,G2E,72901,10,10.2,0,1
C013026,26.2,Genie,Capitale-Nationale,G3A,83745,9,8.4,0,0
C007807,28.99,Sante,Bas-Saint-Laurent,G5N,58175,11,162.2,0,1
C004790,28.81,Arts et lettres,Montreal,H2X,71343,12,6.7,0,1
C000671,31.31,Arts et lettres,Bas-Saint-Laurent,G5N,38802,17,186.1,1,0
C004646,22.9,Sciences,Montreal,H4L,60439,11,36.5,0,0
C008677,22.77,Sante,Gaspesie-Iles-de-la-Madeleine,G0C,19638,14,108.3,1,0
C007976,28.47,Sciences,Bas-Saint-Laurent,G0L,35658,13,308.8,0,0
C008365,21.32,Sciences sociales,Cote-Nord,G4R,39922,14,98.7,1,0
C000629,23.16,Arts et lettres,Bas-Saint-Laurent,G0L,81260,12,182.3,0,0
C000588,30.69,Sante,Montreal,H1A,99116,9,26.0,1,1
C010593,28.37,Sante,Cote-Nord,G4R,51714,10,473.7,0,0
C009919,26.05,Genie,Capitale-Nationale,G1V,35982,11,17.0,0,0
C008252,26.43,Arts et lettres,Montreal,H3T,66549,14,15.1,0,0
C009535,25.05,Sciences,Montreal,H2X,93458,4,20.0,1,0
C009366,27.82,Genie,Capitale-Nationale,G1V,57688,8,13.6,1,0
C007892,26.89,Sciences sociales,Gaspesie-Iles-de-la-Madeleine,G0C,54729,20,241.9,0,0
C009511,29.06,Sante,Montreal,H2X,68167,9,5.1,0,1
C010725,26.01,Sante,Montreal,H1A,57472,10,15.8,0,0
C010411,25.48,Sante,Cote-Nord,G0G,81928,11,149.4,0,0
C007594,24.51,Genie,Gaspesie-Iles-de-la-Madeleine,G5C,54734,17,301.5,0,0
C007240,28.97,Arts et lettres,Capitale-Nationale,G2E,35506,8,12.3,1,1
C010784,28.72,Arts et lettres,Capitale-Nationale,G1V,99983,6,42.2,0,0
C006559,23.61,Sciences sociales,Montreal,H1A,128961,11,28.7,0,0
C009231,28.95,Sante,Cote-Nord,G4R,69859,12,347.1,1,0
C012808,27.89,Sciences,Gaspesie-Iles-de-la-Madeleine,G4X,47478,15,147.6,0,0
C013455,22.21,Sciences sociales,Capitale-Nationale,G2E,93988,5,15.7,0,0
C008941,27.01,Arts et lettres,Gaspesie-Iles-de-la-Madeleine,G5C,62988,18,452.4,1,1
C012521,30.1,Sciences,Capitale-Nationale,G1V,93627,11,12.7,0,1
C013988,24.98,Arts et lettres,Bas-Saint-Laurent,G5L,43617,12,87.0,1,0
C009826,27.15,Genie,Bas-Saint-Laurent,G5N,75521,8,376.1,1,0
C002739,28.32,Sciences sociales,Cote-Nord,G0G,80526,16,431.2,0,1
C002401,29.83,Arts et lettres,Bas-Saint-Laurent,G5N,66498,21,126.4,1,1
C004065,29.6,Arts et lettres,Gaspesie-Iles-de-la-Madeleine,G0C,40499,13,153.5,1,0
C006867,28.13,Sciences sociales,Bas-Saint-Laurent,G5N,88784,14,121.2,0,1
C001819,28.76,Genie,Bas-Saint-Laurent,G5L,55395,7,199.2,0,0
C013200,29.52,Sante,Montreal,H2X,56863,15,22.4,0,1
C011133,25.34,Genie,Gaspesie-Iles-de-la-Madeleine,G4X,88677,14,268.0,0,0
C000381,26.59,Sciences sociales,Gaspesie-Iles-de-la-Madeleine,G5C,47396,12,291.5,0,0
C013344,30.25,Genie,Montreal,H2X,48833,10,30.1,0,1
C009632,25.56,Genie,Cote-Nord,G0G,79453,13,252.2,0,0
C013511,30.53,Sciences,Montreal,H3T,113186,9,9.4,0,1
C013381,23.18,Sciences sociales,Montreal,H2X,146701,8,7.1,1,0
C001881,29.01,Arts et lettres,Gaspesie-Iles-de-la-Madeleine,G4X,69646,12,128.9,0,0
C000329,27.82,Sciences sociales,Cote-Nord,G0G,27087,14,85.4,1,0
C003384,30.52,Sciences sociales,Montreal,H2X,87674,8,5.3,1,1
C002763,24.36,Sciences,Montreal,H8N,65240,8,18.5,0,0
C007912,29.43,Genie,Montreal,H4L,119056,5,22.2,0,1
C006716,23.05,Sciences sociales,Capitale-Nationale,G3A,105899,7,14.7,0,0
C013341,28.49,Sciences,Capitale-Nationale,G3A,73066,7,35.0,0,1
C003868,28.56,Sciences,Montreal,H4L,42655,8,14.8,0,1
C005417,21.3,Sciences sociales,Montreal,H2X,159142,15,43.3,0,0
C011728,32.9,Genie,Bas-Saint-Laurent,G5L,21999,17,251.5,0,1
C001512,26.86,Genie,Montreal,H4L,87727,9,7.5,1,0
C013495,23.53,Genie,Montreal,H1A,67399,10,24.9,0,0
C008125,29.19,Sciences,Capitale-Nationale,G1V,82077,9,30.2,1,1
C012997,25.15,Genie,Capitale-Nationale,G2E,70783,5,18.0,0,0
C009450,25.61,Genie,Montreal,H4L,62927,13,15.1,0,0
C012437,32.22,Genie,Montreal,H4L,57590,4,6.5,1,1
C003206,33.55,Sciences,Montreal,H2X,73503,5,7.2,0,1
C009914,28.45,Sciences sociales,Gaspesie-Iles-de-la-Madeleine,G0C,27312,15,170.4,1,0
C005034,28.37,Arts et lettres,Capitale-Nationale,G3A,40845,10,26.7,1,1
C013139,29.71,Sciences sociales,Bas-Saint-Laurent,G0L,76097,14,129.9,1,1
C006222,32.79,Arts et lettres,Montreal,H2X,64414,7,16.1,0,1
C012573,24.4,Sante,Capitale-Nationale,G3A,133806,6,17.2,0,0
C003713,26.94,Sciences sociales,Bas-Saint-Laurent,G0L,19859,22,317.6,0,0
C007856,25.83,Arts et lettres,Capitale-Nationale,G3A,52345,5,24.2,0,0
C009222,23.38,Genie,Montreal,H2X,64033,9,13.1,0,0
C007930,26.48,Sciences,Capitale-Nationale,G1R,63044,11,20.9,1,0
C008073,22.76,Arts et lettres,Bas-Saint-Laurent,G0L,25426,10,226.5,1,0
C008535,29.68,Sante,Cote-Nord,G5B,35434,16,74.1,0,0
C006060,23.26,Sante,Bas-Saint-Laurent,G5N,71568,15,126.3,0,0
C003813,30.09,Sante,Bas-Saint-Laurent,G5L,54433,10,405.4,1,1
C010009,29.52,Sante,Gaspesie-Iles-de-la-Madeleine,G0C,70888,16,213.3,0,1
C011044,30.28,Genie,Bas-Saint-Laurent,G5N,68437,8,259.5,0,1
C011144,24.7,Sante,Montreal,H1A,53508,15,16.8,0,0
C001378,32.88,Arts et lettres,Bas-Saint-Laurent,G5N,110971,22,139.2,0,1
C001479,23.79,Genie,Cote-Nord,G4R,59220,19,136.0,0,0
C007091,31.82,Arts et lettres,Capitale-Nationale,G2E,54331,13,7.6,0,1
C012403,25.65,Sciences sociales,Montreal,H8N,43039,10,59.6,0,0
C006493,27.5,Sciences sociales,Montreal,H2X,125718,9,17.2,1,0
C003425,29.86,Sante,Gaspesie-Iles-de-la-Madeleine,G0C,67685,9,169.1,0,1
C001455,24.5,Sante,Bas-Saint-Laurent,G5N,36241,14,105.0,1,0
C004350,23.96,Sciences,Cote-Nord,G5B,44725,12,310.7,1,0
C010984,28.68,Arts et lettres,Capitale-Nationale,G1V,41453,12,8.6,0,1
C008780,32.86,Genie,Capitale-Nationale,G1V,58071,6,6.3,0,1
C011320,29.79,Sciences sociales,Montreal,H4L,77311,13,6.1,1,1
C003888,28.83,Genie,Montreal,H3T,45708,6,23.4,0,0
C004042,28.25,Sciences,Montreal,H3T,38140,5,18.0,0,0
C013675,27.36,Sciences sociales,Cote-Nord,G0G,36692,14,261.2,0,0
C004636,32.42,Sciences,Capitale-Nationale,G1V,64320,9,39.2,0,1
C013980,25.59,Sante,Gaspesie-Iles-de-la-Madeleine,G5C,50508,16,282.7,1,0
C000017,32.83,Sciences sociales,Cote-Nord,G4R,40475,16,182.8,1,1
C010386,21.07,Sciences,Montreal,H8N,120202,3,14.1,0,0
C004072,25.34,Arts et lettres,Cote-Nord,G0G,39213,18,293.4,1,0
C001118,27.47,Sciences sociales,Montreal,H2X,43365,7,34.1,0,0
C007888,28.94,Sciences,Capitale-Nationale,G1R,111245,8,62.1,0,1
C008089,26.19,Genie,Montreal,H3T,39222,12,14.1,0,1
C000831,29.46,Sciences sociales,Cote-Nord,G4R,28055,8,122.6,0,0
C010488,26.1,Arts et lettres,Capitale-Nationale,G3A,75762,4,26.5,0,0
C011892,30.72,Genie,Montreal,H2X,47847,5,40.0,0,1
C004174,28.21,Sciences sociales,Bas-Saint-Laurent,G5N,31122,17,84.9,1,1
C005803,24.57,Sciences sociales,Cote-Nord,G0G,33584,16,264.4,0,0
C007370,25.64,Sante,Gaspesie-Iles-de-la-Madeleine,G0C,48133,5,291.0,0,0
C006061,27.7,Sante,Cote-Nord,G5B,46417,15,257.8,1,1
C007478,25.75,Arts et lettres,Cote-Nord,G0G,74042,11,237.9,1,0
C012915,32.91,Sciences,Capitale-Nationale,G2E,17200,5,35.1,0,1
C000351,28.33,Sante,Capitale-Nationale,G1V,111167,5,10.5,1,0
C003042,26.9,Genie,Gaspesie-Iles-de-la-Madeleine,G4X,60325,10,399.0,0,0
C007706,30.0,Genie,Capitale-Nationale,G1V,131611,5,23.1,0,1
C007156,32.05,Sciences,Capitale-Nationale,G1R,44405,7,2.3,0,1
C000887,23.15,Sciences,Capitale-Nationale,G1V,132816,13,16.9,0,0
C006012,31.74,Sante,Capitale-Nationale,G1R,94838,11,14.9,0,1
C006479,26.79,Sciences sociales,Montreal,H3T,58313,12,24.0,0,1
C005812,27.77,Sciences sociales,Montreal,H2X,56654,6,27.9,0,0
C002150,25.11,Sciences,Montreal,H3T,77505,16,25.1,0,1
C012060,27.92,Arts et lettres,Cote-Nord,G0G,34520,16,77.0,1,0
C009037,22.1,Sciences,Gaspesie-Iles-de-la-Madeleine,G0C,85584,18,466.3,1,0
C012479,21.07,Sciences sociales,Gaspesie-Iles-de-la-Madeleine,G0C,103914,5,209.4,1,0
C007951,27.04,Arts et lettres,Montreal,H2X,46269,8,11.1,0,0
C007629,27.44,Genie,Montreal,H1A,18383,12,17.3,0,1
C005581,26.62,Sante,Montreal,H4L,40261,9,23.9,0,0
C005956,27.36,Sante,Gaspesie-Iles-de-la-Madeleine,G4X,138914,8,479.5,0,0
C004305,29.83,Genie,Capitale-Nationale,G2E,138056,11,8.1,0,1
C010958,28.18,Sante,Capitale-Nationale,G1V,97984,6,16.2,0,1
C008279,29.65,Sciences,Montreal,H8N,64545,13,36.9,0,1
C004095,26.58,Sciences,Capitale-Nationale,G3A,46395,9,14.2,0,0
C002521,28.86,Sciences,Montreal,H3T,59067,14,20.7,0,1
C003966,26.06,Sante,Capitale-Nationale,G1V,102130,5,14.8,0,0
C001950,26.19,Sciences sociales,Gaspesie-Iles-de-la-Madeleine,G0C,34346,10,228.6,1,0
C000793,27.91,Genie,Montreal,H1A,64167,12,1.2,0,1
C012631,27.69,Sante,Gaspesie-Iles-de-la-Madeleine,G4X,96010,11,260.1,0,0
C006884,28.1,Sciences,Montreal,H1A,111986,6,51.0,0,1
C000153,29.5,Arts et lettres,Cote-Nord,G5B,24150,15,218.5,1,0
C009158,30.53,Genie,Montreal,H3T,90238,10,5.8,0,1
C001101,26.14,Sciences sociales,Montreal,H8N,179596,16,20.0,0,1
C005227,25.55,Sante,Montreal,H3T,58875,6,25.9,0,0
C005284,27.6,Sante,Gaspesie-Iles-de-la-Madeleine,G0C,47623,15,162.2,1,0
C003063,29.64,Sciences sociales,Cote-Nord,G0G,28271,8,157.5,1,0
C001776,30.02,Arts et lettres,Gaspesie-Iles-de-la-Madeleine,G5C,64499,10,90.9,0,1
C012405,35.48,Sante,Capitale-Nationale,G2E,89226,7,6.8,0,1
C008122,23.83,Sciences sociales,Cote-Nord,G4R,104111,10,280.9,0,0
C004228,29.79,Sciences,Capitale-Nationale,G3A,86643,4,4.9,0,1
C009526,31.04,Genie,Montreal,H2X,88460,14,4.6,1,1
C001696,25.81,Genie,Capitale-Nationale,G2E,91483,12,11.6,0,0
C013370,26.45,Arts et lettres,Bas-Saint-Laurent,G0L,66415,15,118.9,0,0
C012686,23.72,Sciences,Gaspesie-Iles-de-la-Madeleine,G0C,36785,13,178.5,1,0
C013637,26.47,Arts et lettres,Montreal,H8N,116010,17,5.8,0,1
C013282,23.39,Genie,Montreal,H3T,119343,7,17.7,0,0
C008654,29.37,Arts et lettres,Gaspesie-Iles-de-la-Madeleine,G5C,58743,14,116.1,1,1
C010418,33.7,Sciences sociales,Montreal,H3T,83525,8,18.9,1,1
C002453,30.42,Arts et lettres,Gaspesie-Iles-de-la-Madeleine,G5C,24040,9,134.3,1,1
C010715,29.09,Sciences,Montreal,H2X,180360,12,13.3,0,1
C013268,26.69,Arts et lettres,Gaspesie-Iles-de-la-Madeleine,G0C,135754,13,116.6,1,0
C004964,30.26,Genie,Montreal,H3T,31455,9,25.2,1,1
C013284,26.28,Sante,Gaspesie-Iles-de-la-Madeleine,G4X,58669,10,241.0,0,0
C000716,18.01,Arts et lettres,Capitale-Nationale,G2E,53193,13,12.8,0,0
C006128,26.48,Genie,Capitale-Nationale,G3A,93120,11,3.7,0,0
C009622,29.87,Sante,Montreal,H2X,42350,9,6.3,0,0
C002614,28.05,Arts et lettres,Capitale-Nationale,G3A,76819,8,7.1,0,0
C012162,26.09,Sante,Gaspesie-Iles-de-la-Madeleine,G0C,87799,15,135.0,1,0
C008354,30.57,Arts et lettres,Bas-Saint-Laurent,G5N,34787,8,75.4,1,0
C002086,25.36,Sante,Montreal,H8N,84348,15,11.5,0,0
C011052,31.13,Sante,Bas-Saint-Laurent,G5L,76190,14,274.4,1,1
C007482,32.55,Sciences,Capitale-Nationale,G3A,84271,11,6.7,1,1
C006599,23.35,Sciences,Montreal,H1A,101913,14,1.9,0,0
C008456,30.4,Genie,Montreal,H4L,94588,11,24.0,0,1
C011025,30.35,Sante,Montreal,H4L,108989,8,16.8,0,1
C009333,25.59,Arts et lettres,Montreal,H1A,99248,11,26.8,0,0
C001791,23.49,Arts et lettres,Cote-Nord,G5B,19508,15,423.7,0,0
C012183,30.37,Sante,Bas-Saint-Laurent,G0L,89146,12,171.5,1,1
C005180,30.78,Sciences,Cote-Nord,G5B,62474,17,351.5,1,1
C008164,24.95,Genie,Gaspesie-Iles-de-la-Madeleine,G5C,50698,8,213.3,0,1
C010412,29.13,Sciences,Montreal,H4L,66047,10,12.2,0,1
C011284,26.09,Arts et lettres,Montreal,H8N,37747,5,13.3,0,0
C010755,28.4,Genie,Montreal,H3T,35398,8,20.1,1,0
C005176,26.04,Sante,Montreal,H4L,85413,8,37.2,0,0
C001874,24.06,Sciences,Gaspesie-Iles-de-la-Madeleine,G4X,70783,7,522.0,0,0
C011311,25.62,Sciences,Capitale-Nationale,G3A,144455,7,28.1,0,0
C012747,29.09,Sciences sociales,Gaspesie-Iles-de-la-Madeleine,G4X,61862,15,121.0,1,1
C006965,29.1,Sciences,Montreal,H1A,66559,8,20.1,0,1
C013810,30.39,Sciences,Bas-Saint-Laurent,G5L,67003,13,147.5,0,1
C001296,25.68,Sciences,Montreal,H4L,92290,6,9.7,0,0
C003698,26.85,Genie,Bas-Saint-Laurent,G0L,64046,6,330.8,1,0
C003903,25.69,Sciences,Gaspesie-Iles-de-la-Madeleine,G5C,23999,12,163.4,0,0
C000441,26.34,Genie,Bas-Saint-Laurent,G5N,68826,13,392.3,0,0
C004577,26.61,Sciences sociales,Gaspesie-Iles-de-la-Madeleine,G4X,79177,8,201.0,0,0
C000412,28.03,Sante,Capitale-Nationale,G1R,98175,11,11.8,0,1
C003974,26.5,Genie,Capitale-Nationale,G1V,90425,15,33.8,0,1
C005817,27.03,Sciences sociales,Montreal,H1A,50300,12,6.3,0,1
C001849,21.2,Sciences sociales,Gaspesie-Iles-de-la-Madeleine,G0C,68979,15,76.4,1,0
C000306,27.93,Sciences,Gaspesie-Iles-de-la-Madeleine,G0C,52209,19,201.0,1,0
C002093,22.92,Genie,Capitale-Nationale,G1R,34419,9,35.2,0,0
C006924,27.25,Sciences sociales,Montreal,H2X,77200,12,9.4,0,0
C008193,31.42,Genie,Montreal,H2X,60047,7,10.6,0,1
C008797,27.46,Sante,Gaspesie-Iles-de-la-Madeleine,G4X,131898,11,127.5,0,0
C006264,30.17,Genie,Montreal,H1A,33490,10,11.6,0,0
C009978,24.39,Sciences sociales,Montreal,H2X,62769,13,8.2,0,0
C011126,25.92,Sante,Gaspesie-Iles-de-la-Madeleine,G4X,66051,15,310.8,0,0
C009841,27.1,Arts et lettres,Montreal,H8N,59215,4,18.4,1,0
C006774,27.35,Sciences,Gaspesie-Iles-de-la-Madeleine,G0C,132268,13,197.1,0,0
C005255,25.46,Arts et lettres,Gaspesie-Iles-de-la-Madeleine,G4X,57775,15,85.5,1,0
C004087,21.57,Sciences,Capitale-Nationale,G1R,128993,7,15.6,0,0
C002305,25.99,Sciences,Bas-Saint-Laurent,G0L,79007,16,177.4,1,0
C009314,30.28,Sciences,Montreal,H1A,72786,8,3.7,1,1
C002592,26.26,Arts et lettres,Gaspesie-Iles-de-la-Madeleine,G5C,51451,13,428.5,1,0
C012590,22.02,Genie,Gaspesie-Iles-de-la-Madeleine,G4X,96188,10,283.8,0,0
C001553,22.67,Genie,Bas-Saint-Laurent,G5N,63457,14,210.4,0,0
C010690,23.89,Sciences sociales,Montreal,H3T,48628,4,19.2,0,0
C009166,27.49,Sante,Bas-Saint-Laurent,G5L,45309,12,146.3,1,0
C007469,25.26,Arts et lettres,Bas-Saint-Laurent,G0L,46794,14,222.5,0,0
C005390,27.64,Sciences,Montreal,H2X,49702,4,23.2,0,0
C006525,28.34,Sciences sociales,Cote-Nord,G0G,39183,15,203.7,0,1
C009577,28.27,Sciences sociales,Montreal,H3T,108144,10,16.4,0,1
C010689,27.79,Sciences,Montreal,H3T,78698,8,21.6,0,0
C009300,33.75,Sciences,Montreal,H1A,70883,5,18.1,0,1
C005072,22.32,Genie,Bas-Saint-Laurent,G5L,43970,11,29.3,0,0
C011672,24.92,Sciences sociales,Capitale-Nationale,G1R,51318,11,26.8,1,0
C010202,29.87,Sciences sociales,Capitale-Nationale,G1R,96364,11,36.1,0,1
C004983,24.58,Sciences,Montreal,H2X,55829,8,29.9,0,0
C009011,23.55,Genie,Gaspesie-Iles-de-la-Madeleine,G5C,27637,14,259.5,1,0
C002499,23.44,Genie,Montreal,H2X,89349,12,19.7,1,0
C000526,27.9,Sante,Gaspesie-Iles-de-la-Madeleine,G0C,39849,14,88.0,0,0
C008670,28.83,Arts et lettres,Montreal,H2X,95994,13,53.6,1,1
C006191,23.28,Sante,Bas-Saint-Laurent,G0L,56477,14,128.0,1,0
C012627,23.08,Genie,Bas-Saint-Laurent,G0L,31904,15,284.0,0,0
C001496,29.51,Sciences sociales,Capitale-Nationale,G2E,94447,15,22.0,0,1
C007118,32.69,Arts et lettres,Montreal,H3T,51809,6,12.6,0,1
C012937,27.06,Sciences sociales,Montreal,H1A,58304,8,27.3,1,0
C000836,28.14,Genie,Capitale-Nationale,G1R,97573,11,15.6,0,1
C007993,31.81,Sciences sociales,Montreal,H1A,78528,12,32.7,1,1
C004959,27.12,Sciences,Montreal,H1A,64769,7,37.4,0,0
C000256,25.96,Sciences sociales,Montreal,H8N,46099,6,12.8,1,0
C004560,29.28,Genie,Cote-Nord,G5B,106138,15,134.1,1,0
C008441,32.98,Sciences,Capitale-Nationale,G1V,45628,13,30.9,0,1
C003495,28.26,Genie,Montreal,H4L,66845,12,13.9,0,1
C012964,31.89,Genie,Montreal,H1A,72313,5,27.9,1,1
C005844,27.89,Sciences,Bas-Saint-Laurent,G5L,49469,12,110.5,0,1
C010727,26.54,Genie,Montreal,H3T,81128,9,58.4,0,0
C006085,25.51,Sciences sociales,Gaspesie-Iles-de-la-Madeleine,G5C,20262,10,147.0,1,0
C007277,27.33,Arts et lettres,Cote-Nord,G4R,53284,10,152.3,1,0
C009738,32.39,Sciences sociales,Bas-Saint-Laurent,G0L,37219,11,265.7,1,0
C007093,24.94,Sante,Montreal,H4L,75620,13,2.9,1,0
C003976,23.5,Genie,Gaspesie-Iles-de-la-Madeleine,G4X,65200,16,190.2,1,0
C003746,26.73,Sciences sociales,Montreal,H1A,126558,15,9.4,0,0
C005757,31.43,Genie,Montreal,H1A,86471,8,30.4,1,1
C004025,24.76,Sciences,Montreal,H3T,48650,7,1.6,0,0
C013867,25.67,Arts et lettres,Cote-Nord,G4R,34221,9,232.9,1,0
C006421,23.96,Sciences,Montreal,H8N,94490,7,23.3,0,0
C005485,25.82,Sciences sociales,Bas-Saint-Laurent,G5L,28933,16,266.0,1,0
C001925,23.74,Sante,Montreal,H1A,56936,7,5.6,0,0
C008244,30.98,Arts et lettres,Montreal,H8N,59312,10,27.1,1,1
C004462,27.92,Genie,Capitale-Nationale,G2E,60393,4,39.5,1,0
C006004,31.26,Genie,Montreal,H2X,92852,7,9.3,0,1
C010938,24.9,Arts et lettres,Cote-Nord,G5B,115918,15,140.5,1,0
C002009,29.91,Arts et lettres,Cote-Nord,G5B,46880,14,156.5,0,1
C008176,32.75,Sciences,Montreal,H2X,74463,10,28.8,0,1
C000321,27.77,Genie,Cote-Nord,G4R,34928,18,258.0,0,0
C013135,28.68,Sciences sociales,Montreal,H3T,69549,8,4.6,0,0
C003463,30.56,Sciences,Capitale-Nationale,G2E,76856,7,9.0,1,1
C003250,28.64,Sciences sociales,Montreal,H8N,80006,10,8.1,0,1
C009573,25.78,Sciences,Montreal,H8N,130018,5,13.8,0,0
C012708,23.31,Sciences sociales,Bas-Saint-Laurent,G5N,53054,10,310.9,0,0
C012701,27.2,Sciences,Montreal,H1A,82258,12,27.3,0,0
C004346,31.14,Genie,Montreal,H4L,75917,10,8.1,0,1
C012310,28.6,Genie,Montreal,H4L,51363,10,18.7,0,0
C000732,27.17,Genie,Cote-Nord,G5B,157776,10,162.9,0,1
C000868,25.19,Genie,Montreal,H4L,71708,12,10.5,0,0
C013088,25.02,Sciences,Gaspesie-Iles-de-la-Madeleine,G0C,42882,14,211.1,0,0
C008291,30.63,Sciences,Bas-Saint-Laurent,G5N,53755,10,158.0,1,1
C009963,28.29,Sciences,Montreal,H4L,65092,9,11.1,0,1
C000378,33.62,Genie,Montreal,H3T,66196,9,14.1,0,1
C010664,29.95,Genie,Montreal,H4L,54851,12,30.1,0,1
C006200,27.38,Genie,Capitale-Nationale,G3A,83225,13,18.4,0,0
C011517,23.34,Arts et lettres,Capitale-Nationale,G2E,51249,5,4.1,0,0
C003468,31.3,Sciences sociales,Montreal,H4L,157660,9,8.7,1,1
C011308,26.1,Arts et lettres,Cote-Nord,G0G,78248,15,187.6,1,0
C003539,33.99,Sciences,Gaspesie-Iles-de-la-Madeleine,G0C,38026,18,279.0,0,1
C010479,30.32,Genie,Bas-Saint-Laurent,G0L,40922,9,217.6,1,1
C000860,29.62,Genie,Gaspesie-Iles-de-la-Madeleine,G0C,123880,8,315.5,1,1
C002696,29.46,Sciences sociales,Montreal,H8N,41613,10,4.6,0,1
C003594,27.2,Arts et lettres,Montreal,H4L,90421,4,31.6,0,0
C009205,31.39,Genie,Cote-Nord,G0G,125051,21,137.2,1,1
C007915,25.32,Sciences,Montreal,H2X,67185,7,17.1,0,0
C006654,29.23,Sante,Montreal,H8N,84433,12,44.7,1,0
C012203,28.46,Genie,Bas-Saint-Laurent,G0L,26649,13,155.4,0,0
C010494,29.09,Genie,Montreal,H1A,69709,9,25.1,0,1
C008387,26.7,Sante,Cote-Nord,G0G,39049,18,72.2,1,0
C010906,29.83,Arts et lettres,Cote-Nord,G5B,25912,10,332.9,0,0
C008410,24.73,Genie,Gaspesie-Iles-de-la-Madeleine,G4X,85737,14,203.6,1,0
C010462,31.29,Sciences,Capitale-Nationale,G2E,71322,5,5.1,0,1
C012493,29.87,Sante,Montreal,H4L,77974,11,17.6,0,1
C008329,25.15,Arts et lettres,Montreal,H3T,72997,9,37.3,1,0
C004534,23.05,Sciences,Montreal,H2X,47057,8,12.4,0,0
C005133,33.3,Sciences sociales,Bas-Saint-Laurent,G5N,53288,18,243.8,0,1
C004781,33.33,Arts et lettres,Cote-Nord,G5B,88458,16,335.7,0,1
C005327,30.35,Arts et lettres,Montreal,H4L,41587,7,22.7,1,1
C000522,25.75,Arts et lettres,Capitale-Nationale,G1R,58451,6,26.8,1,0
C009616,25.31,Sante,Capitale-Nationale,G1V,60642,9,10.0,0,0
C005989,29.42,Sciences,Gaspesie-Iles-de-la-Madeleine,G0C,62306,10,58.4,0,0
C008806,30.41,Sante,Montreal,H2X,91624,6,15.2,0,1
C006649,28.3,Sciences sociales,Gaspesie-Iles-de-la-Madeleine,G5C,44969,14,206.6,1,0
C013600,29.47,Sciences,Montreal,H3T,195052,7,8.6,0,1
C011874,27.29,Sciences,Capitale-Nationale,G2E,34673,5,19.9,1,0
C007113,28.04,Sante,Bas-Saint-Laurent,G5N,37086,11,255.9,0,0
C004363,22.41,Arts et lettres,Cote-Nord,G0G,33211,7,467.8,1,0
C011305,28.21,Genie,Montreal,H2X,55345,12,42.5,0,0
C004330,32.37,Sciences sociales,Montreal,H4L,84257,11,24.3,0,1
C001541,31.85,Arts et lettres,Bas-Saint-Laurent,G5L,47550,7,140.1,0,1
C000314,26.92,Arts et lettres,Gaspesie-Iles-de-la-Madeleine,G0C,37279,11,66.3,1,0
C006777,26.91,Sante,Cote-Nord,G4R,45681,9,260.9,0,0
C008824,33.3,Sciences,Montreal,H3T,41602,10,9.5,0,1
C003683,28.38,Sciences,Cote-Nord,G0G,97172,9,180.7,1,0
C009310,31.18,Arts et lettres,Montreal,H8N,95453,10,19.2,1,1
C006417,25.64,Arts et lettres,Gaspesie-Iles-de-la-Madeleine,G4X,40612,8,109.3,0,0
C009070,27.43,Arts et lettres,Montreal,H8N,53115,8,8.7,1,0
C007557,25.51,Genie,Montreal,H1A,57204,5,26.6,1,0
C009680,28.07,Sciences,Bas-Saint-Laurent,G5L,30709,18,257.9,1,0
C010174,26.61,Sciences,Montreal,H4L,94111,8,3.7,1,0
C006054,30.25,Arts et lettres,Bas-Saint-Laurent,G5N,102645,15,321.5,0,1
C008930,27.72,Sante,Montreal,H4L,69251,8,15.2,0,1
C012222,31.14,Sciences sociales,Montreal,H3T,44186,11,12.2,1,1
C013430,33.54,Genie,Capitale-Nationale,G3A,61460,14,4.9,1,1
C001123,27.3,Sante,Bas-Saint-Laurent,G0L,58991,10,103.0,1,0
C006882,26.63,Sante,Montreal,H2X,66440,9,10.9,0,1
C013346,28.61,Sciences sociales,Bas-Saint-Laurent,G0L,65117,8,372.9,0,0
C012363,26.23,Arts et lettres,Gaspesie-Iles-de-la-Madeleine,G0C,58947,9,130.6,0,0
C004746,28.88,Genie,Capitale-Nationale,G1V,44323,11,28.6,0,1
C012229,25.17,Sciences sociales,Bas-Saint-Laurent,G0L,29459,12,67.4,1,0
C001757,26.21,Sciences,Montreal,H3T,96222,5,4.9,0,0
C004998,26.47,Sciences sociales,Capitale-Nationale,G2E,105299,9,20.7,0,0
C002407,30.13,Arts et lettres,Gaspesie-Iles-de-la-Madeleine,G4X,47724,12,95.8,0,0
C007884,23.72,Genie,Capitale-Nationale,G1R,166371,10,24.6,0,0
C010714,28.28,Sciences,Montreal,H3T,89203,10,10.3,0,1
C010701,24.55,Sciences,Montreal,H1A,65480,9,14.8,1,0
C004576,27.8,Genie,Montreal,H4L,208988,13,7.0,0,1
C004097,20.05,Sciences sociales,Capitale-Nationale,G2E,69004,6,19.1,0,0
C008575,25.98,Sciences sociales,Cote-Nord,G4R,78474,12,62.9,1,0
C002215,25.76,Sciences sociales,Montreal,H3T,97687,8,52.6,0,0
C012731,25.19,Sante,Montreal,H2X,50267,12,51.3,1,0
C001382,24.75,Sciences,Montreal,H1A,25237,5,15.7,1,0
C009326,23.51,Arts et lettres,Montreal,H3T,93553,11,32.1,0,0
C007687,27.35,Sante,Bas-Saint-Laurent,G0L,52377,8,113.0,1,0
C009642,27.97,Genie,Montreal,H4L,61271,11,17.1,0,1
C004787,25.85,Arts et lettres,Gaspesie-Iles-de-la-Madeleine,G0C,114569,13,125.5,0,0
C004779,24.55,Sciences,Gaspesie-Iles-de-la-Madeleine,G0C,42332,11,142.3,0,0
C012034,22.26,Genie,Gaspesie-Iles-de-la-Madeleine,G4X,46550,18,377.6,0,0
C003210,30.81,Sante,Montreal,H3T,91892,11,2.7,0,1
C003349,25.02,Sante,Capitale-Nationale,G3A,85128,7,22.4,1,0
C009761,26.71,Sciences sociales,Gaspesie-Iles-de-la-Madeleine,G5C,80784,17,688.7,0,0
C008305,28.24,Sciences sociales,Gaspesie-Iles-de-la-Madeleine,G5C,69047,10,185.2,0,0
C006932,21.2,Genie,Montreal,H3T,88451,11,34.4,0,0
C001823,27.51,Sciences,Capitale-Nationale,G2E,58649,5,27.5,1,0
C005686,25.74,Sciences sociales,Capitale-Nationale,G1R,56007,8,5.0,0,1
C005332,26.47,Sciences sociales,Montreal,H4L,44545,12,8.2,0,0
C012644,24.89,Genie,Cote-Nord,G4R,44410,15,121.3,0,0
C004908,31.57,Sciences sociales,Capitale-Nationale,G1V,62920,9,45.4,0,1
C010144,28.6,Sciences sociales,Gaspesie-Iles-de-la-Madeleine,G4X,48023,13,250.9,0,1
C001107,23.33,Sante,Cote-Nord,G0G,66558,18,133.2,1,0
C002629,27.91,Sciences sociales,Bas-Saint-Laurent,G5L,69386,11,193.1,0,0
C004844,23.91,Genie,Gaspesie-Iles-de-la-Madeleine,G0C,68465,14,448.2,0,0
C006187,25.92,Sciences,Bas-Saint-Laurent,G5L,22994,11,131.6,1,0
C013688,29.11,Sciences,Cote-Nord,G5B,125444,13,309.0,1,1
C001022,23.59,Sciences sociales,Gaspesie-Iles-de-la-Madeleine,G4X,29332,7,262.5,0,0
C009610,24.37,Genie,Montreal,H1A,43668,12,13.1,0,0
C007939,26.61,Sciences sociales,Capitale-Nationale,G3A,163182,11,30.4,0,1
C012052,30.01,Sciences,Montreal,H1A,69104,11,26.4,0,1
C002590,26.22,Sciences sociales,Capitale-Nationale,G3A,100554,7,36.2,0,0
C011151,27.69,Genie,Capitale-Nationale,G1V,130981,8,9.3,0,0
C012307,27.89,Sciences,Montreal,H8N,27457,13,8.2,0,0
C009243,29.22,Arts et lettres,Montreal,H2X,58570,10,25.8,0,0
C010475,27.35,Sciences sociales,Montreal,H2X,75257,7,25.6,0,0
C007564,25.66,Sante,Montreal,H3T,184998,11,20.7,0,0
C008841,24.46,Genie,Capitale-Nationale,G1R,50260,12,18.4,1,0
C007116,23.88,Genie,Bas-Saint-Laurent,G5L,55794,5,146.4,1,0
C008873,28.69,Arts et lettres,Gaspesie-Iles-de-la-Madeleine,G5C,50109,9,65.4,1,0
C012826,28.37,Sciences sociales,Bas-Saint-Laurent,G0L,51249,9,201.4,1,0
C009227,22.9,Arts et lettres,Gaspesie-Iles-de-la-Madeleine,G4X,45244,14,295.6,0,0
C012412,22.37,Genie,Bas-Saint-Laurent,G5N,74007,14,130.4,0,0
C006425,30.07,Arts et lettres,Montreal,H4L,60701,11,17.1,0,1
C005878,25.42,Genie,Bas-Saint-Laurent,G5L,31503,14,109.9,0,0
C010880,28.64,Sciences,Montreal,H8N,154467,7,21.8,0,0
C012608,31.67,Genie,Gaspesie-Iles-de-la-Madeleine,G0C,66213,15,212.6,0,1
C003487,27.23,Sciences,Capitale-Nationale,G3A,57298,9,6.7,0,0
C009106,33.64,Sciences,Bas-Saint-Laurent,G5N,59664,16,228.0,1,1
C003953,25.53,Sciences,Capitale-Nationale,G3A,44919,7,5.9,0,0
C007562,30.95,Sciences,Montreal,H4L,116584,10,26.0,0,1
C011193,29.53,Sciences sociales,Montreal,H4L,119668,5,18.0,1,0
C009461,29.62,Genie,Montreal,H4L,39061,11,14.2,0,0
C013798,31.96,Sante,Bas-Saint-Laurent,G5L,132542,14,111.5,0,1
C012452,26.57,Genie,Montreal,H1A,50767,1,11.0,0,0
C000737,25.21,Sante,Gaspesie-Iles-de-la-Madeleine,G0C,59829,12,70.0,1,0
C011071,27.72,Sciences sociales,Bas-Saint-Laurent,G0L,47474,15,166.9,1,0
C013732,27.6,Arts et lettres,Montreal,H1A,96192,7,8.8,0,0
C013400,26.2,Genie,Bas-Saint-Laurent,G0L,39811,13,132.6,1,0
C009268,22.22,Genie,Montreal,H1A,61760,8,9.9,0,0
C007239,25.45,Sciences sociales,Montreal,H1A,62974,8,9.1,1,0
C006135,26.68,Sante,Cote-Nord,G4R,44437,10,270.9,1,0
C001894,29.34,Sante,Montreal,H4L,65442,9,6.7,0,1
C008048,30.23,Arts et lettres,Montreal,H1A,38977,14,40.3,1,1
C005865,27.45,Sciences,Montreal,H8N,80776,6,29.3,1,0
C011806,27.92,Genie,Cote-Nord,G4R,74550,8,302.7,0,0
C007525,30.17,Arts et lettres,Gaspesie-Iles-de-la-Madeleine,G5C,16731,9,157.1,0,0
C013006,25.17,Sante,Gaspesie-Iles-de-la-Madeleine,G5C,45460,12,176.9,1,0
C004696,28.5,Sante,Montreal,H3T,43903,7,58.6,0,0
C009447,22.72,Sciences sociales,Cote-Nord,G0G,47327,18,95.3,0,0
C010142,29.77,Sante,Bas-Saint-Laurent,G5L,17400,9,195.9,0,0
C003213,24.16,Genie,Cote-Nord,G5B,145906,13,177.6,0,0
C012943,28.46,Sciences,Montreal,H4L,81079,9,16.6,0,0
C001891,30.16,Sante,Montreal,H8N,51419,9,26.7,0,1
C006976,26.93,Sciences sociales,Cote-Nord,G4R,47969,20,89.6,0,1
C013178,26.11,Arts et lettres,Capitale-Nationale,G3A,193767,6,33.2,0,0
C003205,25.81,Genie,Montreal,H1A,49363,7,9.7,1,0
C010437,23.43,Sciences,Gaspesie-Iles-de-la-Madeleine,G4X,130356,12,227.8,1,0
C004567,30.53,Arts et lettres,Capitale-Nationale,G3A,72036,8,11.7,0,1
C004551,27.18,Sante,Montreal,H3T,64003,9,4.7,0,0
C008347,32.0,Sciences,Bas-Saint-Laurent,G0L,58858,7,254.0,0,1
C004818,29.82,Sciences sociales,Montreal,H4L,61437,15,37.3,1,1
C000608,25.1,Genie,Montreal,H2X,92000,12,20.2,0,0
C004948,29.65,Sante,Gaspesie-Iles-de-la-Madeleine,G4X,34521,11,84.6,1,0
C008143,32.38,Sante,Montreal,H1A,73343,16,7.8,0,1
C008915,27.71,Arts et lettres,Montreal,H1A,39376,10,34.4,0,0
C013904,27.79,Arts et lettres,Cote-Nord,G0G,45139,17,243.1,1,0
C001731,28.77,Genie,Capitale-Nationale,G3A,93067,8,22.2,0,1
C007711,30.58,Sciences,Capitale-Nationale,G1R,126759,10,7.8,1,1
C013357,31.9,Genie,Capitale-Nationale,G1V,40821,7,21.4,0,1
C001671,22.55,Sciences sociales,Capitale-Nationale,G2E,123725,12,56.0,0,0
C001187,31.77,Genie,Montreal,H4L,49940,8,33.2,1,1
C006453,29.33,Sciences sociales,Gaspesie-Iles-de-la-Madeleine,G4X,33049,18,355.6,0,0
C007946,29.49,Genie,Bas-Saint-Laurent,G5N,62060,15,196.2,0,0
C007458,30.8,Sante,Bas-Saint-Laurent,G0L,76044,10,201.4,0,1
C009626,25.66,Arts et lettres,Montreal,H1A,92612,11,9.5,0,0
C001808,27.74,Genie,Montreal,H1A,86739,6,27.7,1,0
C001486,30.29,Genie,Montreal,H1A,72122,11,24.6,0,1
C002197,26.45,Genie,Montreal,H3T,169770,12,13.0,0,1
C010604,26.38,Sciences sociales,Bas-Saint-Laurent,G5L,48228,16,209.0,0,0
C008604,25.67,Sante,Montreal,H4L,60471,17,24.3,0,1
C001630,30.71,Arts et lettres,Bas-Saint-Laurent,G5N,33384,9,281.4,1,1
C001058,25.46,Sciences,Bas-Saint-Laurent,G5L,105237,12,128.6,0,0
C005177,29.29,Sante,Capitale-Nationale,G3A,145705,8,4.5,0,1
C005651,25.91,Sante,Cote-Nord,G0G,47845,13,291.5,0,0
C004648,30.21,Sante,Gaspesie-Iles-de-la-Madeleine,G0C,52745,9,97.4,0,0
C007050,19.71,Arts et lettres,Montreal,H4L,75880,12,6.0,1,0
C011618,26.97,Genie,Montreal,H2X,47255,5,8.3,1,0
C011722,23.89,Sante,Capitale-Nationale,G1V,52176,7,7.1,0,0
C008707,30.42,Sciences sociales,Montreal,H2X,63711,8,22.1,0,1
C008826,25.7,Genie,Capitale-Nationale,G1R,55005,9,9.6,1,0
C001743,31.68,Sciences,Cote-Nord,G4R,50667,12,204.7,0,1
C001983,26.26,Sciences sociales,Bas-Saint-Laurent,G0L,45331,11,264.8,0,0
C007968,35.17,Arts et lettres,Montreal,H8N,80647,9,17.2,0,1
C001170,27.89,Sciences,Bas-Saint-Laurent,G5L,29371,12,201.9,0,0
C004194,30.69,Sante,Cote-Nord,G0G,72973,9,132.4,1,0
C010109,32.02,Sciences sociales,Montreal,H4L,105232,9,16.3,0,1
C013392,28.67,Arts et lettres,Cote-Nord,G5B,110700,8,260.5,0,0
C013095,24.23,Sciences sociales,Gaspesie-Iles-de-la-Madeleine,G0C,67268,14,184.6,0,0
C005230,28.09,Genie,Montreal,H3T,94588,11,15.9,0,1
C010293,26.68,Genie,Capitale-Nationale,G3A,97231,8,6.2,0,0
C009757,29.38,Arts et lettres,Gaspesie-Iles-de-la-Madeleine,G5C,62126,19,153.3,1,1
C011417,30.19,Genie,Cote-Nord,G5B,41400,12,227.4,0,0
C003379,25.78,Sciences,Montreal,H8N,79274,10,50.5,0,0
C009915,26.39,Sciences sociales,Bas-Saint-Laurent,G5L,56328,15,478.7,0,0
C011895,29.48,Genie,Montreal,H8N,81226,15,41.6,0,1
C012946,31.53,Sante,Bas-Saint-Laurent,G5L,63853,8,252.3,1,1
C008770,30.07,Arts et lettres,Gaspesie-Iles-de-la-Madeleine,G5C,32040,13,207.2,0,0
C000541,22.47,Sante,Capitale-Nationale,G2E,84337,8,41.0,0,0
C011245,24.41,Arts et lettres,Cote-Nord,G0G,47261,12,215.1,0,0
C012181,25.37,Sante,Gaspesie-Iles-de-la-Madeleine,G0C,117856,12,198.0,0,0
C004501,31.58,Sciences sociales,Capitale-Nationale,G1R,61846,10,43.7,0,1
C011836,32.5,Sante,Cote-Nord,G0G,64349,17,269.0,0,1
C007030,29.9,Sciences,Capitale-Nationale,G1R,65522,9,32.0,0,1
C013161,29.47,Sciences,Cote-Nord,G4R,95265,19,518.1,0,1
C000198,25.95,Genie,Montreal,H2X,35478,11,24.9,1,0
C002426,25.0,Sciences,Montreal,H1A,91452,2,16.2,0,0
C001588,18.4,Genie,Cote-Nord,G0G,58356,9,165.5,1,0
C006383,27.58,Arts et lettres,Montreal,H8N,58965,7,4.5,0,0
C011963,23.75,Arts et lettres,Cote-Nord,G0G,35714,15,180.4,0,0
C012415,34.55,Sciences sociales,Capitale-Nationale,G2E,60335,9,40.6,0,1
C007106,24.91,Sante,Capitale-Nationale,G3A,74052,7,50.8,0,0
C012164,25.77,Sciences sociales,Gaspesie-Iles-de-la-Madeleine,G4X,39455,11,93.7,1,0
C009370,26.93,Genie,Montreal,H3T,106436,10,3.9,0,0
C005239,32.09,Sante,Bas-Saint-Laurent,G0L,38503,10,163.9,1,1
C005936,25.05,Sciences,Cote-Nord,G5B,85596,15,377.0,0,0
C005574,27.98,Sciences sociales,Bas-Saint-Laurent,G5L,25571,12,355.8,1,0
C006146,33.78,Sciences,Montreal,H2X,58071,15,31.5,1,1
C013043,27.65,Sciences sociales,Bas-Saint-Laurent,G5L,56700,12,247.3,0,0
C013042,31.36,Sciences sociales,Cote-Nord,G5B,47274,11,90.6,1,0
C011188,23.89,Sciences,Montreal,H8N,163979,10,35.5,0,0
C011109,25.15,Sciences,Bas-Saint-Laurent,G5L,70899,9,322.2,0,0
C008011,23.38,Sante,Gaspesie-Iles-de-la-Madeleine,G4X,30689,16,286.6,0,0
C010076,31.96,Sciences sociales,Montreal,H1A,70710,12,33.4,1,1
C013908,28.21,Sante,Capitale-Nationale,G1R,160220,12,3.2,0,1
C009325,26.85,Genie,Bas-Saint-Laurent,G5L,37559,18,160.8,1,0
C005628,26.84,Arts et lettres,Montreal,H1A,47013,10,12.6,0,0
C010780,27.41,Arts et lettres,Gaspesie-Iles-de-la-Madeleine,G0C,16972,12,174.1,1,0
C002925,29.0,Sante,Cote-Nord,G0G,47904,11,141.0,0,0
C006553,29.12,Genie,Cote-Nord,G0G,42060,17,53.2,0,0
C011686,31.03,Sante,Cote-Nord,G0G,55941,13,110.0,1,1
C006301,25.73,Genie,Montreal,H4L,81468,3,31.4,1,0
C000863,31.58,Genie,Gaspesie-Iles-de-la-Madeleine,G0C,47100,13,169.4,1,1
C010425,26.59,Sante,Cote-Nord,G5B,36284,11,181.3,1,0
C012296,28.43,Sciences,Gaspesie-Iles-de-la-Madeleine,G4X,54677,7,362.6,0,0
C007876,30.45,Genie,Gaspesie-Iles-de-la-Madeleine,G0C,52995,17,91.8,0,1
C003406,27.57,Genie,Gaspesie-Iles-de-la-Madeleine,G4X,57963,10,150.2,1,0
C008093,26.0,Sciences sociales,Montreal,H3T,61544,10,18.2,0,1
C009345,27.76,Genie,Montreal,H1A,34091,14,31.6,0,0
C005378,28.08,Genie,Montreal,H2X,106376,9,59.6,1,1
C002227,28.77,Genie,Capitale-Nationale,G2E,78024,9,16.8,1,1
C006158,30.81,Sciences sociales,Bas-Saint-Laurent,G5N,62000,13,182.0,1,1
C009613,26.95,Arts et lettres,Bas-Saint-Laurent,G0L,49266,12,113.8,0,0
C010895,24.57,Genie,Bas-Saint-Laurent,G0L,66542,20,450.5,1,0
C012947,30.74,Sciences sociales,Montreal,H3T,30502,3,26.2,0,1
C002845,28.85,Sante,Cote-Nord,G5B,52164,10,487.0,1,0
C008126,25.6,Arts et lettres,Gaspesie-Iles-de-la-Madeleine,G5C,82600,14,197.9,0,0
C004102,31.67,Sante,Capitale-Nationale,G1V,77791,12,5.2,1,1
C003053,31.63,Sante,Cote-Nord,G0G,71827,16,183.1,1,1
C001683,27.11,Sante,Gaspesie-Iles-de-la-Madeleine,G0C,33461,14,242.5,0,0
C001055,29.05,Sciences sociales,Gaspesie-Iles-de-la-Madeleine,G0C,42704,12,245.6,1,0
C006853,26.56,Sciences,Montreal,H4L,61219,5,2.0,1,0
C002952,26.74,Sante,Capitale-Nationale,G1R,44976,10,12.6,0,0
C002077,24.29,Sciences sociales,Montreal,H8N,56608,7,31.2,0,0
C011966,32.61,Sciences sociales,Montreal,H8N,124306,9,15.3,0,1
C004801,24.24,Sante,Gaspesie-Iles-de-la-Madeleine,G0C,34928,16,286.0,0,0
C001772,29.34,Sciences sociales,Montreal,H8N,45830,14,46.7,0,1
C004499,31.93,Sciences,Montreal,H2X,115210,3,70.9,0,1
C000664,20.32,Arts et lettres,Montreal,H4L,61376,2,33.9,0,0
C012188,27.26,Sciences sociales,Montreal,H4L,71618,6,35.0,0,0
C005246,24.92,Sciences,Montreal,H2X,44224,10,4.2,0,0
C007724,27.59,Sciences,Cote-Nord,G5B,71710,10,103.7,0,0
C013919,30.12,Sciences,Montreal,H1A,175615,8,36.7,0,1
C010341,30.72,Arts et lettres,Montreal,H1A,85793,6,10.1,1,1
C000550,30.38,Sciences sociales,Capitale-Nationale,G1R,121627,11,20.4,0,1
C003982,27.89,Sante,Montreal,H3T,88131,7,14.2,0,1
C007400,30.55,Sciences sociales,Montreal,H1A,44376,10,7.8,0,1
C003756,31.04,Genie,Bas-Saint-Laurent,G0L,33548,7,163.8,0,1
C004398,28.93,Sciences sociales,Capitale-Nationale,G1V,59894,2,15.0,1,0
C009701,26.46,Genie,Bas-Saint-Laurent,G5L,146794,14,381.3,0,1
C009430,31.33,Sciences,Capitale-Nationale,G1V,57366,8,12.7,0,1
C010805,28.53,Sciences,Bas-Saint-Laurent,G0L,105950,14,212.4,0,0
C004726,31.4,Sciences sociales,Bas-Saint-Laurent,G0L,36756,16,152.6,0,1
C012711,30.78,Sciences,Montreal,H8N,109715,10,12.9,0,1
C013423,26.5,Sciences,Montreal,H4L,91747,8,32.3,0,1
C001194,26.89,Sciences sociales,Montreal,H4L,55226,11,22.1,0,0
C003040,29.09,Sciences,Bas-Saint-Laurent,G0L,99157,14,193.5,0,1
C000615,27.9,Sante,Montreal,H4L,45251,6,20.0,0,0
C010407,27.26,Sciences sociales,Bas-Saint-Laurent,G0L,66587,8,178.6,0,0
C005393,24.31,Sciences sociales,Montreal,H4L,50747,10,18.0,1,0
C012595,25.17,Arts et lettres,Cote-Nord,G5B,66412,16,143.4,1,0
C002464,28.63,Genie,Capitale-Nationale,G1R,65988,5,35.8,1,0
C007256,25.46,Sante,Capitale-Nationale,G3A,40405,5,3.9,0,0
C002489,29.22,Sciences,Capitale-Nationale,G1V,63945,11,8.8,1,1
C006084,29.14,Genie,Montreal,H2X,41227,9,10.9,0,1
C013901,26.92,Sante,Gaspesie-Iles-de-la-Madeleine,G5C,115741,11,226.0,1,0
C013839,29.07,Genie,Bas-Saint-Laurent,G5N,31387,6,240.3,0,0
C011688,28.32,Sciences sociales,Capitale-Nationale,G3A,74885,14,18.8,1,1
C006968,22.08,Genie,Cote-Nord,G4R,25691,17,196.4,1,0
C010271,25.26,Genie,Montreal,H2X,68186,6,9.8,0,0
C005024,26.16,Genie,Capitale-Nationale,G1V,48692,6,53.0,0,0
C001645,29.28,Sciences sociales,Montreal,H2X,65575,8,11.7,0,1
C005089,27.9,Genie,Montreal,H2X,83290,12,23.1,0,1
C000971,24.84,Sante,Montreal,H4L,63017,2,7.2,1,0
C003873,31.07,Sante,Montreal,H3T,75727,4,23.9,1,1
C003839,28.31,Sciences,Bas-Saint-Laurent,G0L,95508,17,303.6,0,0
C006141,27.53,Sciences,Capitale-Nationale,G3A,67607,9,31.6,0,0
C013395,29.9,Sante,Gaspesie-Iles-de-la-Madeleine,G0C,121709,15,179.2,0,1
C003575,29.96,Genie,Montreal,H2X,100970,15,20.6,1,1
C000784,21.88,Sante,Gaspesie-Iles-de-la-Madeleine,G4X,27403,15,227.8,0,0
C012072,24.7,Genie,Montreal,H3T,130173,5,10.4,0,0
C000424,28.71,Sante,Montreal,H2X,43127,6,11.8,1,1
C003565,22.22,Sciences sociales,Montreal,H8N,55121,10,12.0,0,0
C006076,19.7,Sante,Bas-Saint-Laurent,G5N,43552,9,67.7,0,0
C011640,27.12,Sciences sociales,Bas-Saint-Laurent,G0L,42491,12,150.8,0,0
C000617,27.13,Genie,Montreal,H8N,91586,10,33.9,0,0
C005201,29.18,Sciences,Montreal,H4L,23091,11,37.8,1,1
C000979,24.36,Arts et lettres,Bas-Saint-Laurent,G0L,39227,16,83.8,1,0
C002454,25.08,Sciences sociales,Montreal,H1A,101135,16,2.9,0,0
C012341,24.61,Sante,Montreal,H8N,54335,11,5.9,0,0
C004633,26.26,Arts et lettres,Bas-Saint-Laurent,G5L,26214,15,72.5,1,0
C005662,33.53,Sciences,Montreal,H4L,91600,14,11.4,0,1
C008178,29.09,Sciences,Montreal,H3T,83964,6,6.9,0,1
C003432,27.04,Sante,Montreal,H1A,100516,5,6.9,0,0
C009772,31.14,Genie,Montreal,H2X,77959,8,22.4,0,1
C000447,26.73,Arts et lettres,Capitale-Nationale,G1V,105807,10,31.5,1,1
C007130,30.37,Sciences sociales,Bas-Saint-Laurent,G5N,25637,15,199.3,1,0
C013628,27.87,Arts et lettres,Bas-Saint-Laurent,G5L,57864,11,285.2,0,0
C011196,34.16,Sante,Montreal,H1A,59686,10,8.5,1,1
C010111,31.93,Sante,Capitale-Nationale,G1R,97380,9,26.7,0,1
C006439,23.43,Sciences,Bas-Saint-Laurent,G5N,79995,15,425.0,1,0
C003056,26.52,Sciences,Montreal,H3T,57255,6,14.2,0,0
C000602,26.94,Sciences,Montreal,H3T,51485,11,22.0,0,1
C009614,31.61,Sciences,Montreal,H8N,60976,10,26.5,0,1
C003397,31.93,Sciences,Montreal,H2X,132722,8,55.6,0,1
C007916,22.73,Arts et lettres,Capitale-Nationale,G1R,54207,8,17.1,0,0
C004062,24.11,Arts et lettres,Capitale-Nationale,G1R,87997,7,17.8,0,0
C003828,29.86,Arts et lettres,Gaspesie-Iles-de-la-Madeleine,G0C,48988,15,263.4,0,1
C003520,25.42,Sciences sociales,Bas-Saint-Laurent,G0L,34206,15,90.9,1,0
C005622,31.32,Genie,Montreal,H3T,67293,7,9.8,0,1
C002013,21.47,Sciences sociales,Montreal,H3T,66457,8,14.9,1,0
C008409,27.4,Sciences sociales,Montreal,H3T,56715,9,15.2,0,0
C009281,30.19,Sciences,Montreal,H3T,119273,7,27.2,1,1
C013001,22.51,Sciences,Montreal,H2X,76440,7,3.3,0,0
C006748,25.28,Sciences sociales,Montreal,H8N,96887,12,12.7,0,0
C005636,22.3,Sciences sociales,Montreal,H3T,86765,10,30.9,0,0
C006104,25.3,Sciences,Montreal,H3T,102926,9,12.6,0,0
C007179,24.85,Sciences,Montreal,H8N,117448,7,8.0,0,0
C002902,28.06,Sciences sociales,Capitale-Nationale,G1V,107727,11,27.2,0,1
C005579,28.6,Genie,Capitale-Nationale,G2E,71469,6,23.8,0,1
C000358,31.54,Sciences,Capitale-Nationale,G1V,194168,8,6.8,0,1
C009417,22.23,Arts et lettres,Capitale-Nationale,G2E,54930,7,12.7,0,0
C011817,26.81,Sante,Bas-Saint-Laurent,G0L,38320,17,168.4,1,0
C012896,29.89,Genie,Capitale-Nationale,G1V,48997,4,31.9,0,1
C008878,31.06,Sciences,Gaspesie-Iles-de-la-Madeleine,G0C,18815,13,111.8,0,0
C007721,25.34,Arts et lettres,Capitale-Nationale,G3A,45690,12,45.4,1,0
C002429,25.89,Genie,Gaspesie-Iles-de-la-Madeleine,G0C,35157,20,274.7,0,0
C013924,26.88,Genie,Capitale-Nationale,G1R,26501,7,12.6,0,0
C007198,30.66,Sante,Montreal,H3T,24358,10,10.3,1,1
C003046,27.03,Sciences,Montreal,H1A,111123,8,5.1,0,0
C005359,26.66,Genie,Bas-Saint-Laurent,G5L,40892,17,161.8,1,0
C009470,28.2,Genie,Capitale-Nationale,G3A,61146,9,21.9,0,0
C012386,27.81,Sciences sociales,Montreal,H4L,132323,14,3.2,0,0
C005635,27.16,Arts et lettres,Montreal,H1A,119993,10,28.2,0,1
C007603,31.23,Arts et lettres,Montreal,H3T,62216,8,8.1,0,1
C004297,28.19,Sciences,Bas-Saint-Laurent,G5L,33962,14,244.8,0,0
C002778,28.41,Genie,Capitale-Nationale,G2E,68961,10,5.3,0,1
C012404,27.82,Sciences sociales,Gaspesie-Iles-de-la-Madeleine,G0C,37652,14,101.0,1,0
C005992,27.87,Arts et lettres,Capitale-Nationale,G1V,51850,8,22.7,0,0
C010590,30.61,Arts et lettres,Montreal,H4L,42123,4,19.6,1,1
C013307,31.86,Genie,Capitale-Nationale,G1V,92643,11,10.2,0,1
C002815,27.29,Sciences sociales,Gaspesie-Iles-de-la-Madeleine,G5C,60761,16,209.9,0,0
C013194,28.97,Sciences sociales,Capitale-Nationale,G1R,39948,10,10.2,0,1
C003893,23.27,Sciences sociales,Gaspesie-Iles-de-la-Madeleine,G4X,66444,17,256.9,1,0
C002957,26.09,Sante,Montreal,H4L,48134,10,6.1,1,0
C009940,27.4,Arts et lettres,Montreal,H8N,50811,5,0.3,0,0
C007379,28.74,Sciences sociales,Bas-Saint-Laurent,G5N,42191,11,126.4,0,0
C003026,25.94,Sante,Capitale-Nationale,G1V,91386,10,24.5,1,0
C003071,27.59,Arts et lettres,Gaspesie-Iles-de-la-Madeleine,G5C,39754,17,159.9,0,0
C005584,28.02,Sciences sociales,Cote-Nord,G0G,41535,9,397.5,0,0
C000116,20.29,Sciences,Montreal,H8N,81459,8,7.2,0,0
C004813,26.78,Genie,Montreal,H3T,124658,14,21.0,1,1
C011798,24.34,Sciences sociales,Bas-Saint-Laurent,G0L,79748,10,234.7,0,0
C013425,30.12,Arts et lettres,Capitale-Nationale,G1V,53945,5,4.2,0,1
C006798,30.04,Arts et lettres,Bas-Saint-Laurent,G5N,64521,14,51.5,1,1
C004444,32.49,Genie,Montreal,H4L,52619,7,5.6,0,1
C009180,27.87,Arts et lettres,Gaspesie-Iles-de-la-Madeleine,G0C,39240,13,224.0,1,0
C005333,23.38,Genie,Montreal,H8N,86866,6,14.0,0,0
C010728,27.38,Arts et lettres,Bas-Saint-Laurent,G5N,86226,11,101.7,1,0
C011507,29.26,Sante,Gaspesie-Iles-de-la-Madeleine,G5C,61022,14,128.2,0,1
C003062,29.14,Sciences,Bas-Saint-Laurent,G0L,39809,16,226.2,0,0
C011480,24.62,Sciences,Bas-Saint-Laurent,G0L,54696,14,351.4,1,0
C001779,21.53,Genie,Capitale-Nationale,G1V,55300,8,8.5,0,0
C010177,27.73,Sciences sociales,Montreal,H1A,81992,7,13.4,0,0
C005404,26.23,Sciences,Cote-Nord,G4R,55729,19,351.4,1,0
C012028,31.16,Arts et lettres,Capitale-Nationale,G2E,47997,4,5.1,1,1
C001068,27.63,Genie,Gaspesie-Iles-de-la-Madeleine,G0C,30875,10,140.0,0,0
C010636,28.33,Sciences,Montreal,H1A,70929,8,11.4,0,0
C013916,31.61,Genie,Capitale-Nationale,G1V,86291,9,4.7,0,1
C002025,23.5,Sante,Bas-Saint-Laurent,G5L,79315,16,264.2,1,0
C013252,25.05,Sciences,Montreal,H8N,86672,8,11.4,1,0
C003544,26.83,Arts et lettres,Cote-Nord,G0G,79582,11,184.8,0,0
C004037,32.71,Arts et lettres,Capitale-Nationale,G3A,61476,13,24.5,0,1
C008643,25.66,Arts et lettres,Gaspesie-Iles-de-la-Madeleine,G5C,32813,8,210.8,1,0
C010027,29.49,Arts et lettres,Capitale-Nationale,G1R,120345,3,26.7,0,1
C002667,24.76,Arts et lettres,Capitale-Nationale,G1R,57951,8,5.3,0,0
C011699,30.24,Sciences sociales,Montreal,H1A,117292,10,46.6,0,1
C000149,30.39,Arts et lettres,Montreal,H1A,52985,9,7.9,0,1
C004342,29.08,Sciences,Capitale-Nationale,G2E,57903,5,47.9,0,1
C011562,27.5,Arts et lettres,Cote-Nord,G5B,53227,8,267.3,0,0
C009019,24.36,Arts et lettres,Montreal,H8N,122485,7,58.5,0,0
C009001,30.61,Sciences sociales,Gaspesie-Iles-de-la-Madeleine,G4X,49635,18,247.6,0,1
C003917,29.04,Sante,Bas-Saint-Laurent,G5N,70021,8,191.2,0,0
C002638,25.37,Genie,Montreal,H1A,68966,4,12.1,0,0
C007588,30.44,Sciences sociales,Bas-Saint-Laurent,G5N,62364,23,174.3,0,1
C007933,26.61,Sante,Montreal,H1A,38518,8,9.3,1,0
C003663,27.94,Sciences,Cote-Nord,G4R,36172,17,50.8,1,0
C011828,30.05,Arts et lettres,Bas-Saint-Laurent,G5L,25389,12,156.1,0,0
C001018,24.53,Sciences,Cote-Nord,G5B,41532,11,304.8,0,0
C000448,27.46,Sciences,Gaspesie-Iles-de-la-Madeleine,G0C,37954,15,170.2,0,0
C001730,29.67,Sciences sociales,Capitale-Nationale,G3A,59859,7,15.2,0,1
C002237,25.31,Sciences sociales,Capitale-Nationale,G2E,95522,11,13.9,1,0
C006495,25.11,Arts et lettres,Capitale-Nationale,G1V,75115,14,21.0,0,0
C007684,27.67,Sciences sociales,Montreal,H8N,73842,15,21.5,0,0
C006509,24.51,Sante,Bas-Saint-Laurent,G5N,59122,9,51.3,0,0
C009463,32.92,Arts et lettres,Montreal,H2X,33014,8,51.0,0,1
C010278,28.51,Arts et lettres,Montreal,H8N,62926,12,22.3,0,0
C005160,25.93,Arts et lettres,Capitale-Nationale,G2E,138604,8,19.8,0,0
C009414,30.67,Arts et lettres,Bas-Saint-Laurent,G5N,48268,10,141.6,0,1
C010813,31.86,Genie,Montreal,H4L,65586,11,52.9,0,1
C005274,27.03,Sciences,Montreal,H1A,29593,13,15.7,1,0
C001994,28.69,Arts et lettres,Montreal,H4L,107085,8,13.8,1,1
C002063,32.57,Arts et lettres,Capitale-Nationale,G1V,54375,12,3.3,1,1
C005079,20.24,Sciences,Bas-Saint-Laurent,G5N,92345,13,201.2,1,0
C011542,32.77,Sante,Capitale-Nationale,G1R,32107,7,3.0,0,1
C000626,27.62,Genie,Montreal,H2X,68366,4,9.5,0,1
C013271,30.33,Sciences sociales,Cote-Nord,G0G,40192,18,349.3,0,1
C007917,24.1,Arts et lettres,Montreal,H2X,150993,9,34.7,0,0
C003310,28.95,Genie,Capitale-Nationale,G3A,54081,8,41.1,0,1
C000571,33.07,Sciences sociales,Gaspesie-Iles-de-la-Madeleine,G5C,82438,13,61.3,1,1
C002804,28.3,Sciences sociales,Capitale-Nationale,G1V,154065,5,1.5,0,1
C001868,25.8,Arts et lettres,Bas-Saint-Laurent,G5N,33448,15,225.5,0,0
C005944,25.69,Arts et lettres,Capitale-Nationale,G3A,54276,10,7.8,0,0
C008504,20.47,Arts et lettres,Bas-Saint-Laurent,G5L,119431,8,270.6,0,0
C002759,25.84,Genie,Bas-Saint-Laurent,G5N,41631,7,296.8,0,0
C002501,25.5,Sante,Bas-Saint-Laurent,G0L,53913,13,104.4,0,0
C003307,28.12,Genie,Montreal,H3T,71630,6,19.4,0,0
C012144,25.42,Genie,Montreal,H8N,49765,12,16.2,1,0
C011222,28.06,Genie,Cote-Nord,G0G,36371,10,248.5,0,0
C007017,28.82,Sante,Montreal,H3T,91767,8,11.0,1,1
C010175,25.86,Arts et lettres,Bas-Saint-Laurent,G5L,39178,6,169.9,0,0
C001867,27.58,Sciences sociales,Gaspesie-Iles-de-la-Madeleine,G0C,31737,11,313.5,0,0
C001082,23.93,Genie,Montreal,H8N,49866,7,30.0,0,0
C009988,26.56,Genie,Capitale-Nationale,G2E,130619,15,12.1,0,0
C005162,26.2,Sante,Bas-Saint-Laurent,G5N,76240,14,213.9,0,0
C011036,30.86,Genie,Bas-Saint-Laurent,G5L,86091,11,169.7,1,0
C005391,29.3,Genie,Montreal,H1A,43180,15,9.8,0,1
C003240,21.38,Genie,Montreal,H8N,39877,8,34.6,0,0
C006483,27.84,Genie,Capitale-Nationale,G2E,83455,9,19.9,0,0
C013697,29.12,Genie,Montreal,H1A,66097,8,13.3,0,0
C004123,26.77,Sciences,Cote-Nord,G4R,69622,16,144.0,0,0
C009824,24.73,Sciences sociales,Montreal,H8N,27774,13,15.3,0,0
C006954,29.87,Arts et lettres,Bas-Saint-Laurent,G5N,51228,19,189.6,1,1
C011619,20.49,Sciences,Bas-Saint-Laurent,G5L,40061,9,288.8,1,0
C010322,27.87,Sciences,Montreal,H2X,32853,11,9.9,1,0
C009393,31.31,Arts et lettres,Capitale-Nationale,G2E,30699,10,20.0,0,1
C007077,29.01,Genie,Montreal,H1A,144664,6,22.4,0,0
C011535,31.74,Sciences sociales,Montreal,H8N,87034,3,23.6,0,1
C008218,29.92,Sciences sociales,Montreal,H2X,45717,11,15.9,1,1
C001670,29.28,Sciences,Montreal,H2X,42370,6,8.2,0,1
C013033,30.12,Sciences,Capitale-Nationale,G1R,36986,7,50.1,0,1
C012869,27.2,Sante,Cote-Nord,G0G,53445,14,165.4,0,0
C012433,25.86,Genie,Montreal,H1A,88684,6,6.9,0,0
C003826,25.43,Sciences sociales,Montreal,H2X,144896,8,5.1,1,1
C013036,27.13,Arts et lettres,Montreal,H1A,78461,12,13.8,0,0
C007010,25.37,Genie,Montreal,H3T,128445,16,42.3,1,0
C003269,25.87,Arts et lettres,Montreal,H3T,85732,5,10.4,1,0
C010797,29.74,Sciences sociales,Montreal,H1A,87554,12,31.1,0,1
C003649,26.7,Sciences sociales,Cote-Nord,G0G,25534,14,218.6,0,0
C008633,29.79,Sante,Cote-Nord,G4R,38398,13,415.4,1,1
C004616,23.91,Sciences,Gaspesie-Iles-de-la-Madeleine,G5C,130585,10,322.2,1,0
C011495,30.17,Sciences sociales,Montreal,H4L,69445,11,17.2,0,1
C011781,24.65,Sciences sociales,Bas-Saint-Laurent,G5L,30898,14,431.9,0,0
C009862,27.28,Sciences,Bas-Saint-Laurent,G5L,106400,19,210.9,0,0
C001429,35.9,Sciences,Montreal,H1A,96263,9,7.4,0,1
C002156,30.07,Arts et lettres,Cote-Nord,G0G,84270,7,160.0,0,1
C006934,33.58,Genie,Montreal,H1A,37621,6,20.1,1,1
C009581,30.8,Genie,Montreal,H1A,85053,8,7.6,0,1
C005768,25.36,Sante,Bas-Saint-Laurent,G0L,23995,15,389.2,0,0
C006677,28.16,Arts et lettres,Bas-Saint-Laurent,G0L,63435,17,301.5,0,0
C013285,29.53,Sante,Capitale-Nationale,G1R,93323,8,33.5,1,1
C001685,29.03,Sante,Capitale-Nationale,G1R,92386,15,8.2,0,1
C001560,24.94,Sciences sociales,Montreal,H1A,53563,10,22.4,0,0
C002730,30.45,Sciences,Montreal,H1A,83240,10,15.5,0,1
C001566,30.46,Sciences,Cote-Nord,G4R,45702,10,195.6,0,1
C004933,24.62,Genie,Bas-Saint-Laurent,G5N,36821,11,128.1,0,0
C009854,20.73,Sciences,Montreal,H8N,56021,7,13.0,1,0
C013954,24.46,Sciences,Montreal,H3T,105574,7,10.8,1,0
C005316,26.78,Arts et lettres,Cote-Nord,G4R,32828,16,169.7,0,0
C002286,25.83,Sciences sociales,Capitale-Nationale,G1V,68014,11,34.3,0,0
C005172,27.23,Arts et lettres,Cote-Nord,G0G,43411,12,96.4,0,0
C001037,26.54,Arts et lettres,Montreal,H8N,82505,6,18.8,0,0
C001092,32.3,Genie,Montreal,H1A,95753,9,17.9,0,1
C006394,27.1,Sciences sociales,Bas-Saint-Laurent,G0L,42996,14,224.3,0,0
C012530,28.38,Sciences,Cote-Nord,G5B,72717,16,181.0,0,0
C005737,29.18,Sciences sociales,Montreal,H2X,141498,4,29.5,0,1
C002738,27.43,Genie,Capitale-Nationale,G1V,57977,7,22.1,0,1
C011238,28.5,Sciences sociales,Capitale-Nationale,G1R,101421,7,9.2,0,1
C002990,31.59,Sciences sociales,Bas-Saint-Laurent,G0L,79302,17,210.9,0,1
C000518,31.5,Genie,Capitale-Nationale,G2E,81828,13,23.5,1,1
C000395,23.11,Sciences sociales,Cote-Nord,G0G,74485,15,548.0,0,0
C013795,26.49,Sciences sociales,Montreal,H2X,39146,11,20.0,1,0
C006450,27.03,Genie,Montreal,H4L,104266,13,14.5,1,1
C005670,26.2,Arts et lettres,Capitale-Nationale,G1R,41045,8,12.7,1,0
C009260,33.59,Sciences,Gaspesie-Iles-de-la-Madeleine,G4X,34138,15,97.4,1,1
C011649,29.04,Arts et lettres,Montreal,H8N,180975,11,12.0,1,1
C013412,28.02,Genie,Bas-Saint-Laurent,G5L,18902,12,172.1,0,0
C011675,26.56,Sciences sociales,Gaspesie-Iles-de-la-Madeleine,G4X,47492,15,325.1,0,0
C003948,25.02,Sciences,Capitale-Nationale,G3A,104119,11,52.8,0,0
C001789,22.82,Arts et lettres,Capitale-Nationale,G1V,51052,12,15.7,0,0
C004865,26.28,Sante,Capitale-Nationale,G2E,85388,7,17.8,0,0
C009278,29.09,Arts et lettres,Bas-Saint-Laurent,G5N,61906,12,130.2,0,1
C010730,31.91,Sciences sociales,Capitale-Nationale,G1V,64823,11,11.3,1,1
C004313,27.07,Sciences,Montreal,H8N,89382,9,3.3,0,0
C013693,29.33,Sante,Bas-Saint-Laurent,G5L,27816,19,234.3,1,1
C010884,31.08,Genie,Montreal,H8N,85770,12,16.7,1,1
C000706,27.59,Sciences,Montreal,H3T,115372,7,23.2,0,0
C006756,25.08,Sante,Gaspesie-Iles-de-la-Madeleine,G5C,41553,10,111.9,1,0
C000755,24.93,Genie,Montreal,H1A,54335,10,10.2,0,0
C011366,30.45,Genie,Montreal,H4L,121536,10,9.1,1,1
C002955,24.62,Sciences sociales,Montreal,H8N,94152,8,5.3,1,0
C007334,32.2,Sciences sociales,Montreal,H1A,82750,7,14.5,0,1
C000473,22.68,Sante,Gaspesie-Iles-de-la-Madeleine,G0C,55180,13,77.7,0,0
C006743,22.34,Genie,Capitale-Nationale,G1V,48842,12,13.2,0,0
C012346,27.03,Sante,Bas-Saint-Laurent,G0L,48354,10,360.3,0,0
C013830,25.9,Genie,Capitale-Nationale,G2E,84951,5,19.6,0,0
C011819,27.05,Sciences sociales,Capitale-Nationale,G1R,86356,14,12.3,0,1
C012814,27.99,Genie,Montreal,H4L,39731,9,36.1,1,0
C008999,28.81,Arts et lettres,Capitale-Nationale,G3A,56718,5,15.4,0,1
C012829,30.48,Sante,Cote-Nord,G4R,93766,10,137.6,0,1
C007292,24.68,Sante,Bas-Saint-Laurent,G0L,55558,14,224.6,0,0
C013499,34.34,Sante,Montreal,H8N,79646,6,32.4,1,1
C012353,32.09,Sante,Bas-Saint-Laurent,G0L,33957,15,85.7,1,1
C009774,29.32,Genie,Capitale-Nationale,G1V,88104,7,21.1,0,1
C000708,27.07,Genie,Montreal,H4L,69904,8,9.8,0,0
C005595,32.38,Genie,Montreal,H4L,89362,3,20.7,0,1
C001656,26.72,Sciences sociales,Montreal,H8N,54657,10,46.8,0,0
C010359,28.9,Sciences sociales,Gaspesie-Iles-de-la-Madeleine,G5C,72072,15,152.0,0,0
C013538,25.82,Sante,Montreal,H3T,56798,13,7.0,1,0
C013115,28.59,Genie,Gaspesie-Iles-de-la-Madeleine,G4X,43534,13,684.1,0,0
C006555,29.82,Sciences sociales,Montreal,H2X,33151,10,21.5,0,1
C009352,29.49,Sciences,Gaspesie-Iles-de-la-Madeleine,G0C,91267,12,75.9,0,1
C008129,29.89,Sciences,Cote-Nord,G5B,97029,11,181.6,1,1
C006591,29.77,Sciences,Capitale-Nationale,G2E,61222,6,14.7,1,1
C013650,29.45,Sciences,Gaspesie-Iles-de-la-Madeleine,G5C,77962,12,108.2,1,0
C000897,26.61,Genie,Bas-Saint-Laurent,G5N,58196,16,215.0,0,0
C006703,30.55,Sante,Montreal,H4L,74440,9,23.1,1,0
C000922,29.85,Genie,Bas-Saint-Laurent,G5L,46022,12,432.0,0,1
C001204,30.4,Sciences,Cote-Nord,G0G,52127,10,110.8,0,1
C010267,27.28,Genie,Montreal,H8N,71099,7,19.8,0,0
C003271,24.48,Genie,Montreal,H4L,70046,11,18.9,0,0
C009216,21.4,Sciences,Montreal,H3T,32253,14,9.7,0,0
C009552,31.3,Sciences,Capitale-Nationale,G1V,75194,10,3.8,1,1
C000491,27.13,Genie,Bas-Saint-Laurent,G5N,47038,17,514.9,1,0
C001871,24.56,Genie,Montreal,H4L,91209,7,12.7,0,0
C001582,25.94,Sciences,Montreal,H4L,51313,4,11.3,0,0
C009656,24.38,Sciences sociales,Montreal,H1A,36454,5,38.5,0,0
C012770,28.85,Sciences sociales,Montreal,H8N,42119,5,17.4,0,0
C009876,27.56,Sciences sociales,Capitale-Nationale,G1V,70748,9,18.3,0,1
C001966,26.19,Sciences sociales,Montreal,H2X,108252,9,8.3,0,0
C011138,29.52,Sciences sociales,Gaspesie-Iles-de-la-Madeleine,G4X,42386,10,214.4,1,0
C006574,28.31,Sciences,Bas-Saint-Laurent,G0L,61662,13,219.1,0,0
C006511,29.3,Sante,Cote-Nord,G5B,68414,12,163.3,0,1
C009508,30.33,Sciences sociales,Gaspesie-Iles-de-la-Madeleine,G5C,51551,10,230.7,0,1
C002551,30.04,Sciences sociales,Capitale-Nationale,G1R,53303,13,12.9,0,1
C006661,27.33,Sciences sociales,Bas-Saint-Laurent,G5N,30981,11,292.8,0,0
C009976,23.6,Sciences,Montreal,H2X,58462,14,17.3,0,0
C011719,27.99,Arts et lettres,Gaspesie-Iles-de-la-Madeleine,G0C,36028,12,216.5,0,0
C004861,31.7,Sciences,Montreal,H3T,54687,10,32.7,0,1
C009990,33.23,Sante,Capitale-Nationale,G1V,77106,5,31.8,0,1
C004415,27.25,Genie,Montreal,H2X,53083,10,4.1,0,0
C008778,26.46,Genie,Montreal,H4L,105357,5,7.1,0,0
C000134,28.0,Sante,Bas-Saint-Laurent,G5N,52816,13,171.2,0,0
C012688,29.77,Genie,Capitale-Nationale,G1R,187553,10,26.2,1,1
C009218,27.68,Sciences,Cote-Nord,G0G,53399,9,25.7,0,0
C011066,25.05,Arts et lettres,Montreal,H1A,39848,10,22.8,0,0
C009720,24.84,Genie,Cote-Nord,G5B,49248,19,118.4,0,0
C002678,27.41,Sante,Capitale-Nationale,G3A,57181,9,15.3,1,0
C010367,30.5,Genie,Montreal,H1A,102651,11,28.6,0,1
C007339,25.61,Sciences,Capitale-Nationale,G1V,121137,6,34.4,0,0
C012453,28.79,Sante,Cote-Nord,G0G,40638,12,209.1,0,0
C011435,25.5,Sante,Bas-Saint-Laurent,G5L,94768,18,240.4,1,0
C012868,25.98,Sciences,Capitale-Nationale,G1R,124464,10,7.1,0,0
C001016,25.29,Sciences sociales,Gaspesie-Iles-de-la-Madeleine,G0C,87934,11,161.8,1,0
C002302,32.33,Sciences,Capitale-Nationale,G1R,119107,7,23.9,0,1
C008197,32.15,Sante,Montreal,H2X,60718,12,20.4,1,1
C011565,34.55,Genie,Montreal,H1A,98947,3,11.0,1,1
C009850,30.78,Sciences sociales,Montreal,H3T,43951,9,9.3,0,1
C002923,27.37,Sante,Montreal,H3T,93407,6,3.4,1,0
C008155,28.85,Sante,Cote-Nord,G0G,71294,15,280.0,1,0
C003674,30.52,Sciences sociales,Bas-Saint-Laurent,G5N,74640,12,144.9,1,0
C008644,28.21,Genie,Montreal,H2X,117589,8,16.0,1,1
C013987,27.46,Sante,Montreal,H1A,55828,10,9.2,0,0
C011958,24.96,Sciences,Capitale-Nationale,G1R,50602,10,28.3,0,0
C007802,27.13,Arts et lettres,Montreal,H1A,89894,7,13.4,0,0
C002364,27.04,Arts et lettres,Montreal,H8N,65328,7,32.6,0,0
C010919,26.59,Arts et lettres,Cote-Nord,G5B,53745,14,31.1,1,0
C001888,25.29,Sciences sociales,Montreal,H4L,28799,7,25.7,1,0
C009567,32.85,Sante,Montreal,H1A,91445,14,27.6,0,1
C013669,27.5,Arts et lettres,Capitale-Nationale,G2E,71407,10,18.7,1,0
C011251,28.29,Sante,Montreal,H2X,93065,13,20.8,0,0
C007608,26.6,Sciences sociales,Capitale-Nationale,G2E,33969,10,18.1,0,0
C004044,23.89,Sciences,Montreal,H3T,115289,5,34.0,0,0
C006983,26.98,Genie,Bas-Saint-Laurent,G5N,100625,7,511.4,0,0
C007496,32.69,Arts et lettres,Montreal,H1A,49984,8,6.3,0,1
C009569,32.14,Sciences,Montreal,H3T,47380,19,18.9,0,1
C003016,24.09,Sciences sociales,Bas-Saint-Laurent,G0L,96934,15,342.5,1,0
C010470,30.45,Sciences,Montreal,H3T,45494,5,10.4,0,0
C001368,27.69,Sciences sociales,Gaspesie-Iles-de-la-Madeleine,G4X,59610,14,99.3,1,0
C006577,22.44,Arts et lettres,Bas-Saint-Laurent,G5N,93761,10,189.3,1,0
C011017,28.31,Arts et lettres,Montreal,H2X,56306,8,29.0,1,0
C012119,32.24,Sciences sociales,Montreal,H8N,38443,7,15.3,0,1
C013176,24.72,Sciences sociales,Bas-Saint-Laurent,G5L,42533,9,211.2,1,0
C005130,27.73,Sante,Capitale-Nationale,G1V,85487,12,7.5,1,1
C003431,30.21,Sciences,Montreal,H1A,44022,16,3.7,0,1
C004556,25.3,Arts et lettres,Capitale-Nationale,G1V,64845,11,17.0,0,0
C010955,26.16,Sciences sociales,Capitale-Nationale,G1V,48870,8,22.1,1,0
C007390,27.41,Arts et lettres,Gaspesie-Iles-de-la-Madeleine,G0C,72516,15,234.8,1,0
C012458,30.72,Genie,Cote-Nord,G4R,54710,9,130.6,0,1
C007369,29.91,Sciences,Bas-Saint-Laurent,G0L,40394,12,367.8,1,1
C003366,32.24,Sante,Capitale-Nationale,G2E,91833,9,27.1,0,1
C009036,28.08,Sciences,Montreal,H3T,118602,12,29.5,1,1
C006436,28.22,Sciences,Capitale-Nationale,G3A,113374,6,100.2,0,1
C013762,31.93,Sciences,Bas-Saint-Laurent,G0L,48773,23,74.4,0,1
C008898,31.09,Genie,Capitale-Nationale,G1V,42454,11,4.9,0,1
C006755,27.9,Sciences sociales,Gaspesie-Iles-de-la-Madeleine,G4X,127632,12,603.9,1,1
C004217,33.82,Sciences sociales,Capitale-Nationale,G1V,49485,15,17.2,1,1
C003089,31.17,Sciences sociales,Montreal,H4L,48325,2,7.9,0,1
C008273,23.79,Sciences sociales,Gaspesie-Iles-de-la-Madeleine,G0C,38904,8,208.4,1,0
C010875,29.85,Sciences,Montreal,H4L,79771,13,14.0,0,1
C013989,35.88,Sante,Montreal,H1A,79868,9,31.9,0,1
C009061,28.79,Sante,Bas-Saint-Laurent,G0L,31420,14,335.4,0,0
C002698,28.04,Sciences,Bas-Saint-Laurent,G0L,31436,10,347.1,0,0
C000242,24.26,Arts et lettres,Montreal,H4L,149165,12,26.1,0,0
C004341,29.1,Sciences,Gaspesie-Iles-de-la-Madeleine,G5C,96117,12,428.0,1,0
C007746,30.18,Arts et lettres,Montreal,H8N,66305,8,7.7,1,1
C011499,26.9,Sante,Gaspesie-Iles-de-la-Madeleine,G0C,48669,12,241.6,1,0
C001711,32.43,Sante,Cote-Nord,G4R,65023,13,204.8,0,1
C004564,29.12,Sciences sociales,Cote-Nord,G0G,75347,11,160.8,1,0
C013198,25.16,Sciences sociales,Gaspesie-Iles-de-la-Madeleine,G5C,75569,23,241.8,1,0
C007217,28.67,Sciences sociales,Capitale-Nationale,G3A,99367,8,3.5,0,0
C008811,30.7,Sciences sociales,Capitale-Nationale,G2E,43032,6,9.1,0,1
C007454,34.57,Arts et lettres,Montreal,H3T,76349,6,28.3,1,1
C010455,30.07,Sciences,Bas-Saint-Laurent,G0L,52674,11,372.7,0,0
C007751,32.54,Sciences,Capitale-Nationale,G2E,73978,9,28.9,0,1
C005823,28.0,Genie,Montreal,H8N,100164,7,11.4,0,0
C001334,29.67,Genie,Gaspesie-Iles-de-la-Madeleine,G0C,28171,12,273.5,0,0
C000586,24.66,Sciences sociales,Gaspesie-Iles-de-la-Madeleine,G5C,81492,12,123.1,0,0
C002737,25.33,Sante,Montreal,H4L,44266,11,9.3,0,0
C005447,28.98,Sciences,Montreal,H4L,51369,1,2.4,1,1
C013744,27.99,Genie,Montreal,H3T,78277,10,23.9,1,1
C011045,30.76,Sante,Montreal,H3T,91724,9,5.6,0,1
C006028,23.76,Arts et lettres,Capitale-Nationale,G2E,104095,8,20.2,1,0
C011005,26.23,Arts et lettres,Bas-Saint-Laurent,G0L,55171,17,152.6,0,0
C004323,30.06,Arts et lettres,Bas-Saint-Laurent,G0L,60454,8,163.3,1,1
C004920,25.61,Arts et lettres,Montreal,H2X,51977,10,22.3,0,0
C013021,31.77,Sciences sociales,Gaspesie-Iles-de-la-Madeleine,G5C,44395,9,213.6,1,1
C001585,26.07,Genie,Cote-Nord,G5B,125961,12,158.0,0,1
C009784,20.21,Arts et lettres,Montreal,H4L,36036,5,50.8,0,0
C000059,29.98,Sante,Capitale-Nationale,G3A,116023,8,36.3,0,1
C012907,21.02,Sante,Capitale-Nationale,G1V,94774,8,40.2,0,0
C003000,35.45,Sciences,Gaspesie-Iles-de-la-Madeleine,G0C,46875,10,146.6,1,1
C013138,26.91,Sciences sociales,Capitale-Nationale,G1R,82839,8,61.3,1,0
C013579,28.66,Sciences,Cote-Nord,G4R,31250,17,170.0,0,0
C010169,25.69,Arts et lettres,Gaspesie-Iles-de-la-Madeleine,G4X,22013,10,101.0,0,0
C004973,31.54,Sciences,Bas-Saint-Laurent,G5L,80845,12,167.1,0,1
C003305,27.54,Arts et lettres,Bas-Saint-Laurent,G0L,56871,12,467.6,0,0
C007963,30.04,Sciences sociales,Montreal,H1A,35170,7,11.7,0,0
C012160,31.68,Sciences sociales,Capitale-Nationale,G3A,134386,9,32.7,1,1
C004718,26.21,Genie,Capitale-Nationale,G1V,69046,7,7.3,0,0
C011410,30.63,Sciences,Gaspesie-Iles-de-la-Madeleine,G0C,24750,12,76.3,1,0
C012371,26.77,Sciences,Montreal,H4L,30372,11,28.4,1,0
C005889,32.24,Arts et lettres,Montreal,H8N,38302,6,20.5,0,1
C006910,31.75,Sante,Montreal,H8N,46561,9,7.4,0,1
C001799,29.54,Genie,Montreal,H4L,76882,7,16.4,0,1
C006563,26.06,Genie,Capitale-Nationale,G1R,109075,8,7.6,0,0
C003309,24.1,Sante,Bas-Saint-Laurent,G5L,69389,15,161.7,1,0
C000120,27.88,Sciences,Gaspesie-Iles-de-la-Madeleine,G4X,35776,9,340.5,0,0
C013323,34.13,Sante,Montreal,H1A,63019,10,16.1,0,1
C002402,28.55,Sciences sociales,Bas-Saint-Laurent,G5L,58634,12,67.9,0,0
C012439,29.26,Genie,Montreal,H3T,63408,10,8.5,1,0
C011204,25.23,Sciences sociales,Montreal,H8N,113948,10,18.2,0,0
C006527,22.73,Arts et lettres,Gaspesie-Iles-de-la-Madeleine,G5C,38756,12,195.7,1,0
C005907,34.64,Sciences sociales,Montreal,H3T,92034,7,13.8,0,1
C012602,28.56,Arts et lettres,Capitale-Nationale,G2E,70364,4,9.9,0,1
C013091,27.52,Sciences sociales,Cote-Nord,G5B,62301,16,152.2,0,0
C003579,25.3,Sciences sociales,Montreal,H3T,67032,11,24.9,0,0
C011889,28.97,Sante,Capitale-Nationale,G3A,45003,9,34.1,0,1
C000536,25.88,Genie,Capitale-Nationale,G2E,77156,9,20.7,0,0
C003496,29.85,Sciences,Montreal,H4L,24218,15,32.6,0,1
C011850,26.78,Genie,Gaspesie-Iles-de-la-Madeleine,G5C,37585,16,221.9,1,0
C004310,23.0,Sante,Montreal,H2X,82462,4,15.2,0,0
C000851,32.43,Sciences sociales,Montreal,H2X,37143,8,34.6,1,1
C012539,25.88,Arts et lettres,Gaspesie-Iles-de-la-Madeleine,G4X,156006,13,227.8,0,1
C012861,28.17,Sciences sociales,Capitale-Nationale,G2E,91977,4,12.4,0,0
C005639,23.74,Sciences,Capitale-Nationale,G1V,62758,9,9.3,0,0
C012513,29.14,Arts et lettres,Capitale-Nationale,G1V,40618,8,19.7,0,1
C012877,23.12,Sciences sociales,Bas-Saint-Laurent,G5L,78433,7,179.0,1,0
C006459,30.34,Genie,Montreal,H1A,40536,11,38.6,0,1
C000519,28.72,Arts et lettres,Cote-Nord,G0G,25675,15,360.6,0,0
C008564,30.35,Genie,Montreal,H2X,99587,9,11.6,0,1
C006207,26.01,Arts et lettres,Montreal,H4L,110694,6,18.3,0,0
C008868,33.81,Sante,Capitale-Nationale,G2E,59569,5,6.9,1,1
C009838,26.95,Arts et lettres,Capitale-Nationale,G2E,49592,18,5.9,0,0
C008341,23.74,Genie,Capitale-Nationale,G3A,78454,10,11.3,1,0
C003279,22.01,Sciences,Gaspesie-Iles-de-la-Madeleine,G0C,88647,8,342.2,0,0
C005588,26.19,Arts et lettres,Cote-Nord,G4R,43873,14,235.3,1,0
C000803,25.71,Sciences sociales,Montreal,H3T,38204,9,4.7,0,0
C012798,27.79,Sciences sociales,Montreal,H1A,70046,16,43.1,1,1
C008751,28.68,Arts et lettres,Montreal,H3T,48656,15,30.2,0,1
C001606,31.27,Genie,Bas-Saint-Laurent,G5N,38326,8,516.9,0,1
C009203,21.76,Sciences,Montreal,H3T,53442,8,24.1,0,0
C011761,26.0,Sciences sociales,Gaspesie-Iles-de-la-Madeleine,G5C,27897,13,153.0,0,0
C006344,27.21,Arts et lettres,Capitale-Nationale,G3A,63739,11,14.4,1,0
C011875,30.42,Sciences,Montreal,H4L,79347,13,30.3,1,1
C000203,27.23,Sciences sociales,Montreal,H3T,84326,5,33.5,1,0
C002386,28.9,Sciences,Capitale-Nationale,G2E,34794,9,18.1,0,0
C005209,31.48,Sante,Capitale-Nationale,G1V,29648,12,11.2,0,1
C005273,26.81,Genie,Bas-Saint-Laurent,G0L,49327,16,183.7,0,0
C001081,24.43,Sante,Montreal,H3T,77289,13,13.0,1,1
C009843,23.17,Arts et lettres,Montreal,H8N,109607,8,31.8,1,0
C006298,28.9,Sciences,Gaspesie-Iles-de-la-Madeleine,G5C,72700,21,138.7,0,1
C008825,29.1,Sciences sociales,Montreal,H2X,48389,6,28.9,1,0
C012938,24.53,Arts et lettres,Capitale-Nationale,G2E,60792,8,19.1,0,0
C008585,24.88,Sciences,Capitale-Nationale,G2E,34771,10,20.6,1,0
C011556,25.84,Sciences,Capitale-Nationale,G1V,101535,9,16.4,0,0
C008939,28.41,Sciences,Bas-Saint-Laurent,G5N,34809,16,224.4,0,0
C013952,28.28,Sciences sociales,Gaspesie-Iles-de-la-Madeleine,G0C,73825,17,308.4,0,0
C010061,27.54,Sante,Montreal,H2X,100446,5,29.2,0,1
C012006,31.69,Genie,Bas-Saint-Laurent,G0L,38371,9,151.0,0,1
C002997,27.49,Arts et lettres,Capitale-Nationale,G1R,54001,12,25.9,1,0
C000060,30.1,Sciences,Bas-Saint-Laurent,G0L,72651,11,408.7,0,0
C006767,23.86,Arts et lettres,Capitale-Nationale,G1V,103732,7,22.3,0,0
C004887,23.18,Sciences sociales,Gaspesie-Iles-de-la-Madeleine,G4X,58238,11,404.9,0,0
C012793,28.11,Sciences,Gaspesie-Iles-de-la-Madeleine,G5C,67951,16,317.4,0,1
C000802,27.46,Sante,Cote-Nord,G5B,48058,17,188.3,0,0
C007612,26.92,Arts et lettres,Cote-Nord,G5B,108775,14,97.0,1,0
C000129,25.72,Genie,Gaspesie-Iles-de-la-Madeleine,G0C,55132,14,93.4,0,0
C003905,32.5,Sciences,Capitale-Nationale,G1R,64676,10,41.3,0,1
C000096,25.94,Sciences sociales,Montreal,H1A,94089,10,9.9,0,1
C000495,29.15,Arts et lettres,Bas-Saint-Laurent,G5N,75720,12,207.3,1,1
C011263,25.29,Arts et lettres,Bas-Saint-Laurent,G5N,40479,19,104.3,1,0
C006970,29.79,Arts et lettres,Gaspesie-Iles-de-la-Madeleine,G4X,52660,10,286.4,0,0
C012848,26.04,Sante,Gaspesie-Iles-de-la-Madeleine,G4X,34290,10,309.4,0,0
C002467,24.84,Sante,Montreal,H2X,62450,7,15.5,0,0
C004678,29.44,Arts et lettres,Bas-Saint-Laurent,G0L,47265,8,106.3,1,1
C005641,29.13,Sciences,Gaspesie-Iles-de-la-Madeleine,G4X,88893,13,151.5,1,1
C006231,30.47,Genie,Montreal,H1A,75259,11,47.7,0,1
C011406,29.16,Arts et lettres,Montreal,H4L,30641,10,6.3,0,0
C010098,27.81,Sciences,Capitale-Nationale,G1R,39169,9,57.7,0,0
C007545,26.9,Sciences,Capitale-Nationale,G3A,141698,9,15.7,1,1
C007842,30.57,Sante,Capitale-Nationale,G1V,62530,10,41.4,1,1
C003223,26.47,Sante,Gaspesie-Iles-de-la-Madeleine,G0C,70311,13,158.8,0,0
C013966,28.22,Sante,Montreal,H4L,44374,7,3.3,0,1
C009119,25.06,Sciences,Montreal,H1A,55639,10,4.1,0,0
C008875,33.56,Sciences,Capitale-Nationale,G1R,68818,13,19.5,0,1
C005448,21.0,Arts et lettres,Montreal,H4L,90409,7,12.0,0,0
C002372,30.2,Genie,Gaspesie-Iles-de-la-Madeleine,G0C,45478,15,231.9,0,1
C011483,26.63,Sciences sociales,Gaspesie-Iles-de-la-Madeleine,G4X,45793,11,198.0,0,1
C010697,32.1,Sante,Montreal,H3T,132908,15,12.0,1,1
C008789,22.07,Arts et lettres,Capitale-Nationale,G3A,73159,11,6.5,0,0
C004619,26.27,Sciences,Capitale-Nationale,G3A,81597,11,18.1,0,1
C003292,29.58,Sante,Montreal,H2X,49617,5,10.0,1,1
C008852,32.64,Genie,Capitale-Nationale,G3A,42525,14,27.7,0,1
C013635,24.33,Sciences sociales,Montreal,H2X,50639,10,26.7,0,0
C008394,28.12,Arts et lettres,Capitale-Nationale,G1V,42637,10,5.3,0,0
C007270,26.81,Genie,Montreal,H4L,137855,6,45.7,1,0
C010118,30.4,Sciences,Capitale-Nationale,G3A,66013,3,27.6,0,1
C011345,28.98,Arts et lettres,Capitale-Nationale,G3A,130921,9,3.6,0,1
C006367,35.67,Sciences sociales,Montreal,H1A,157969,5,8.8,1,1
C010285,29.41,Genie,Montreal,H8N,82411,7,20.1,0,1
C000450,25.76,Arts et lettres,Bas-Saint-Laurent,G0L,23366,19,38.1,0,0
C011872,27.42,Sciences sociales,Bas-Saint-Laurent,G0L,60727,13,347.1,0,0
C009140,27.87,Genie,Capitale-Nationale,G1V,43876,6,10.0,0,0
C012220,26.64,Sante,Gaspesie-Iles-de-la-Madeleine,G0C,14219,12,126.4,0,0
C001234,33.06,Sciences sociales,Gaspesie-Iles-de-la-Madeleine,G5C,97497,15,291.4,1,1
C011683,23.99,Sciences sociales,Gaspesie-Iles-de-la-Madeleine,G0C,33011,12,234.4,1,0
C001651,24.25,Sciences,Cote-Nord,G0G,33832,17,101.5,1,0
C003401,25.15,Sciences sociales,Bas-Saint-Laurent,G5N,48205,11,321.6,0,0
C009633,28.42,Sante,Montreal,H8N,66069,11,18.7,1,1
C003695,28.77,Sante,Gaspesie-Iles-de-la-Madeleine,G5C,22160,22,126.3,1,0
C002547,23.63,Sciences,Gaspesie-Iles-de-la-Madeleine,G4X,23088,9,138.9,1,0
C006018,28.6,Genie,Capitale-Nationale,G1R,81780,7,19.0,0,1
C010986,26.34,Sciences,Montreal,H4L,156228,6,44.8,0,0
C001069,28.73,Sciences,Montreal,H3T,138318,9,27.6,0,1
C010350,27.37,Genie,Bas-Saint-Laurent,G5N,75839,20,197.1,0,1
C000180,32.0,Sante,Cote-Nord,G5B,94195,12,185.4,0,1
C006356,31.86,Sante,Capitale-Nationale,G1R,63864,7,17.6,0,1
C009515,32.89,Sciences,Montreal,H1A,36061,15,2.3,0,1
C002827,30.23,Genie,Capitale-Nationale,G1R,106588,9,8.5,0,1
C012555,24.11,Sciences sociales,Cote-Nord,G0G,34127,14,232.6,1,0
C004727,32.51,Sciences sociales,Capitale-Nationale,G1R,87415,13,10.0,0,1
C013333,25.38,Sciences sociales,Montreal,H2X,120900,6,11.6,1,0
C007655,26.17,Sciences sociales,Montreal,H3T,108446,9,24.5,0,1
C003189,25.1,Sante,Gaspesie-Iles-de-la-Madeleine,G0C,40937,10,212.5,1,0
C006405,30.52,Sciences sociales,Capitale-Nationale,G3A,47138,8,10.9,1,1
C008372,28.94,Arts et lettres,Montreal,H8N,85781,18,6.9,0,1
C000741,17.72,Sciences,Cote-Nord,G4R,74797,13,250.1,1,0
C000978,33.05,Genie,Cote-Nord,G0G,33786,14,57.6,1,1
C002382,24.99,Sciences sociales,Cote-Nord,G5B,33164,7,368.7,1,0
C002236,32.17,Sciences,Capitale-Nationale,G2E,60706,10,24.3,1,1
C009685,24.95,Sciences sociales,Bas-Saint-Laurent,G5N,59932,14,245.0,0,0
C010859,27.97,Sante,Montreal,H3T,34175,6,32.5,0,1
C007626,22.8,Sante,Montreal,H2X,54572,8,42.5,0,0
C010348,28.23,Sciences sociales,Capitale-Nationale,G2E,46496,7,8.8,0,1
C013565,32.37,Genie,Montreal,H1A,66824,8,21.1,0,1
C000645,27.45,Arts et lettres,Cote-Nord,G0G,88726,18,43.3,0,1
C004333,26.53,Arts et lettres,Bas-Saint-Laurent,G5N,28007,16,271.6,1,0
C001128,31.54,Arts et lettres,Capitale-Nationale,G3A,85976,12,32.3,1,1
C010981,30.53,Genie,Cote-Nord,G4R,72972,12,251.9,0,1
C012729,21.6,Sciences sociales,Capitale-Nationale,G1V,61119,12,58.6,1,0
C012844,25.72,Sciences sociales,Montreal,H2X,44682,8,10.2,0,0
C013995,28.93,Sante,Montreal,H3T,75291,10,7.4,0,1
C000235,21.62,Sciences,Bas-Saint-Laurent,G5N,71650,13,138.9,1,0
C008213,29.11,Sciences,Gaspesie-Iles-de-la-Madeleine,G5C,50544,16,201.2,1,0
C006761,28.09,Sante,Gaspesie-Iles-de-la-Madeleine,G0C,57082,13,353.6,1,0
C000389,28.46,Arts et lettres,Capitale-Nationale,G3A,60603,16,16.5,0,1
C007004,30.34,Genie,Montreal,H8N,51878,9,21.2,0,1
C001384,29.9,Sante,Cote-Nord,G4R,56227,13,199.4,0,1
C004504,26.62,Sante,Capitale-Nationale,G3A,57813,11,32.1,1,0
C008046,25.16,Sante,Montreal,H8N,49168,7,31.1,1,0
C012049,21.62,Genie,Gaspesie-Iles-de-la-Madeleine,G5C,101544,10,390.7,1,0
C009449,26.84,Sante,Montreal,H1A,89788,7,18.2,0,0
C008719,27.01,Sciences,Cote-Nord,G0G,98370,18,226.3,0,1
C011421,29.26,Arts et lettres,Montreal,H1A,50437,10,0.7,1,1
C009686,27.65,Sante,Cote-Nord,G4R,106566,14,423.0,1,1
C002463,31.87,Sante,Gaspesie-Iles-de-la-Madeleine,G4X,102063,16,138.8,0,1
C005702,29.41,Sciences,Capitale-Nationale,G1V,33688,7,19.8,0,1
C000267,32.04,Genie,Montreal,H3T,58478,9,54.5,1,1
C003156,27.43,Arts et lettres,Gaspesie-Iles-de-la-Madeleine,G0C,50193,12,161.5,1,0
C002192,27.33,Arts et lettres,Gaspesie-Iles-de-la-Madeleine,G4X,52591,11,92.9,1,0
C003477,24.36,Sante,Bas-Saint-Laurent,G0L,40794,13,138.7,0,0
C004940,25.89,Genie,Gaspesie-Iles-de-la-Madeleine,G5C,52056,14,538.7,1,0
C009621,28.3,Genie,Montreal,H1A,38250,9,5.0,1,0
C012970,21.14,Genie,Capitale-Nationale,G1R,46439,6,39.0,0,0
C010554,30.97,Genie,Montreal,H4L,103698,7,3.3,0,1
C000998,26.82,Sciences,Capitale-Nationale,G2E,66030,9,7.8,0,0
C003811,25.09,Genie,Montreal,H8N,44532,10,23.6,0,0
C006409,31.16,Genie,Montreal,H2X,80568,11,16.3,0,1
C007233,30.69,Sciences,Montreal,H8N,108752,12,40.8,1,1
C006499,27.64,Sciences,Capitale-Nationale,G1V,43980,10,4.5,0,0
C010870,27.15,Sante,Bas-Saint-Laurent,G5L,70228,11,317.2,1,0
C013070,33.83,Genie,Montreal,H8N,57958,5,4.4,1,1
C012347,27.18,Sciences,Capitale-Nationale,G2E,114619,9,7.1,0,0
C010931,27.63,Sciences,Bas-Saint-Laurent,G5L,31064,11,290.8,1,0
C011253,27.67,Sciences sociales,Capitale-Nationale,G3A,71669,6,19.6,0,0
C002765,30.23,Sciences sociales,Gaspesie-Iles-de-la-Madeleine,G4X,24940,13,203.4,0,0
C008047,25.26,Sciences sociales,Capitale-Nationale,G3A,66116,8,7.1,0,0
C004578,26.54,Genie,Cote-Nord,G4R,54445,16,99.0,0,0
C009247,22.44,Genie,Montreal,H4L,79227,11,8.4,0,0
C000249,30.86,Arts et lettres,Cote-Nord,G4R,53516,11,184.4,0,1
C006254,27.38,Arts et lettres,Cote-Nord,G5B,91805,15,210.3,0,0
C011807,25.11,Sciences sociales,Bas-Saint-Laurent,G5L,66731,12,134.8,1,0
C013445,35.18,Genie,Bas-Saint-Laurent,G5N,74094,8,96.9,1,1
C011093,22.79,Sciences,Montreal,H3T,59790,12,5.5,0,0
C011852,25.81,Sante,Bas-Saint-Laurent,G5L,62985,12,140.4,1,0
C005197,29.02,Genie,Cote-Nord,G4R,51851,16,117.5,0,0
C009046,23.92,Genie,Montreal,H2X,85274,9,23.9,0,0
C010474,26.09,Sciences,Capitale-Nationale,G3A,47703,8,41.3,0,0
C012569,26.36,Sciences sociales,Montreal,H8N,100688,7,3.2,1,1
C010542,28.18,Arts et lettres,Cote-Nord,G0G,42387,9,236.1,1,0
C000996,30.32,Genie,Montreal,H3T,55751,11,25.5,0,1
C003915,29.56,Arts et lettres,Capitale-Nationale,G2E,66878,14,27.4,0,1
C009241,27.96,Sciences,Montreal,H1A,99776,6,22.7,1,0
C005564,27.07,Sciences sociales,Gaspesie-Iles-de-la-Madeleine,G0C,106158,7,148.6,0,0
C003900,26.63,Sciences,Montreal,H2X,74780,9,38.2,0,0
C000434,32.11,Arts et lettres,Montreal,H1A,38608,9,29.0,0,1
C008552,29.52,Genie,Montreal,H1A,86910,14,18.3,0,1
C002536,27.09,Sante,Capitale-Nationale,G3A,81009,8,19.5,0,0
C009433,26.09,Sante,Montreal,H3T,55682,3,13.9,0,0
C009257,34.75,Sciences,Capitale-Nationale,G1R,38398,6,13.5,1,1
C012929,31.52,Genie,Capitale-Nationale,G3A,99667,12,20.9,1,1
C000853,32.45,Genie,Montreal,H2X,130979,11,13.4,1,1
C008100,26.45,Sciences sociales,Montreal,H2X,88287,6,18.8,0,0
C002988,30.23,Sciences sociales,Montreal,H3T,59699,6,31.8,0,1
C003970,27.63,Genie,Bas-Saint-Laurent,G5N,69288,15,175.8,0,0
C012397,31.19,Arts et lettres,Capitale-Nationale,G1V,58819,9,9.1,0,1
C000286,26.68,Sciences,Gaspesie-Iles-de-la-Madeleine,G5C,55471,14,196.8,1,1
C002876,26.49,Sciences,Cote-Nord,G0G,51205,15,206.6,0,0
C007589,32.86,Genie,Gaspesie-Iles-de-la-Madeleine,G0C,62365,22,319.1,0,1
C007660,26.24,Sciences sociales,Bas-Saint-Laurent,G5N,49417,12,212.3,0,0
C003996,28.83,Sciences sociales,Cote-Nord,G0G,33084,10,99.7,0,0
C012700,25.74,Sante,Montreal,H2X,68238,8,17.4,0,0
C010643,28.28,Arts et lettres,Gaspesie-Iles-de-la-Madeleine,G4X,41799,23,235.1,0,0
C000088,23.35,Sciences,Capitale-Nationale,G1R,89802,3,30.4,0,0
C003188,22.12,Arts et lettres,Gaspesie-Iles-de-la-Madeleine,G5C,54500,13,90.2,0,0
C003135,26.73,Arts et lettres,Bas-Saint-Laurent,G5N,111518,7,121.2,0,0
C011778,24.99,Sciences,Montreal,H1A,160981,17,30.5,1,0
C004142,30.18,Sante,Cote-Nord,G4R,49869,15,374.9,0,1
C005048,24.33,Genie,Montreal,H1A,43861,12,15.7,0,0
C005765,27.47,Sciences sociales,Bas-Saint-Laurent,G5N,68166,14,95.0,0,0
C002111,26.12,Sante,Gaspesie-Iles-de-la-Madeleine,G4X,104358,14,293.7,1,0
C001197,29.0,Sante,Montreal,H1A,103482,8,18.4,1,1
C011733,31.39,Sante,Montreal,H2X,56581,12,50.1,0,1
C011233,33.18,Sante,Capitale-Nationale,G3A,157777,7,20.7,1,1
C000270,29.95,Sante,Montreal,H3T,55653,12,6.4,1,1
C002034,29.26,Sciences,Bas-Saint-Laurent,G0L,55050,13,503.6,0,1
C013959,24.08,Genie,Capitale-Nationale,G2E,113806,10,19.9,0,0
C000435,29.71,Genie,Capitale-Nationale,G3A,40168,19,36.0,0,1
C002572,26.86,Genie,Montreal,H2X,72463,10,16.8,0,0
C002141,21.48,Sante,Capitale-Nationale,G1R,87366,14,5.7,0,0
C006625,24.67,Sante,Gaspesie-Iles-de-la-Madeleine,G4X,30352,16,217.3,1,0
C002257,26.86,Sante,Bas-Saint-Laurent,G0L,79525,16,88.7,1,0
C001372,30.0,Sciences sociales,Capitale-Nationale,G2E,39905,7,21.8,0,1
C010332,26.46,Sciences,Montreal,H1A,31717,6,36.4,0,0
C003464,29.06,Sciences,Montreal,H8N,118734,12,12.5,0,1
C013312,24.84,Sante,Capitale-Nationale,G1R,104376,11,19.8,0,0
C012009,32.83,Genie,Bas-Saint-Laurent,G5L,64392,18,234.3,0,1
C003044,24.64,Sante,Cote-Nord,G4R,85187,13,83.2,0,0
C001337,32.04,Genie,Montreal,H8N,56708,11,42.6,0,1
C005693,21.64,Sante,Bas-Saint-Laurent,G5N,54451,13,234.0,1,0
C003285,27.12,Sciences sociales,Gaspesie-Iles-de-la-Madeleine,G4X,31493,13,293.5,0,0
C008292,25.47,Arts et lettres,Montreal,H1A,67542,8,28.4,1,0
C009324,26.16,Sciences,Gaspesie-Iles-de-la-Madeleine,G0C,44871,10,149.4,0,0
C002899,23.49,Sante,Bas-Saint-Laurent,G5L,33446,13,163.4,1,0
C013698,25.62,Genie,Gaspesie-Iles-de-la-Madeleine,G0C,47487,14,313.6,0,0
C005484,23.05,Genie,Montreal,H2X,77538,9,20.4,0,0
C008476,31.87,Arts et lettres,Bas-Saint-Laurent,G5N,64956,15,261.5,1,1
C012505,31.06,Sciences,Montreal,H1A,46892,7,19.8,0,1
C008723,29.95,Sante,Montreal,H3T,58090,6,9.1,0,1
C012401,28.92,Sciences,Montreal,H8N,31471,13,15.1,0,1
C000523,23.4,Sciences sociales,Bas-Saint-Laurent,G5N,25630,13,129.1,0,0
C011042,26.56,Genie,Bas-Saint-Laurent,G5L,65379,18,274.4,1,0
C011986,33.05,Genie,Cote-Nord,G4R,53578,13,90.4,0,1
C008864,26.07,Arts et lettres,Montreal,H2X,109856,14,4.4,0,0
C005207,27.32,Genie,Bas-Saint-Laurent,G5L,34715,11,56.4,0,0
C000945,27.99,Sante,Montreal,H4L,122609,5,18.4,0,0
C007329,27.11,Sciences,Montreal,H3T,71716,10,43.4,1,1
C003316,27.59,Arts et lettres,Bas-Saint-Laurent,G5L,30432,12,17.6,1,0
C012959,28.57,Sciences sociales,Montreal,H8N,140920,12,35.4,0,1
C007266,25.09,Sante,Montreal,H3T,48409,6,10.0,1,0
C006789,22.01,Genie,Montreal,H3T,89107,8,6.0,0,0
C010862,34.18,Sciences,Montreal,H8N,89434,12,10.7,1,1
C003620,29.26,Sciences,Montreal,H8N,65594,12,33.3,0,0
C013612,22.44,Sante,Bas-Saint-Laurent,G5L,70129,9,260.3,1,0
C000796,31.79,Arts et lettres,Montreal,H4L,193748,13,14.2,0,1
C002246,27.21,Arts et lettres,Bas-Saint-Laurent,G5N,81163,8,230.5,1,0
C002981,28.29,Sciences,Montreal,H4L,60611,2,24.4,0,1
C013304,28.47,Genie,Gaspesie-Iles-de-la-Madeleine,G5C,84477,17,116.5,1,1
C003242,25.4,Sciences,Bas-Saint-Laurent,G5N,72163,14,554.3,0,0
C008453,32.54,Arts et lettres,Montreal,H2X,128566,6,2.5,0,1
C003796,25.91,Sciences,Montreal,H1A,87661,9,17.7,0,1
C006680,29.79,Arts et lettres,Montreal,H1A,124049,5,24.2,0,1
C000295,27.82,Genie,Montreal,H8N,55069,6,53.1,0,0
C004483,28.44,Sciences sociales,Capitale-Nationale,G2E,24568,6,1.1,0,0
C010450,34.83,Sciences,Montreal,H8N,63312,10,10.8,0,1
C001417,28.86,Sante,Cote-Nord,G0G,50466,12,169.4,1,1
C000589,28.7,Genie,Capitale-Nationale,G3A,72404,18,25.4,0,1
C010905,29.42,Arts et lettres,Montreal,H8N,77185,3,8.9,0,1
C012146,26.97,Arts et lettres,Bas-Saint-Laurent,G0L,92317,6,94.6,1,0
C007894,28.03,Arts et lettres,Bas-Saint-Laurent,G5N,71698,16,218.8,0,1
C006623,26.51,Sante,Montreal,H1A,65576,9,38.1,0,0
C009962,28.05,Sciences,Montreal,H3T,99176,6,14.6,1,0
C013018,30.48,Genie,Montreal,H2X,57472,8,18.7,0,1
C011000,30.26,Arts et lettres,Capitale-Nationale,G1R,99160,9,25.5,0,1
C007411,28.72,Arts et lettres,Montreal,H1A,28090,6,45.1,0,0
C003411,25.55,Sciences sociales,Montreal,H3T,29627,12,16.1,1,0
C013944,27.86,Genie,Capitale-Nationale,G1V,70384,8,4.1,1,1
C004817,28.04,Arts et lettres,Bas-Saint-Laurent,G5L,54582,18,285.2,0,0
C011509,28.22,Sciences sociales,Gaspesie-Iles-de-la-Madeleine,G4X,66512,4,178.8,0,0
C003791,27.28,Sciences sociales,Montreal,H2X,58632,14,21.8,0,1
C001294,26.45,Sciences,Bas-Saint-Laurent,G0L,27178,15,286.8,0,0
C013808,27.77,Sante,Bas-Saint-Laurent,G0L,69684,14,266.4,0,0
C010402,28.21,Sante,Bas-Saint-Laurent,G5N,80432,10,146.5,1,0
C012945,27.78,Arts et lettres,Gaspesie-Iles-de-la-Madeleine,G0C,56355,13,207.9,0,0
C007167,30.93,Genie,Montreal,H8N,60035,6,20.4,1,1
C006325,26.31,Sante,Gaspesie-Iles-de-la-Madeleine,G0C,59170,9,36.5,1,0
C010433,29.6,Sante,Montreal,H8N,117127,6,20.6,1,1
C001943,33.41,Genie,Montreal,H1A,45336,9,35.3,1,1
C006959,30.91,Sciences sociales,Montreal,H3T,47064,6,31.7,0,1
C000086,34.87,Sciences,Cote-Nord,G4R,43820,15,223.3,0,1
C009168,33.57,Genie,Cote-Nord,G0G,30199,14,170.4,0,1
C007059,22.78,Genie,Gaspesie-Iles-de-la-Madeleine,G5C,71294,24,437.4,0,0
C005951,30.4,Sante,Montreal,H8N,42233,7,22.6,0,1
C006478,31.28,Sante,Montreal,H1A,78914,5,8.6,0,1
C013849,27.15,Arts et lettres,Capitale-Nationale,G1V,34366,8,37.6,1,0
C000313,27.04,Arts et lettres,Capitale-Nationale,G1R,68507,8,18.2,0,0
C000137,27.37,Genie,Montreal,H1A,58820,5,12.8,1,0
C012783,30.14,Sciences sociales,Bas-Saint-Laurent,G5N,73559,10,426.0,1,1
C013280,26.29,Sciences,Montreal,H8N,55186,8,43.0,0,0
C012399,23.36,Sciences sociales,Montreal,H1A,25750,8,19.7,1,0
C004216,31.02,Arts et lettres,Gaspesie-Iles-de-la-Madeleine,G5C,41323,11,123.3,0,0
C002238,21.36,Sciences,Capitale-Nationale,G2E,78926,9,7.6,0,0
C007389,23.35,Sciences,Gaspesie-Iles-de-la-Madeleine,G4X,43030,8,262.9,0,0
C003545,27.48,Sciences sociales,Montreal,H1A,88843,10,22.3,0,0
C011741,21.7,Sciences,Montreal,H2X,58435,14,15.2,1,0
C005109,23.41,Sciences sociales,Capitale-Nationale,G3A,69513,12,11.5,0,0
C003682,29.8,Sciences sociales,Gaspesie-Iles-de-la-Madeleine,G0C,37791,16,573.2,0,1
C008052,26.8,Arts et lettres,Cote-Nord,G0G,65748,14,144.1,0,0
C000622,30.21,Sante,Montreal,H1A,95201,12,29.4,1,1
C002231,31.4,Arts et lettres,Capitale-Nationale,G3A,293879,7,23.2,0,1
C006274,28.51,Sciences sociales,Montreal,H1A,77019,13,28.7,0,0
C009452,26.91,Arts et lettres,Bas-Saint-Laurent,G5L,147554,19,111.2,1,0
C012095,25.84,Sante,Capitale-Nationale,G3A,61829,12,12.6,0,0
C008517,25.75,Sciences sociales,Montreal,H4L,52442,8,16.7,1,0
C008500,25.26,Sante,Gaspesie-Iles-de-la-Madeleine,G4X,28987,17,258.8,1,0
C006728,18.42,Sciences,Bas-Saint-Laurent,G5L,52145,12,121.1,0,0
C006957,25.39,Sciences,Montreal,H1A,79588,9,31.7,1,1
C000496,28.58,Sante,Cote-Nord,G5B,55417,8,174.7,1,0
C010810,26.42,Sciences sociales,Montreal,H3T,54568,5,10.6,0,0
C011299,28.67,Sciences sociales,Montreal,H2X,104913,8,9.9,0,1
C000534,25.94,Sciences,Montreal,H2X,69145,11,6.6,0,0
C002854,29.19,Genie,Capitale-Nationale,G2E,132113,6,8.5,0,1
C013625,30.2,Sciences,Montreal,H8N,44818,5,16.9,1,1
C013596,31.81,Genie,Montreal,H8N,108414,7,10.0,1,1
C006470,30.09,Genie,Montreal,H3T,122042,9,37.3,1,1
C007274,25.46,Sciences,Cote-Nord,G4R,118806,8,164.7,1,0
C012018,31.06,Sciences,Montreal,H4L,77513,13,18.4,0,1
C002112,31.09,Genie,Montreal,H4L,189702,8,12.5,0,1
C001024,30.72,Genie,Cote-Nord,G0G,54801,14,375.6,0,1
C000771,25.97,Sciences,Capitale-Nationale,G3A,114849,13,10.5,0,1
C010908,30.66,Genie,Capitale-Nationale,G1V,50109,8,45.6,0,1
C006843,26.11,Sciences sociales,Montreal,H2X,56662,3,14.1,0,0
C012125,27.94,Genie,Montreal,H2X,49191,13,35.2,1,1
C003185,31.82,Arts et lettres,Capitale-Nationale,G1V,49409,10,20.6,0,1
C008313,29.08,Sante,Capitale-Nationale,G1R,66060,17,5.6,1,1
C012276,24.95,Sciences sociales,Cote-Nord,G0G,68878,9,227.7,0,0
C008255,25.81,Sciences,Gaspesie-Iles-de-la-Madeleine,G0C,43879,14,176.9,0,0
C006292,34.99,Sciences sociales,Capitale-Nationale,G1R,24736,13,19.3,0,1
C009536,26.19,Arts et lettres,Montreal,H2X,143623,6,18.6,0,0
C002921,25.96,Genie,Capitale-Nationale,G2E,105559,5,45.1,0,0
C012726,23.75,Genie,Montreal,H4L,116229,11,15.3,0,0
C005470,27.7,Sante,Montreal,H3T,94057,16,23.6,0,1
C001718,33.37,Sante,Montreal,H2X,241830,10,7.5,0,1
C002946,29.08,Sciences sociales,Montreal,H2X,38142,8,19.6,0,0
C008477,28.3,Genie,Capitale-Nationale,G2E,24724,14,8.0,1,0
C002649,29.05,Genie,Capitale-Nationale,G3A,52837,8,45.5,0,1
C012629,27.54,Arts et lettres,Capitale-Nationale,G1V,60508,12,5.0,1,1
C000344,31.39,Sciences,Cote-Nord,G5B,73478,10,476.8,1,1
C007103,27.31,Sante,Capitale-Nationale,G2E,54009,6,8.6,0,0
C012716,34.09,Sciences,Montreal,H8N,59021,14,10.6,0,1
C010724,23.78,Genie,Montreal,H8N,33398,13,16.3,0,0
C002814,28.2,Sante,Bas-Saint-Laurent,G5N,39974,15,132.0,1,0
C013841,31.36,Sciences sociales,Capitale-Nationale,G3A,86025,3,28.7,0,1
C001961,26.25,Arts et lettres,Capitale-Nationale,G1R,44537,6,10.0,0,0
C012656,28.17,Sciences,Montreal,H1A,105552,9,11.2,0,0
C006556,29.1,Sante,Montreal,H8N,120745,11,42.6,0,1
C010617,24.04,Arts et lettres,Gaspesie-Iles-de-la-Madeleine,G0C,57381,11,147.0,0,0
C011197,25.93,Sante,Montreal,H1A,157150,9,38.7,0,0
C002078,28.22,Sciences sociales,Gaspesie-Iles-de-la-Madeleine,G4X,90929,6,109.1,1,0
C002124,31.17,Sciences,Montreal,H8N,51327,10,17.3,0,0
C013736,29.37,Arts et lettres,Montreal,H3T,79966,7,13.1,0,0
C002133,27.57,Sciences,Montreal,H1A,94891,3,11.7,0,1
C010122,28.94,Arts et lettres,Gaspesie-Iles-de-la-Madeleine,G0C,35128,10,287.3,0,0
C008659,28.05,Arts et lettres,Gaspesie-Iles-de-la-Madeleine,G5C,99874,14,161.0,0,0
C011422,30.32,Genie,Capitale-Nationale,G1R,123541,5,11.4,0,1
C000015,26.6,Sciences sociales,Bas-Saint-Laurent,G5L,40220,16,143.8,1,0
C007795,29.01,Sante,Montreal,H3T,114649,8,42.2,0,1
C001864,27.83,Sciences sociales,Montreal,H4L,149175,8,10.6,1,1
C004510,31.34,Arts et lettres,Gaspesie-Iles-de-la-Madeleine,G0C,56045,8,147.3,0,1
C010729,28.97,Sciences sociales,Capitale-Nationale,G1R,66702,10,18.3,0,1
C007960,27.4,Arts et lettres,Montreal,H2X,82989,6,20.4,0,1
C008484,26.2,Sante,Montreal,H1A,59827,4,6.1,0,0
C004401,24.77,Sante,Cote-Nord,G0G,79346,21,114.3,0,0
C003066,24.99,Sciences,Montreal,H8N,131422,9,13.1,0,0
C005016,24.42,Sciences,Montreal,H1A,72276,10,44.9,0,0
C003678,30.89,Sante,Capitale-Nationale,G2E,39396,4,30.5,0,1
C005502,30.58,Genie,Montreal,H4L,31472,7,40.1,1,1
C010661,26.74,Sante,Cote-Nord,G4R,47319,19,264.2,0,0
C009786,28.22,Genie,Montreal,H8N,109286,12,32.3,0,1
C008870,23.88,Sante,Montreal,H4L,90002,13,8.8,0,0
C010266,24.86,Sciences sociales,Montreal,H3T,53153,13,11.9,0,0
C008566,27.44,Sciences sociales,Cote-Nord,G4R,78079,17,243.2,0,0
C007772,27.26,Sante,Montreal,H8N,40628,12,36.6,0,0
C002794,24.76,Sante,Montreal,H1A,150884,7,56.5,1,0
C010745,23.51,Genie,Capitale-Nationale,G1V,95980,12,19.0,0,0
C005126,32.12,Sciences sociales,Montreal,H1A,54697,11,3.9,0,1
C000609,27.16,Sante,Montreal,H3T,61637,6,6.7,0,0
C000105,29.13,Sciences sociales,Capitale-Nationale,G3A,69268,9,21.2,0,1
C007657,30.29,Arts et lettres,Gaspesie-Iles-de-la-Madeleine,G0C,66821,9,335.4,0,0
C013905,28.21,Sciences sociales,Montreal,H3T,40297,10,23.2,1,0
C004205,25.71,Sciences sociales,Bas-Saint-Laurent,G0L,55666,12,157.3,1,0
C008967,26.57,Genie,Montreal,H1A,59440,8,15.1,1,0
C011925,27.65,Arts et lettres,Montreal,H4L,44269,6,52.3,1,0
C009151,30.18,Sciences,Montreal,H8N,177419,6,17.6,0,1
C002826,26.51,Sante,Montreal,H1A,84461,11,15.1,0,1
C009506,29.46,Genie,Montreal,H4L,61474,7,6.5,0,1
C004519,24.52,Sante,Gaspesie-Iles-de-la-Madeleine,G0C,25739,12,205.7,0,0
C003908,26.41,Sciences sociales,Montreal,H1A,140532,11,11.6,0,1
C000987,28.2,Sciences sociales,Montreal,H4L,45246,10,11.1,0,0
C000416,25.43,Genie,Montreal,H1A,45480,11,11.4,0,0
C010439,28.55,Sciences,Montreal,H1A,53688,10,22.8,0,1
C010246,33.39,Sante,Gaspesie-Iles-de-la-Madeleine,G4X,104533,12,126.8,0,1
C006569,27.89,Sante,Gaspesie-Iles-de-la-Madeleine,G4X,85078,12,110.1,1,0
C004017,22.44,Sciences sociales,Gaspesie-Iles-de-la-Madeleine,G4X,35380,11,158.2,0,0
C011625,29.31,Sciences sociales,Montreal,H3T,94883,8,6.7,1,1
C008499,22.37,Genie,Cote-Nord,G0G,65389,13,88.4,0,0
C002578,28.5,Sciences,Gaspesie-Iles-de-la-Madeleine,G0C,64453,14,350.6,1,0
C007150,28.92,Sante,Montreal,H4L,55597,11,44.8,0,1
C005267,30.2,Sciences,Montreal,H3T,109231,10,24.6,0,1
C011541,35.08,Sante,Capitale-Nationale,G1V,75755,5,21.7,0,1
C006888,22.95,Sciences sociales,Capitale-Nationale,G1R,86903,16,10.1,0,0
C010497,30.7,Sciences sociales,Cote-Nord,G5B,64695,10,428.6,1,1
C001624,31.71,Genie,Cote-Nord,G0G,47995,13,90.4,0,1
C000374,30.19,Sciences sociales,Montreal,H3T,41865,9,10.9,0,0
C006328,24.84,Genie,Capitale-Nationale,G1V,38583,7,2.8,0,0
C002963,24.42,Genie,Capitale-Nationale,G2E,56877,9,8.8,1,0
C012036,30.5,Sante,Montreal,H8N,95784,15,21.0,0,1
C005241,25.36,Sante,Bas-Saint-Laurent,G5L,40645,16,290.1,0,0
C012025,31.23,Sciences sociales,Montreal,H4L,72927,13,15.5,0,1
C012210,24.88,Sciences,Gaspesie-Iles-de-la-Madeleine,G0C,88547,12,250.5,1,0
C001111,27.17,Genie,Capitale-Nationale,G3A,43315,9,11.3,1,0
C003083,22.29,Sante,Cote-Nord,G0G,56076,10,217.6,0,0
C011378,31.1,Sante,Montreal,H3T,92373,12,14.5,0,1
C010033,26.85,Sciences sociales,Montreal,H8N,62795,6,26.3,0,0
C008660,24.12,Sciences,Montreal,H1A,56210,5,15.6,0,0
C005461,29.13,Arts et lettres,Capitale-Nationale,G3A,163409,9,2.7,0,1
C011915,30.86,Arts et lettres,Gaspesie-Iles-de-la-Madeleine,G5C,44883,11,438.2,0,1
C010790,25.71,Sante,Gaspesie-Iles-de-la-Madeleine,G0C,110237,12,59.8,0,0
C000427,30.07,Sciences sociales,Montreal,H1A,38735,5,19.9,0,1
C013652,29.02,Sante,Montreal,H8N,94796,9,31.1,0,1
C006393,30.86,Sante,Gaspesie-Iles-de-la-Madeleine,G5C,73428,14,195.1,0,1
C004472,27.15,Sciences sociales,Montreal,H2X,31849,7,23.0,0,0
C008802,26.32,Arts et lettres,Gaspesie-Iles-de-la-Madeleine,G0C,86069,19,142.6,0,1
C008805,22.17,Arts et lettres,Cote-Nord,G4R,55848,12,141.3,0,0
C010758,24.97,Sciences,Montreal,H2X,65846,5,9.4,0,0
C010040,26.36,Arts et lettres,Montreal,H2X,81480,14,9.9,0,1
C009655,27.91,Sante,Capitale-Nationale,G3A,47117,8,35.5,1,0
C012694,24.44,Arts et lettres,Bas-Saint-Laurent,G0L,26751,18,419.2,1,0
C005932,32.17,Genie,Montreal,H1A,74282,10,18.5,0,1
C006558,22.79,Arts et lettres,Cote-Nord,G4R,55399,16,80.5,1,0
C005921,31.44,Sciences sociales,Montreal,H2X,112205,11,14.0,0,1
C000328,29.05,Genie,Gaspesie-Iles-de-la-Madeleine,G5C,51409,12,171.5,0,1
C013148,21.9,Sciences sociales,Gaspesie-Iles-de-la-Madeleine,G4X,84003,13,157.4,1,0
C007798,26.73,Genie,Cote-Nord,G4R,91353,9,349.2,0,0
C006770,29.27,Sciences,Capitale-Nationale,G1V,87396,2,2.7,0,1
C013587,27.36,Sciences,Montreal,H3T,61700,13,19.9,1,0
C012189,35.66,Genie,Montreal,H3T,19793,9,30.1,0,1
C002189,24.76,Genie,Montreal,H8N,125444,4,6.6,1,0
C003009,29.98,Sciences,Cote-Nord,G5B,40734,12,176.0,0,1
C012320,20.98,Arts et lettres,Cote-Nord,G5B,62548,24,196.7,1,0
C006651,28.9,Arts et lettres,Capitale-Nationale,G1R,42087,9,16.0,1,0
C013281,28.31,Sante,Capitale-Nationale,G2E,63483,7,13.5,0,0
C010300,26.7,Sciences,Montreal,H3T,48365,12,4.9,0,0
C006192,26.86,Arts et lettres,Montreal,H3T,141465,14,5.8,0,1
C007481,28.1,Sciences,Montreal,H4L,84314,8,17.7,0,1
C010992,24.39,Genie,Cote-Nord,G5B,24931,19,235.5,0,0
C008572,28.1,Arts et lettres,Capitale-Nationale,G1R,196099,11,6.0,1,1
C007169,28.81,Sciences sociales,Capitale-Nationale,G1V,132241,12,6.3,0,1
C011339,27.9,Sciences sociales,Capitale-Nationale,G2E,32139,11,17.1,0,0
C013613,29.22,Sciences sociales,Gaspesie-Iles-de-la-Madeleine,G0C,71132,8,260.4,1,1
C002071,25.14,Arts et lettres,Montreal,H2X,47545,16,36.3,1,0
C011441,24.32,Genie,Capitale-Nationale,G1V,60562,12,15.4,0,0
C002146,29.94,Sciences,Montreal,H3T,38597,11,30.1,0,1
C011713,29.31,Sciences,Capitale-Nationale,G3A,48311,8,44.7,1,1
C007139,33.27,Genie,Capitale-Nationale,G1R,52774,10,48.4,0,1
C007028,23.59,Genie,Montreal,H4L,88906,14,19.3,0,0
C012170,29.84,Sciences,Montreal,H8N,37095,6,22.8,0,1
C005083,26.85,Sante,Bas-Saint-Laurent,G5N,23089,8,133.3,0,0
C009839,34.23,Sciences,Montreal,H3T,66986,6,42.8,0,1
C005045,30.44,Genie,Capitale-Nationale,G1R,182173,9,7.8,0,1
C004075,30.23,Genie,Gaspesie-Iles-de-la-Madeleine,G5C,75820,13,105.7,1,1
C005976,29.27,Sciences sociales,Montreal,H3T,99783,16,16.7,0,1
C004482,26.54,Sciences,Capitale-Nationale,G3A,78397,14,23.9,1,1
C005360,33.53,Sciences,Montreal,H3T,72669,8,15.3,0,1
C000142,26.81,Genie,Montreal,H3T,93410,6,11.7,0,0
C001875,24.06,Sante,Montreal,H4L,110087,5,16.9,1,0
C012531,23.8,Sante,Montreal,H2X,74821,10,48.0,0,0
C011068,28.03,Sciences,Montreal,H3T,70618,13,18.9,0,0
C012221,31.33,Sciences,Montreal,H2X,87838,13,9.1,0,1
C007805,25.45,Sciences,Gaspesie-Iles-de-la-Madeleine,G5C,51360,10,223.1,0,0
C002149,23.11,Genie,Capitale-Nationale,G1V,91513,3,21.5,1,0
C003077,27.71,Sante,Montreal,H4L,99012,6,15.7,0,1
C004055,28.63,Arts et lettres,Gaspesie-Iles-de-la-Madeleine,G4X,122200,16,108.9,0,1
C012657,30.29,Arts et lettres,Montreal,H1A,49597,9,6.7,0,1
C002557,28.45,Sciences,Gaspesie-Iles-de-la-Madeleine,G4X,55330,12,108.6,0,0
C010599,26.89,Sante,Cote-Nord,G5B,22712,9,170.9,0,0
C010406,25.71,Arts et lettres,Bas-Saint-Laurent,G0L,44634,12,208.0,1,0
C004651,26.24,Genie,Capitale-Nationale,G3A,75029,8,17.7,0,0
C001012,25.1,Sciences sociales,Bas-Saint-Laurent,G5L,67734,14,182.7,0,0
C010434,29.99,Sante,Montreal,H1A,122859,10,20.1,0,1
C003197,29.8,Genie,Cote-Nord,G0G,45089,12,130.9,0,0
C011539,30.44,Sciences,Gaspesie-Iles-de-la-Madeleine,G0C,83291,5,123.5,0,0
C004447,30.78,Sciences,Capitale-Nationale,G2E,70187,3,6.7,0,1
C011505,27.28,Arts et lettres,Capitale-Nationale,G2E,90511,5,11.3,0,0
C007424,20.03,Sante,Cote-Nord,G5B,63802,9,252.5,0,0
C008520,29.0,Arts et lettres,Gaspesie-Iles-de-la-Madeleine,G5C,40211,10,365.5,1,0
C011703,31.36,Sante,Gaspesie-Iles-de-la-Madeleine,G5C,70606,13,66.2,1,1
C002906,26.1,Sciences,Montreal,H8N,91787,12,1.1,0,0
C005530,28.94,Sciences sociales,Bas-Saint-Laurent,G5L,38325,11,235.1,0,0
C012282,29.65,Arts et lettres,Cote-Nord,G0G,37034,12,137.3,0,0
C001460,26.57,Sciences sociales,Gaspesie-Iles-de-la-Madeleine,G0C,30877,15,269.0,0,0
C011927,27.01,Sciences,Cote-Nord,G4R,35630,12,568.6,1,0
C009147,27.75,Genie,Bas-Saint-Laurent,G5N,68998,21,119.6,1,0
C003528,30.31,Sciences sociales,Cote-Nord,G5B,34301,11,356.7,0,0
C002056,23.93,Arts et lettres,Montreal,H1A,49433,10,7.5,0,0
C011994,27.72,Sciences,Capitale-Nationale,G1R,86397,12,6.9,0,0
C007570,30.46,Sante,Montreal,H8N,40619,13,34.5,1,1
C010105,23.44,Sciences,Gaspesie-Iles-de-la-Madeleine,G5C,70009,8,319.0,1,0
C000858,30.12,Genie,Bas-Saint-Laurent,G5L,62255,6,239.8,0,1
C005782,27.08,Sciences,Gaspesie-Iles-de-la-Madeleine,G4X,51822,14,386.8,1,0
C006828,27.96,Sante,Montreal,H8N,139568,8,29.8,0,1
C009625,26.67,Sante,Capitale-Nationale,G1R,90277,10,25.3,0,0
C001336,27.13,Arts et lettres,Capitale-Nationale,G1R,86423,7,40.7,0,1
C009110,22.16,Arts et lettres,Montreal,H8N,64659,5,7.7,0,0
C012941,28.73,Sciences sociales,Capitale-Nationale,G1R,84548,11,2.9,0,1
C009159,31.47,Arts et lettres,Bas-Saint-Laurent,G0L,144037,11,62.9,1,1
C009338,29.18,Sciences sociales,Montreal,H1A,60193,10,9.5,0,1
C000564,26.94,Genie,Montreal,H3T,50432,8,5.6,0,0
C000360,30.15,Arts et lettres,Montreal,H8N,64093,5,5.4,0,1
C012358,30.07,Sante,Montreal,H4L,121993,12,17.6,1,1
C000029,27.71,Arts et lettres,Capitale-Nationale,G1V,66289,9,9.9,0,0
C006549,32.64,Arts et lettres,Cote-Nord,G5B,57325,16,413.4,1,1
C009719,28.36,Sciences,Capitale-Nationale,G2E,60064,9,36.2,0,0
C010798,24.8,Sciences,Capitale-Nationale,G3A,91741,9,17.6,0,0
C006341,29.79,Arts et lettres,Capitale-Nationale,G1R,41692,9,11.5,0,1
C005845,27.79,Genie,Gaspesie-Iles-de-la-Madeleine,G4X,29197,13,233.6,0,0
C000163,24.23,Arts et lettres,Cote-Nord,G4R,68291,11,348.8,0,0
C001015,25.48,Sante,Montreal,H2X,105017,8,85.1,1,0
C010638,33.49,Genie,Montreal,H4L,55606,10,21.8,0,1
C008577,28.1,Sciences sociales,Montreal,H2X,66850,5,51.9,1,1
C009931,26.09,Arts et lettres,Montreal,H8N,55271,7,27.0,0,0
C010229,34.44,Sciences sociales,Montreal,H1A,36396,6,39.3,0,1
C004910,31.65,Sciences,Montreal,H3T,84793,7,13.2,0,1
C004946,28.47,Sciences,Capitale-Nationale,G2E,63145,8,18.1,0,1
C002430,23.44,Sante,Capitale-Nationale,G1V,158077,5,35.9,0,0
C007674,30.77,Sciences sociales,Bas-Saint-Laurent,G0L,53755,15,207.9,1,1
C007358,30.37,Sciences,Montreal,H2X,60792,12,23.0,0,1
C002803,26.83,Sante,Cote-Nord,G0G,66990,6,167.3,0,0
C013634,33.89,Genie,Montreal,H4L,72726,9,8.6,0,1
C007366,24.08,Genie,Montreal,H8N,32290,8,16.1,0,0
C008809,29.81,Arts et lettres,Bas-Saint-Laurent,G5N,44043,11,242.4,1,1
C002284,29.48,Sciences,Montreal,H3T,134000,10,9.3,0,1
C002942,26.92,Sciences,Montreal,H1A,101117,3,4.0,1,0
C000876,25.36,Sciences sociales,Gaspesie-Iles-de-la-Madeleine,G4X,102465,17,186.5,0,0
C011087,26.4,Sciences,Bas-Saint-Laurent,G5L,56393,15,135.3,0,0
C002868,22.29,Sciences sociales,Capitale-Nationale,G3A,76984,9,14.8,0,0
C006712,26.81,Genie,Capitale-Nationale,G1V,139560,11,15.1,0,1
C003365,31.77,Sciences,Montreal,H2X,53766,3,20.5,0,1
C000302,32.67,Genie,Capitale-Nationale,G1R,53688,10,16.5,0,1
C011256,35.34,Sciences sociales,Bas-Saint-Laurent,G5N,34893,7,300.4,0,1
C005545,29.41,Sciences sociales,Montreal,H8N,26709,17,18.9,1,1
C001490,27.96,Sciences sociales,Cote-Nord,G4R,30326,9,159.9,1,0
C006953,33.39,Sciences,Capitale-Nationale,G1V,67716,11,13.0,0,1
C009422,23.97,Sciences,Montreal,H4L,22321,10,36.0,0,0
C006580,27.7,Genie,Montreal,H2X,58318,11,3.2,0,0
C009357,29.97,Sante,Cote-Nord,G4R,87842,15,140.5,1,1
C002702,28.31,Genie,Montreal,H3T,51395,14,19.7,0,1
C012192,32.87,Sciences sociales,Capitale-Nationale,G1V,80098,8,19.2,0,1
C012633,34.83,Genie,Montreal,H4L,115405,12,3.7,1,1
C006632,28.41,Arts et lettres,Montreal,H8N,50532,12,7.2,0,1
C009085,27.25,Sciences sociales,Gaspesie-Iles-de-la-Madeleine,G4X,57554,8,95.5,0,0
C002890,29.18,Genie,Montreal,H2X,73011,7,25.7,0,1
C002548,25.84,Sciences,Capitale-Nationale,G1V,83938,10,19.0,0,0
C010431,25.17,Genie,Capitale-Nationale,G1V,59216,14,20.3,0,0
C004828,21.1,Sciences sociales,Cote-Nord,G5B,28485,17,302.1,0,0
C002160,29.24,Sante,Gaspesie-Iles-de-la-Madeleine,G0C,73310,16,224.2,0,1
C012722,31.08,Genie,Bas-Saint-Laurent,G5L,94518,14,356.1,1,1
C011428,23.96,Arts et lettres,Bas-Saint-Laurent,G5L,70741,18,590.7,1,0
C003930,28.04,Sante,Montreal,H4L,55297,8,26.9,0,0
C005664,29.17,Sciences sociales,Gaspesie-Iles-de-la-Madeleine,G4X,55142,10,101.8,0,1
C011275,34.12,Genie,Bas-Saint-Laurent,G0L,89089,13,229.5,0,1
C001504,22.39,Genie,Montreal,H8N,49613,10,19.0,0,0
C011250,36.53,Arts et lettres,Montreal,H1A,59702,8,19.6,1,1
C008182,27.26,Sante,Montreal,H4L,74400,3,26.1,1,0
C001215,24.42,Sciences,Capitale-Nationale,G1R,45410,5,16.7,1,0
C005780,31.49,Genie,Capitale-Nationale,G3A,56715,9,42.8,1,1
C009623,27.28,Sante,Montreal,H2X,53583,7,9.6,0,0
C001061,26.52,Genie,Montreal,H8N,44568,6,13.9,0,0
C006670,26.52,Sante,Capitale-Nationale,G1V,29099,8,31.0,1,0
C012037,31.99,Sante,Cote-Nord,G0G,88059,17,358.3,0,1
C004869,23.53,Sciences sociales,Cote-Nord,G5B,134473,17,191.6,1,0
C010131,25.52,Sante,Capitale-Nationale,G1V,78269,12,17.2,0,0
C013926,34.38,Sante,Capitale-Nationale,G1R,55172,4,12.8,1,1
C005275,24.17,Genie,Montreal,H1A,75870,6,6.4,0,0
C004839,28.58,Sciences sociales,Montreal,H4L,37032,9,10.1,0,0
C005848,26.91,Sciences,Montreal,H8N,109494,7,16.2,0,0
C003176,27.33,Sciences,Montreal,H8N,44567,6,12.5,0,0
C005181,31.78,Sciences,Cote-Nord,G4R,135350,16,278.0,0,1
C004150,26.67,Genie,Capitale-Nationale,G1V,55675,8,12.7,1,0
C007583,30.71,Arts et lettres,Montreal,H1A,32937,13,24.3,1,1
C003892,31.37,Sante,Montreal,H8N,80898,15,29.8,0,1
C005457,31.55,Genie,Cote-Nord,G4R,43260,16,389.4,0,1
C013191,30.46,Arts et lettres,Capitale-Nationale,G1V,65331,12,26.4,1,1
C007759,29.42,Sciences sociales,Gaspesie-Iles-de-la-Madeleine,G4X,40444,12,228.7,1,1
C004803,20.11,Genie,Montreal,H8N,59334,3,32.4,0,0
C003013,24.86,Sciences,Montreal,H2X,56024,15,13.3,1,0
C011829,29.5,Genie,Montreal,H4L,71673,7,24.3,0,1
C010490,29.77,Genie,Capitale-Nationale,G1R,47844,10,26.7,0,1
C007998,29.14,Sciences,Capitale-Nationale,G1R,104374,5,34.4,0,0
C009039,25.67,Arts et lettres,Bas-Saint-Laurent,G5L,56367,13,214.7,1,0
C011143,26.53,Arts et lettres,Cote-Nord,G4R,43445,20,348.0,0,0
C010221,28.68,Sante,Montreal,H8N,92316,10,44.2,0,1
C008949,29.99,Arts et lettres,Capitale-Nationale,G1R,55828,6,12.5,0,1
C005008,27.5,Sante,Capitale-Nationale,G2E,51696,8,0.5,0,0
C004894,29.87,Sante,Montreal,H8N,75276,12,58.2,0,1
C011668,28.07,Sante,Bas-Saint-Laurent,G5L,35034,14,293.9,1,0
C001552,29.66,Sciences,Gaspesie-Iles-de-la-Madeleine,G0C,95097,11,218.9,0,1
C013599,28.73,Genie,Capitale-Nationale,G1R,181905,5,6.9,0,1
C000013,31.01,Genie,Gaspesie-Iles-de-la-Madeleine,G5C,31184,14,496.5,1,1
C004579,32.41,Genie,Bas-Saint-Laurent,G0L,55722,13,161.6,1,1
C012836,29.94,Sciences sociales,Montreal,H4L,32658,10,16.1,0,1
C008708,23.43,Sante,Gaspesie-Iles-de-la-Madeleine,G0C,47863,16,171.8,1,0
C003852,28.1,Sciences,Cote-Nord,G0G,78119,15,244.1,0,1
C006362,25.16,Sciences,Montreal,H3T,79134,7,16.2,0,0
C011309,26.5,Sciences,Montreal,H8N,51540,9,21.4,1,0
C008773,30.39,Genie,Capitale-Nationale,G1V,52999,14,33.8,0,1
C012884,29.52,Genie,Cote-Nord,G5B,52990,19,282.0,1,1
C006183,27.29,Sante,Gaspesie-Iles-de-la-Madeleine,G0C,50884,9,145.8,1,0
C001462,29.95,Sante,Bas-Saint-Laurent,G5N,60846,9,78.7,0,1
C001307,27.68,Genie,Montreal,H8N,87543,6,22.9,0,1
C009244,28.6,Sciences sociales,Montreal,H8N,80604,12,2.4,0,1
C010268,28.06,Sciences,Montreal,H3T,54119,5,2.4,0,0
C013704,25.23,Arts et lettres,Capitale-Nationale,G1R,60550,6,21.3,0,0
C000414,26.64,Sciences,Cote-Nord,G4R,69239,10,539.4,0,0
C000370,19.9,Sciences sociales,Montreal,H1A,48688,7,15.3,0,0
C005493,28.84,Genie,Bas-Saint-Laurent,G0L,43009,13,277.4,1,0
C001383,29.42,Genie,Capitale-Nationale,G1R,88488,7,4.3,0,1
C004026,26.57,Arts et lettres,Montreal,H8N,34948,13,11.0,0,0
C000080,28.95,Genie,Gaspesie-Iles-de-la-Madeleine,G5C,58321,11,174.2,0,0
C004893,29.29,Sciences sociales,Montreal,H3T,75051,4,18.3,0,1
C008088,30.14,Genie,Montreal,H4L,87708,5,26.1,0,1
C002433,25.25,Sciences sociales,Cote-Nord,G4R,45969,19,325.9,0,0
C005519,29.55,Sante,Montreal,H1A,113560,10,8.2,1,1
C010983,34.87,Sciences,Montreal,H1A,179988,6,48.3,1,1
C013877,27.58,Genie,Gaspesie-Iles-de-la-Madeleine,G5C,43191,8,412.6,1,0
C012674,30.4,Sante,Gaspesie-Iles-de-la-Madeleine,G4X,57442,13,117.8,0,1
C008772,27.5,Genie,Montreal,H2X,86691,9,20.4,1,1
C003500,24.82,Sciences,Montreal,H2X,40919,14,4.9,0,0
C005549,31.09,Sciences sociales,Montreal,H1A,64846,5,11.3,0,1
C013533,23.3,Arts et lettres,Bas-Saint-Laurent,G0L,47177,11,133.2,0,0
C004424,29.49,Sante,Capitale-Nationale,G1V,68398,9,31.9,0,1
C002280,26.81,Sciences,Montreal,H4L,32143,14,16.7,0,0
C012890,26.99,Arts et lettres,Cote-Nord,G0G,59459,14,212.7,0,0
C004141,35.15,Arts et lettres,Montreal,H2X,109921,8,9.7,0,1
C000415,22.17,Sciences sociales,Bas-Saint-Laurent,G5N,29130,17,89.5,0,0
C008574,26.58,Genie,Montreal,H4L,71232,3,34.6,0,0
C003163,31.87,Arts et lettres,Cote-Nord,G0G,32844,8,304.6,0,1
C004131,31.54,Sciences sociales,Gaspesie-Iles-de-la-Madeleine,G4X,63115,13,158.2,0,1
C006537,24.91,Sciences,Montreal,H3T,41312,10,12.1,0,0
C001834,26.26,Sciences,Montreal,H4L,91426,8,8.4,1,1
C003668,24.27,Arts et lettres,Montreal,H4L,52886,15,5.8,0,0
C013932,27.71,Sante,Bas-Saint-Laurent,G5N,74098,15,142.9,0,0
C012284,29.77,Genie,Gaspesie-Iles-de-la-Madeleine,G4X,57017,18,151.5,1,1
C011385,30.81,Sante,Montreal,H4L,53457,12,3.7,0,1
C013580,27.0,Sciences sociales,Capitale-Nationale,G1V,100046,6,43.1,0,1
C013224,31.53,Sciences sociales,Bas-Saint-Laurent,G0L,38964,15,271.9,0,1
C005678,26.43,Genie,Montreal,H4L,97057,9,8.6,0,0
C009059,28.95,Genie,Bas-Saint-Laurent,G5L,46354,11,244.8,0,0
C000946,25.92,Sciences sociales,Gaspesie-Iles-de-la-Madeleine,G4X,38145,15,278.9,0,0
C004724,25.03,Sante,Gaspesie-Iles-de-la-Madeleine,G4X,26147,10,398.1,1,0
C011170,26.81,Genie,Capitale-Nationale,G3A,71608,3,2.9,1,0
C010587,24.26,Sante,Cote-Nord,G0G,37308,12,69.4,1,0
C006107,31.35,Arts et lettres,Bas-Saint-Laurent,G5N,27150,13,136.5,0,1
C007585,26.71,Sciences,Gaspesie-Iles-de-la-Madeleine,G4X,61833,11,181.2,0,0
C007425,26.46,Sciences sociales,Montreal,H4L,86256,9,14.3,0,0
C010909,25.08,Sciences,Cote-Nord,G4R,106131,17,95.2,1,0
C003030,26.81,Sciences sociales,Montreal,H1A,46950,10,8.4,0,0
C010482,31.57,Genie,Capitale-Nationale,G2E,53499,4,12.3,0,1
C008307,27.91,Sante,Capitale-Nationale,G1R,50112,5,1.0,0,0
C010802,25.64,Sante,Montreal,H1A,57544,12,10.1,1,0
C005928,24.92,Sante,Bas-Saint-Laurent,G5L,50451,13,212.4,1,0
C009805,28.19,Genie,Cote-Nord,G5B,102436,17,362.1,1,1
C000797,25.64,Sciences,Cote-Nord,G5B,31631,12,155.5,0,0
C005330,24.55,Arts et lettres,Gaspesie-Iles-de-la-Madeleine,G0C,53045,13,50.5,0,0
C013310,27.42,Sciences sociales,Montreal,H2X,66665,14,4.9,0,0
C013008,28.31,Sante,Capitale-Nationale,G3A,88738,8,53.4,0,0
C012298,25.16,Sciences,Capitale-Nationale,G1V,93081,12,41.8,1,0
C007500,27.52,Sante,Capitale-Nationale,G1V,116504,9,8.3,0,0
C000565,32.64,Sciences,Gaspesie-Iles-de-la-Madeleine,G4X,118705,17,212.5,0,1
C007057,28.85,Arts et lettres,Gaspesie-Iles-de-la-Madeleine,G0C,53378,11,328.6,1,0
C003058,30.74,Genie,Montreal,H3T,128363,7,8.8,0,1
C008650,26.94,Sciences sociales,Montreal,H3T,97876,10,9.0,0,0
C006097,26.83,Sante,Cote-Nord,G0G,29638,13,306.5,0,0
C000557,25.97,Genie,Montreal,H4L,139469,5,3.5,0,0
C008280,33.73,Arts et lettres,Bas-Saint-Laurent,G0L,27414,12,396.3,0,1
C013756,33.98,Genie,Montreal,H4L,53677,11,6.1,1,1
C002289,25.88,Genie,Montreal,H8N,114155,5,6.3,1,0
C000984,28.85,Arts et lettres,Montreal,H2X,77308,5,40.7,0,1
C006585,24.97,Arts et lettres,Cote-Nord,G5B,31696,14,441.0,0,0
C013687,30.48,Sciences,Montreal,H1A,76029,8,24.5,1,1
C006805,29.07,Sante,Montreal,H4L,68487,9,13.4,0,0
C007890,25.56,Sante,Capitale-Nationale,G1V,70205,8,34.8,0,0
C013763,25.99,Sciences,Montreal,H8N,54649,5,12.6,1,0
C001734,27.04,Genie,Capitale-Nationale,G2E,107750,5,25.1,0,0
C005245,33.16,Genie,Montreal,H1A,55102,8,12.3,0,1
C008910,31.22,Sciences sociales,Montreal,H8N,51971,9,7.8,0,1
C007535,28.59,Sciences sociales,Montreal,H8N,58697,8,37.1,0,0
C005905,24.8,Sciences,Montreal,H2X,125957,11,8.9,1,0
C000011,23.58,Sciences sociales,Montreal,H3T,94420,5,23.0,0,0
C012528,30.81,Sciences sociales,Gaspesie-Iles-de-la-Madeleine,G0C,74138,15,228.2,0,1
C009250,24.39,Sciences,Bas-Saint-Laurent,G0L,109158,14,228.4,1,0
C013886,28.54,Sciences sociales,Montreal,H8N,55119,11,29.6,0,1
C003276,29.11,Sciences sociales,Cote-Nord,G5B,41409,18,119.6,0,0
C004343,28.85,Sciences sociales,Cote-Nord,G4R,59211,8,434.3,0,0
C004750,24.8,Sciences sociales,Capitale-Nationale,G3A,120350,13,24.6,0,0
C004898,22.77,Genie,Montreal,H8N,38018,8,11.3,1,0
C007096,28.9,Genie,Montreal,H2X,144290,8,19.6,0,1
C000604,27.78,Arts et lettres,Cote-Nord,G5B,19110,13,303.0,1,0
C006693,29.11,Sciences sociales,Montreal,H4L,97307,9,21.7,1,1
C009498,20.4,Sante,Bas-Saint-Laurent,G5N,66237,13,89.9,0,0
C013085,26.85,Sante,Gaspesie-Iles-de-la-Madeleine,G5C,61934,9,248.8,0,0
C001778,26.59,Arts et lettres,Cote-Nord,G5B,37056,17,139.1,0,0
C008309,26.03,Genie,Montreal,H8N,47999,8,9.8,1,0
C007247,22.85,Sciences,Gaspesie-Iles-de-la-Madeleine,G0C,51351,14,378.6,0,0
C005945,29.47,Sciences sociales,Cote-Nord,G4R,110879,13,266.4,0,1
C004929,30.39,Sciences sociales,Montreal,H8N,138024,6,17.3,0,1
C009739,26.17,Sciences,Cote-Nord,G0G,39240,8,207.0,0,0
C010082,27.52,Sciences sociales,Gaspesie-Iles-de-la-Madeleine,G5C,112199,13,272.9,0,1
C011890,28.79,Sciences sociales,Montreal,H4L,71623,8,15.0,1,0
C003602,27.19,Sante,Cote-Nord,G5B,90849,11,195.4,0,0
C007709,29.86,Genie,Montreal,H8N,69086,11,32.4,0,1
C005354,31.37,Sciences,Montreal,H2X,66123,11,29.7,0,1
C000375,28.04,Sciences sociales,Gaspesie-Iles-de-la-Madeleine,G4X,45179,8,78.2,0,1
C002490,23.25,Genie,Bas-Saint-Laurent,G0L,115964,12,234.3,0,0
C000635,26.1,Sciences sociales,Gaspesie-Iles-de-la-Madeleine,G4X,59318,15,391.3,0,0
C010723,23.39,Sciences,Capitale-Nationale,G2E,39581,6,20.5,1,0
C010095,21.46,Arts et lettres,Gaspesie-Iles-de-la-Madeleine,G0C,55030,10,172.2,0,0
C004955,29.12,Sciences,Montreal,H3T,29905,9,14.0,0,1
C009629,30.09,Sante,Capitale-Nationale,G2E,63001,12,16.1,1,0
C010444,24.61,Sante,Montreal,H8N,63300,10,11.3,0,0
C009486,30.58,Arts et lettres,Montreal,H1A,151054,14,27.1,0,1
C013083,31.42,Sciences sociales,Capitale-Nationale,G2E,82268,12,4.6,0,1
C000833,23.83,Arts et lettres,Cote-Nord,G4R,62095,15,238.7,0,0
C013502,30.13,Genie,Montreal,H3T,103189,9,16.4,1,1
C001298,24.85,Sciences sociales,Montreal,H3T,36048,5,3.4,1,0
C006136,31.98,Sciences,Montreal,H2X,123425,8,13.9,0,1
C011751,31.39,Sante,Montreal,H4L,91855,8,13.1,0,1
C003311,30.23,Sciences,Gaspesie-Iles-de-la-Madeleine,G4X,95479,6,311.5,0,1
C004128,33.0,Arts et lettres,Capitale-Nationale,G3A,33410,8,27.7,0,1
C009660,29.01,Arts et lettres,Bas-Saint-Laurent,G5L,41835,16,248.6,0,0
C012000,26.76,Genie,Gaspesie-Iles-de-la-Madeleine,G0C,29991,4,104.7,1,0
C005094,29.19,Sciences sociales,Bas-Saint-Laurent,G5N,75402,13,176.1,1,1
C005675,26.51,Sciences,Montreal,H8N,112164,10,19.7,0,0
C009973,23.49,Genie,Cote-Nord,G4R,55928,20,182.1,0,0
C012995,29.12,Sante,Bas-Saint-Laurent,G0L,68682,6,299.3,1,0
C001514,30.15,Sciences sociales,Montreal,H8N,79329,12,19.0,0,1
C004460,28.07,Sante,Gaspesie-Iles-de-la-Madeleine,G5C,37737,13,165.2,1,1
C007407,26.79,Arts et lettres,Capitale-Nationale,G3A,70263,10,16.9,0,0
C003956,28.18,Sciences,Bas-Saint-Laurent,G0L,66636,7,151.5,1,0
C003382,28.16,Arts et lettres,Gaspesie-Iles-de-la-Madeleine,G5C,42482,13,95.6,0,0
C007809,25.94,Sante,Gaspesie-Iles-de-la-Madeleine,G0C,56041,17,94.8,1,0
C010410,31.52,Sciences,Capitale-Nationale,G3A,66778,11,37.3,1,1
C012234,23.7,Sciences sociales,Gaspesie-Iles-de-la-Madeleine,G0C,68642,21,230.0,1,0
C000202,27.43,Sciences sociales,Cote-Nord,G4R,16912,13,285.0,0,0
C000872,26.21,Sciences sociales,Montreal,H8N,45486,11,41.3,0,0
C009330,28.98,Sciences,Cote-Nord,G0G,36599,15,149.1,0,0
C001163,28.12,Genie,Montreal,H2X,73735,5,31.4,0,0
C003763,24.28,Genie,Cote-Nord,G4R,62180,17,250.8,1,0
C004774,30.65,Genie,Bas-Saint-Laurent,G0L,46099,18,196.2,0,1
C009499,27.32,Sante,Montreal,H8N,51722,9,1.5,0,0
C002374,26.77,Sciences sociales,Gaspesie-Iles-de-la-Madeleine,G0C,56299,10,204.4,0,0
C012864,29.62,Sciences sociales,Bas-Saint-Laurent,G0L,39048,17,176.4,0,1
C001563,28.66,Sciences,Gaspesie-Iles-de-la-Madeleine,G5C,80343,14,332.2,0,1
C001963,29.35,Sciences,Capitale-Nationale,G2E,44029,5,7.3,0,1
C009239,28.81,Sante,Montreal,H8N,90157,8,2.2,0,1
C002157,25.53,Sciences sociales,Capitale-Nationale,G2E,58883,5,30.3,0,0
C004001,24.95,Sciences sociales,Gaspesie-Iles-de-la-Madeleine,G0C,61367,11,369.9,0,0
C002122,32.25,Sciences,Montreal,H3T,50494,4,5.0,0,1
C003273,25.75,Sciences sociales,Cote-Nord,G0G,80914,13,333.9,0,0
C003255,32.46,Genie,Capitale-Nationale,G3A,72993,6,9.5,1,1
C007835,29.32,Arts et lettres,Bas-Saint-Laurent,G5L,54950,10,277.8,0,0
C009877,28.85,Sciences sociales,Bas-Saint-Laurent,G0L,25441,9,225.5,1,1
C000182,29.26,Arts et lettres,Gaspesie-Iles-de-la-Madeleine,G0C,36852,14,506.2,0,0
C012616,28.73,Arts et lettres,Montreal,H3T,39438,10,19.7,0,1
C009000,28.8,Genie,Capitale-Nationale,G1R,69270,3,9.8,0,1
C002685,28.99,Sante,Montreal,H2X,130595,10,14.3,1,1
C001704,21.55,Sante,Bas-Saint-Laurent,G5L,44647,11,175.5,1,0
C002787,29.21,Genie,Bas-Saint-Laurent,G5N,58969,8,145.6,0,0
C006963,26.25,Arts et lettres,Gaspesie-Iles-de-la-Madeleine,G4X,49022,13,217.5,1,0
C009290,25.24,Sciences sociales,Montreal,H1A,34624,7,4.1,0,0
C002708,27.39,Sciences sociales,Montreal,H2X,108964,10,18.2,0,1
C013569,25.82,Sciences sociales,Gaspesie-Iles-de-la-Madeleine,G0C,52534,17,303.1,1,0
C005739,26.08,Genie,Bas-Saint-Laurent,G5N,28640,6,180.9,0,0
C008483,28.79,Sciences sociales,Gaspesie-Iles-de-la-Madeleine,G5C,64395,13,88.5,1,0
C005469,26.22,Sante,Montreal,H8N,165464,6,12.8,1,0
C005528,29.74,Sciences sociales,Gaspesie-Iles-de-la-Madeleine,G5C,64846,18,154.4,0,1
C001013,26.39,Sciences,Montreal,H8N,68752,16,21.1,0,1
C011854,31.7,Genie,Capitale-Nationale,G1V,124861,9,10.8,0,1
C009603,25.5,Arts et lettres,Montreal,H2X,41154,6,9.6,0,0
C009744,29.13,Sante,Bas-Saint-Laurent,G0L,66776,18,507.1,0,1
C000001,28.92,Genie,Montreal,H4L,125442,8,23.4,0,0
C010405,27.2,Sante,Montreal,H2X,131285,7,15.6,0,1
C002978,22.15,Arts et lettres,Bas-Saint-Laurent,G5L,36361,11,141.8,0,0
C002264,26.59,Sciences sociales,Montreal,H2X,53185,9,13.5,0,0
C005828,28.47,Sciences,Capitale-Nationale,G2E,61929,9,14.1,0,1
C011818,30.8,Sciences,Montreal,H4L,80161,9,42.6,1,1
C006808,31.3,Sciences sociales,Bas-Saint-Laurent,G0L,72360,16,218.8,0,1
C010808,24.3,Genie,Gaspesie-Iles-de-la-Madeleine,G4X,25878,11,183.3,1,0
C005279,28.45,Sante,Capitale-Nationale,G2E,64505,8,12.6,0,1
C009658,30.68,Sciences sociales,Montreal,H2X,92911,5,20.6,0,1
C007899,26.81,Genie,Montreal,H4L,66077,6,5.2,0,0
C006447,26.92,Sciences,Bas-Saint-Laurent,G5N,58716,15,214.7,1,0
C006619,25.71,Sciences sociales,Montreal,H2X,120342,18,5.2,0,1
C000870,32.72,Sante,Cote-Nord,G0G,41215,19,407.6,1,1
C006515,27.07,Sciences sociales,Bas-Saint-Laurent,G0L,67634,13,118.2,0,0
C003506,21.82,Sante,Montreal,H2X,26953,8,39.8,1,0
C008304,28.95,Sciences,Capitale-Nationale,G1V,55954,10,10.5,0,0
C006893,27.67,Sciences,Montreal,H8N,77455,11,19.2,0,1
C003749,28.29,Sciences,Montreal,H4L,55766,7,13.1,0,1
C004021,23.69,Sciences sociales,Cote-Nord,G0G,103384,12,66.8,0,0
C001098,26.59,Sante,Montreal,H1A,84795,9,4.9,0,0
C005565,21.93,Sante,Cote-Nord,G0G,35050,10,229.3,1,0
C013869,25.47,Arts et lettres,Cote-Nord,G0G,59083,15,273.5,0,0
C003916,34.46,Genie,Montreal,H1A,57069,7,25.5,0,1
C006137,29.01,Sciences,Bas-Saint-Laurent,G5N,44495,15,102.6,0,0
C012349,38.14,Arts et lettres,Capitale-Nationale,G2E,34968,8,35.4,0,1
C013379,29.21,Arts et lettres,Montreal,H8N,42978,4,3.6,0,0
C005964,27.66,Sciences sociales,Capitale-Nationale,G1V,84932,7,2.1,1,0
C004965,29.74,Sante,Capitale-Nationale,G2E,69721,11,3.1,0,1
C011099,33.1,Genie,Montreal,H1A,45225,11,27.0,0,1
C006464,28.15,Sciences sociales,Capitale-Nationale,G1R,51068,12,11.0,0,1
C011358,23.76,Sciences sociales,Capitale-Nationale,G3A,47341,17,10.4,0,0
C001182,28.94,Sciences sociales,Montreal,H1A,71823,8,21.7,0,1
C002875,25.63,Sciences sociales,Gaspesie-Iles-de-la-Madeleine,G5C,41476,16,224.1,0,0
C008384,26.64,Sciences sociales,Cote-Nord,G0G,44652,14,224.1,0,0
C012873,31.38,Sciences sociales,Cote-Nord,G5B,42123,14,179.0,0,1
C013831,25.5,Sciences,Bas-Saint-Laurent,G5L,56794,10,137.6,0,0
C002929,30.18,Genie,Montreal,H2X,76384,13,26.0,0,1
C005304,22.91,Arts et lettres,Capitale-Nationale,G1V,48607,10,32.5,0,0
C010565,26.31,Sante,Capitale-Nationale,G2E,78193,8,31.6,0,0
C003301,28.59,Arts et lettres,Montreal,H2X,76785,9,12.0,0,1
C000229,28.3,Genie,Montreal,H8N,87962,6,13.1,1,0
C009874,26.48,Sciences,Bas-Saint-Laurent,G5L,37826,12,203.7,0,0
C013695,32.59,Arts et lettres,Montreal,H8N,88134,17,5.5,0,0
C013757,26.4,Sante,Montreal,H1A,54193,11,10.0,0,0
C011528,24.19,Genie,Montreal,H8N,91085,10,2.2,0,0
C001007,30.35,Sciences sociales,Montreal,H3T,80368,12,60.1,1,1
C010130,27.75,Sante,Montreal,H3T,124560,9,5.6,1,1
C012601,24.73,Sciences,Montreal,H2X,61654,9,0.4,0,0
C003508,25.15,Sciences sociales,Capitale-Nationale,G3A,43962,6,37.5,1,0
C000110,30.22,Sciences,Montreal,H2X,48392,7,38.7,0,1
C002723,25.12,Arts et lettres,Montreal,H3T,85640,12,16.1,0,0
C013351,29.03,Sante,Capitale-Nationale,G2E,72372,9,24.0,0,1
C001025,24.94,Sciences sociales,Montreal,H1A,62699,12,19.0,0,0
C003608,29.82,Sciences,Capitale-Nationale,G1R,42263,5,15.9,0,1
C010171,27.53,Sciences,Bas-Saint-Laurent,G5N,47824,15,316.5,1,0
C010168,24.71,Genie,Gaspesie-Iles-de-la-Madeleine,G4X,71247,13,117.9,1,0
C012177,25.32,Sciences sociales,Montreal,H8N,44460,9,49.3,0,0
C009141,30.5,Sciences,Gaspesie-Iles-de-la-Madeleine,G5C,83234,16,133.2,0,1
C013308,26.29,Arts et lettres,Capitale-Nationale,G1R,31209,6,18.3,0,0
C004126,29.43,Arts et lettres,Bas-Saint-Laurent,G0L,55284,19,171.8,0,1
C001242,24.13,Arts et lettres,Montreal,H3T,102672,9,35.7,0,0
C008386,25.04,Sciences,Capitale-Nationale,G2E,66416,6,12.2,1,0
C010962,32.98,Genie,Gaspesie-Iles-de-la-Madeleine,G5C,21888,15,133.6,0,1
C003351,26.69,Sciences,Cote-Nord,G0G,44782,11,264.1,0,0
C000238,27.68,Sciences,Gaspesie-Iles-de-la-Madeleine,G5C,57391,12,271.0,0,1
C005115,28.38,Sciences sociales,Gaspesie-Iles-de-la-Madeleine,G5C,32168,16,260.7,0,0
C013316,29.27,Sciences sociales,Gaspesie-Iles-de-la-Madeleine,G0C,58074,15,221.3,1,1
C006865,24.26,Genie,Montreal,H8N,54704,5,5.1,0,0
C002568,23.15,Sciences,Gaspesie-Iles-de-la-Madeleine,G0C,56843,16,71.3,1,0
C013595,32.84,Genie,Montreal,H4L,110914,17,26.6,0,1
C006579,27.35,Arts et lettres,Bas-Saint-Laurent,G5L,69786,16,159.3,1,0
C004191,23.24,Genie,Cote-Nord,G4R,64293,9,309.7,1,0
C010075,29.56,Sciences,Montreal,H8N,40510,9,12.2,0,1
C003231,29.95,Genie,Montreal,H3T,88037,9,20.8,1,1
C005633,25.69,Arts et lettres,Bas-Saint-Laurent,G0L,52405,16,73.8,1,0
C005679,24.12,Sante,Montreal,H2X,51199,4,5.1,0,0
C005998,27.26,Genie,Bas-Saint-Laurent,G5L,57603,16,45.2,1,0
C013227,26.46,Genie,Montreal,H1A,45043,5,11.5,0,0
C007088,29.61,Sciences sociales,Cote-Nord,G5B,55818,11,166.6,1,0
C012230,27.43,Sciences sociales,Montreal,H1A,88029,12,5.4,0,1
C004209,26.3,Sciences sociales,Cote-Nord,G0G,80860,10,119.6,1,0
C011215,30.14,Arts et lettres,Montreal,H2X,37863,13,22.5,0,1
C000307,34.0,Sciences sociales,Montreal,H3T,72546,13,37.2,0,1
C010438,27.62,Sciences,Montreal,H1A,64791,9,4.3,1,0
C001259,28.57,Sciences,Gaspesie-Iles-de-la-Madeleine,G0C,96955,16,456.7,0,0
C000528,26.92,Sciences sociales,Gaspesie-Iles-de-la-Madeleine,G4X,20798,11,306.5,1,0
C001348,24.73,Genie,Montreal,H1A,98011,14,4.5,1,0
C013368,28.58,Genie,Bas-Saint-Laurent,G5L,38299,16,76.9,1,0
C006248,31.57,Genie,Bas-Saint-Laurent,G5L,21641,10,162.6,1,1
C004918,25.01,Arts et lettres,Gaspesie-Iles-de-la-Madeleine,G5C,55627,10,205.7,0,0
C013448,30.18,Sante,Montreal,H4L,183398,11,33.8,0,1
C012795,26.25,Sante,Capitale-Nationale,G2E,107847,9,8.6,0,0
C005437,30.58,Arts et lettres,Montreal,H2X,107785,9,15.4,0,1
C010750,29.21,Sciences,Gaspesie-Iles-de-la-Madeleine,G0C,48623,8,333.3,0,0
C012651,28.73,Arts et lettres,Capitale-Nationale,G2E,76234,13,12.2,1,1
C005897,29.49,Sciences sociales,Gaspesie-Iles-de-la-Madeleine,G5C,22915,8,321.7,1,0
C001000,28.43,Sciences sociales,Capitale-Nationale,G3A,41922,9,17.2,0,0
C006086,27.1,Genie,Montreal,H1A,67422,11,34.9,0,0
C002074,25.61,Sciences,Montreal,H3T,92613,10,16.8,1,0
C013858,27.51,Sante,Capitale-Nationale,G3A,127133,10,19.7,0,1
C004468,25.6,Sciences sociales,Capitale-Nationale,G2E,207842,14,9.3,1,0
C010686,27.11,Sante,Capitale-Nationale,G1V,39371,7,33.6,0,0
C005726,24.76,Sante,Montreal,H3T,73068,8,8.3,0,0
C000369,31.06,Sante,Montreal,H2X,153484,13,6.4,0,1
C004684,30.45,Genie,Gaspesie-Iles-de-la-Madeleine,G0C,40940,12,290.2,1,1
C002858,29.35,Sciences,Capitale-Nationale,G3A,63155,6,43.4,0,0
C011013,29.62,Arts et lettres,Montreal,H8N,71736,9,3.1,0,1
C005712,28.51,Genie,Montreal,H8N,99534,11,10.5,0,1
C002675,28.03,Genie,Bas-Saint-Laurent,G5L,161579,16,142.6,0,1
C013647,29.42,Genie,Capitale-Nationale,G3A,64010,6,3.3,0,1
C007959,30.12,Arts et lettres,Gaspesie-Iles-de-la-Madeleine,G4X,55820,11,123.5,1,0
C008412,29.97,Sciences sociales,Capitale-Nationale,G1R,47530,6,23.8,0,1
C011756,24.89,Sciences,Montreal,H1A,111609,8,26.4,1,0
C004272,22.82,Sciences,Bas-Saint-Laurent,G0L,69474,8,244.3,0,0
C001150,29.02,Sciences,Capitale-Nationale,G2E,85248,10,20.4,0,1
C003488,29.56,Arts et lettres,Montreal,H3T,84783,5,21.4,0,1
C006886,22.49,Arts et lettres,Gaspesie-Iles-de-la-Madeleine,G4X,88612,17,85.2,0,0
C005369,26.13,Sante,Bas-Saint-Laurent,G5L,25375,17,492.9,0,0
C002581,24.01,Sante,Montreal,H3T,71023,10,9.2,0,0
C010782,28.48,Sante,Montreal,H8N,33192,6,9.2,0,1
C013590,34.86,Genie,Montreal,H3T,44617,7,14.9,0,1
C000666,27.24,Genie,Montreal,H4L,137268,6,19.3,1,1
C006785,25.58,Arts et lettres,Bas-Saint-Laurent,G0L,58830,8,190.1,1,0
C003605,26.37,Sante,Cote-Nord,G5B,77485,11,248.3,1,0
C005959,30.36,Sante,Bas-Saint-Laurent,G0L,89216,15,77.5,1,1
C005870,30.62,Genie,Montreal,H8N,67685,10,46.4,0,1
C012114,25.37,Genie,Montreal,H3T,78800,8,15.5,0,0
C011053,24.24,Arts et lettres,Capitale-Nationale,G1R,81816,8,39.5,0,0
C012799,22.52,Genie,Gaspesie-Iles-de-la-Madeleine,G5C,47689,20,207.3,0,0
C004238,26.31,Sciences sociales,Montreal,H3T,61368,12,37.9,0,0
C010872,30.45,Genie,Bas-Saint-Laurent,G5N,54512,13,154.0,0,1
C002351,21.19,Arts et lettres,Montreal,H4L,93647,4,7.8,0,0
C002554,26.87,Genie,Capitale-Nationale,G3A,83669,7,14.6,1,0
C002358,25.78,Sciences sociales,Montreal,H8N,145696,6,8.7,1,0
C011848,29.02,Sciences,Montreal,H3T,35030,8,6.2,0,1
C013941,22.66,Sciences,Montreal,H1A,93682,7,6.6,0,0
C000401,26.65,Sciences,Capitale-Nationale,G2E,63434,8,16.0,0,0
C007647,28.22,Sciences,Montreal,H1A,59511,8,8.4,0,0
C001258,29.16,Sciences sociales,Montreal,H4L,69336,10,17.0,1,1
C002055,31.0,Sante,Montreal,H2X,97226,3,40.5,0,1
C005871,25.78,Sante,Montreal,H3T,43923,12,1.5,0,0
C008695,28.46,Sciences sociales,Cote-Nord,G4R,41204,11,113.8,0,1
C006279,24.97,Arts et lettres,Bas-Saint-Laurent,G5L,25834,11,365.3,0,0
C007330,28.86,Sciences sociales,Montreal,H8N,61642,8,1.9,0,0
C010496,30.53,Genie,Capitale-Nationale,G2E,46905,4,9.7,0,1
C008834,28.06,Genie,Cote-Nord,G0G,43987,10,31.1,0,0
C013882,26.99,Sante,Cote-Nord,G4R,48696,13,199.9,1,0
C003321,28.39,Sante,Montreal,H3T,96661,13,19.3,0,1
C011579,30.41,Genie,Montreal,H4L,39573,12,11.0,0,0
C011615,26.53,Genie,Capitale-Nationale,G2E,108941,6,18.4,0,0
C003513,24.17,Sciences sociales,Montreal,H8N,41194,9,6.0,0,0
C012939,30.97,Sante,Montreal,H4L,49962,6,15.3,0,1
C007090,26.08,Sciences sociales,Bas-Saint-Laurent,G5N,53930,13,122.4,1,0
C012106,29.3,Sciences,Capitale-Nationale,G2E,77428,10,14.2,0,1
C006377,24.55,Sciences,Montreal,H1A,41439,13,38.2,0,0
C008282,26.35,Sciences sociales,Bas-Saint-Laurent,G5L,76451,11,182.4,0,0
C004309,22.84,Sciences,Montreal,H2X,66591,7,39.5,0,0
C013456,26.42,Sante,Bas-Saint-Laurent,G0L,53073,11,151.4,0,0
C003644,35.17,Sciences sociales,Cote-Nord,G4R,53159,7,325.6,1,1
C003494,26.3,Sante,Montreal,H3T,108408,14,14.4,0,1
C001139,25.84,Genie,Montreal,H1A,89957,7,15.8,1,0
C006547,27.82,Genie,Montreal,H3T,121615,9,29.7,0,1
C008630,26.12,Genie,Montreal,H3T,39221,6,1.8,0,0
C011882,23.7,Sciences sociales,Cote-Nord,G4R,73770,14,216.5,0,0
C013887,27.26,Genie,Bas-Saint-Laurent,G5N,79660,12,604.6,0,0
C012029,33.27,Sciences,Montreal,H1A,56756,14,39.6,0,1
C007788,27.11,Sciences sociales,Cote-Nord,G0G,49686,18,455.0,0,0
C012264,32.23,Sante,Montreal,H2X,30750,8,38.4,0,1
C011616,29.68,Sciences,Capitale-Nationale,G1V,44696,8,19.6,0,1
C010712,29.83,Sciences,Capitale-Nationale,G1R,170537,10,4.6,0,1
C001472,22.27,Arts et lettres,Capitale-Nationale,G1R,63844,11,34.6,0,0
C008729,29.18,Arts et lettres,Gaspesie-Iles-de-la-Madeleine,G5C,26536,9,240.2,0,1
C007994,28.96,Genie,Montreal,H3T,100504,13,49.2,1,1
C007716,30.44,Sante,Capitale-Nationale,G1V,105654,9,27.5,0,1
C009150,27.86,Sciences,Gaspesie-Iles-de-la-Madeleine,G5C,32554,15,357.4,0,0
C000691,25.57,Arts et lettres,Bas-Saint-Laurent,G5N,54160,10,184.4,0,0
C009355,30.24,Sante,Montreal,H3T,67246,9,35.1,0,1
C001214,29.03,Sciences,Gaspesie-Iles-de-la-Madeleine,G0C,45400,10,61.6,0,0
C013492,27.42,Arts et lettres,Capitale-Nationale,G2E,86246,8,29.2,0,0
C001914,23.41,Sante,Montreal,H1A,103945,7,13.0,0,0
C013842,26.5,Sciences,Gaspesie-Iles-de-la-Madeleine,G4X,25012,9,139.4,0,0
C001975,29.04,Sciences,Capitale-Nationale,G1R,64497,10,13.4,0,1
C011582,23.89,Sciences,Gaspesie-Iles-de-la-Madeleine,G5C,37175,7,367.1,0,0
C006908,26.84,Sciences,Gaspesie-Iles-de-la-Madeleine,G0C,17225,9,186.2,0,0
C002630,25.34,Arts et lettres,Bas-Saint-Laurent,G5N,28867,10,237.6,0,0
C011198,25.78,Genie,Montreal,H8N,86875,6,27.9,0,0
C001325,29.45,Sciences sociales,Capitale-Nationale,G3A,97644,14,24.9,1,1
C002505,25.26,Sciences,Cote-Nord,G0G,41399,11,349.9,0,0
C011901,23.23,Sciences,Cote-Nord,G4R,121424,12,355.4,1,0
C010396,25.64,Arts et lettres,Cote-Nord,G4R,35516,12,160.9,1,0
C008931,29.47,Genie,Montreal,H8N,69536,10,17.9,0,1
C010344,23.66,Arts et lettres,Cote-Nord,G4R,76241,16,424.8,0,0
C008697,27.58,Sciences sociales,Gaspesie-Iles-de-la-Madeleine,G0C,37520,12,213.0,0,0
C012664,25.6,Sante,Montreal,H3T,164458,9,10.3,0,0
C000740,27.37,Sciences sociales,Montreal,H2X,80145,14,22.6,1,1
C009145,30.14,Arts et lettres,Gaspesie-Iles-de-la-Madeleine,G5C,42176,8,571.6,0,1
C003740,30.46,Sciences,Bas-Saint-Laurent,G0L,21752,11,173.4,1,0
C001990,28.04,Sciences,Montreal,H2X,158831,7,4.7,0,1
C003928,30.49,Sciences sociales,Montreal,H2X,50843,8,31.7,1,1
C013610,26.56,Sante,Montreal,H3T,112169,5,38.4,1,0
C009198,30.61,Sante,Montreal,H8N,77896,2,24.8,1,1
C002278,26.92,Sante,Capitale-Nationale,G1V,66387,8,9.5,0,0
C002471,23.6,Genie,Montreal,H4L,64719,11,22.7,1,0
C008147,22.91,Sante,Montreal,H2X,68494,8,5.2,0,0
C004229,26.02,Sciences,Gaspesie-Iles-de-la-Madeleine,G5C,79218,14,226.5,0,0
C008308,28.66,Sciences,Capitale-Nationale,G3A,53250,6,10.4,0,0
C000587,27.28,Sciences,Gaspesie-Iles-de-la-Madeleine,G5C,53031,22,451.8,1,0
C010791,25.64,Sante,Capitale-Nationale,G2E,125071,8,16.2,1,0
C003902,24.79,Arts et lettres,Montreal,H4L,52728,10,8.4,0,0
C004014,27.61,Sciences sociales,Gaspesie-Iles-de-la-Madeleine,G5C,42099,14,412.3,1,1
C002423,26.76,Sciences sociales,Montreal,H2X,76330,10,23.8,0,0
C010328,27.36,Sciences,Montreal,H1A,99204,16,45.2,0,1
C007279,26.3,Sciences sociales,Montreal,H3T,90419,9,46.5,1,0
C002075,29.65,Genie,Cote-Nord,G4R,39612,10,184.2,0,1
C013472,29.4,Arts et lettres,Montreal,H8N,119828,12,30.3,1,1
C011530,28.18,Arts et lettres,Montreal,H4L,91241,12,16.8,1,1
C005468,26.82,Genie,Capitale-Nationale,G3A,30389,13,11.3,0,0
C012123,29.9,Sciences,Montreal,H8N,99921,8,16.8,1,1
C001915,29.05,Sciences sociales,Montreal,H3T,61122,7,27.5,0,1
C006684,26.66,Genie,Cote-Nord,G5B,66811,17,197.7,1,0
C004485,27.86,Sciences,Capitale-Nationale,G1V,115177,8,21.7,0,1
C010848,29.54,Genie,Cote-Nord,G0G,31944,16,90.8,1,0
C009547,25.65,Sciences,Montreal,H3T,55772,8,22.4,0,0
C002226,30.89,Sante,Gaspesie-Iles-de-la-Madeleine,G4X,36895,10,314.2,1,1
C013254,25.45,Sciences,Montreal,H2X,39474,9,7.0,0,0
C009868,25.21,Sciences,Montreal,H3T,67203,10,5.9,0,0
C009435,28.14,Genie,Montreal,H3T,82161,7,6.0,0,1
C012739,28.48,Sciences,Capitale-Nationale,G1V,59378,6,35.2,0,0
C005695,28.34,Sciences sociales,Capitale-Nationale,G3A,98222,10,41.2,1,1
C010920,36.2,Sante,Montreal,H1A,82476,7,12.9,0,1
C002801,24.81,Sante,Cote-Nord,G4R,74107,14,345.4,0,0
C009030,26.94,Sante,Gaspesie-Iles-de-la-Madeleine,G0C,74130,18,648.3,1,0
C006368,27.91,Sciences,Montreal,H3T,69438,7,12.8,0,0
C011750,28.07,Sciences,Montreal,H3T,64616,7,3.5,1,0
C003865,29.58,Sciences sociales,Montreal,H4L,62534,12,3.2,1,1
C003709,27.99,Sciences,Gaspesie-Iles-de-la-Madeleine,G0C,41348,16,99.6,0,0
C002392,30.11,Sante,Capitale-Nationale,G1V,64701,6,36.2,1,1
C011101,27.28,Genie,Montreal,H1A,72246,7,24.4,1,0
C005705,31.83,Arts et lettres,Bas-Saint-Laurent,G0L,27481,6,454.8,1,1
C008269,25.94,Genie,Montreal,H3T,64996,10,47.3,1,0
C003773,35.73,Sciences sociales,Montreal,H3T,40351,10,19.2,0,1
C001132,28.42,Sciences,Gaspesie-Iles-de-la-Madeleine,G0C,51388,13,186.9,1,0
C004740,20.95,Sciences sociales,Gaspesie-Iles-de-la-Madeleine,G4X,77477,14,126.9,0,0
C004775,30.93,Sante,Capitale-Nationale,G1V,100925,3,18.2,0,1
C004796,24.92,Sciences,Cote-Nord,G0G,69330,11,135.9,0,0
C006669,29.24,Genie,Montreal,H8N,45037,12,21.9,0,0
C004823,31.31,Sciences sociales,Montreal,H1A,44092,5,45.8,0,1
C003568,28.75,Sciences sociales,Capitale-Nationale,G3A,42194,14,43.1,1,1
C000186,24.02,Sciences sociales,Capitale-Nationale,G1R,61317,10,42.1,0,0
C007800,33.08,Sante,Montreal,H8N,47927,6,5.1,1,1
C012804,28.22,Sciences,Montreal,H3T,51051,8,16.8,1,0
C010427,28.07,Sante,Capitale-Nationale,G2E,67183,8,39.3,0,0
C013154,30.5,Sciences sociales,Montreal,H8N,100888,8,53.8,0,1
C005189,30.79,Arts et lettres,Montreal,H4L,28388,9,44.2,0,1
C001274,25.36,Arts et lettres,Cote-Nord,G5B,84120,12,295.3,1,0
C005029,26.57,Sciences,Capitale-Nationale,G1R,72253,8,4.5,0,0
C003964,30.51,Sciences sociales,Montreal,H2X,48925,11,20.5,0,1
C002635,30.84,Sciences,Gaspesie-Iles-de-la-Madeleine,G0C,24755,15,193.2,1,1
C003736,26.43,Sciences,Montreal,H4L,54276,11,9.6,1,0
C007351,30.49,Genie,Bas-Saint-Laurent,G5L,40585,15,289.4,1,1
C011746,31.11,Arts et lettres,Montreal,H4L,75466,5,24.3,0,1
C004512,25.72,Sciences,Capitale-Nationale,G1V,32344,8,13.8,0,0
C005151,29.77,Genie,Bas-Saint-Laurent,G5L,47891,21,297.6,1,1
C006143,27.92,Sante,Bas-Saint-Laurent,G5N,71234,19,412.7,1,0
C010746,28.36,Sciences sociales,Cote-Nord,G5B,123056,18,302.1,1,0
C003125,29.59,Sante,Montreal,H4L,53354,17,7.0,1,1
C011573,26.53,Genie,Montreal,H3T,65466,8,28.4,0,1
C005418,26.36,Sciences sociales,Capitale-Nationale,G3A,29654,8,9.8,1,0
C006070,28.94,Arts et lettres,Gaspesie-Iles-de-la-Madeleine,G5C,36379,15,162.6,1,1
C010911,28.28,Sante,Capitale-Nationale,G1V,70835,7,14.8,1,0
C008017,24.59,Arts et lettres,Montreal,H2X,52008,10,29.6,1,0
C006926,23.7,Genie,Capitale-Nationale,G1R,81568,14,39.5,0,0
C003244,28.43,Sciences sociales,Cote-Nord,G4R,34466,16,258.3,0,0
C010387,27.12,Arts et lettres,Bas-Saint-Laurent,G5N,34127,13,182.7,1,0
C007897,31.16,Sante,Gaspesie-Iles-de-la-Madeleine,G5C,96596,13,366.1,0,1
C012402,31.62,Sciences,Montreal,H8N,97292,9,18.5,1,1
C000277,30.96,Sciences,Gaspesie-Iles-de-la-Madeleine,G4X,49997,15,80.7,1,1
C001737,30.96,Arts et lettres,Bas-Saint-Laurent,G5L,57882,11,225.6,0,1
C005118,35.44,Sante,Montreal,H4L,101255,11,20.1,0,1
C001404,29.61,Arts et lettres,Cote-Nord,G4R,64760,14,291.7,1,1
C012076,28.55,Sante,Montreal,H2X,105813,9,19.0,0,1
C008228,28.79,Arts et lettres,Montreal,H1A,49734,6,31.5,1,0
C013667,30.2,Arts et lettres,Montreal,H3T,36457,10,12.0,0,1
C003399,26.84,Sciences sociales,Capitale-Nationale,G1V,172833,10,23.2,0,0
C008646,37.26,Genie,Bas-Saint-Laurent,G5L,49959,11,260.0,1,1
C001846,26.16,Arts et lettres,Cote-Nord,G4R,69410,10,278.9,0,0
C008449,30.69,Arts et lettres,Bas-Saint-Laurent,G5N,87765,11,134.4,1,1
C005681,26.65,Sciences sociales,Capitale-Nationale,G3A,59687,8,44.6,1,0
C005053,26.22,Sante,Montreal,H8N,109074,11,25.0,0,0
C012238,26.43,Sciences,Gaspesie-Iles-de-la-Madeleine,G0C,61861,8,487.1,0,0
C008616,33.33,Sciences,Gaspesie-Iles-de-la-Madeleine,G5C,76981,13,206.4,0,1
C011049,24.69,Sciences,Montreal,H1A,72438,8,25.8,1,0
C006178,28.9,Sante,Montreal,H3T,65423,6,9.2,0,0
C012749,28.92,Genie,Montreal,H2X,136502,9,57.3,0,1
C002550,26.45,Sante,Capitale-Nationale,G1V,75296,13,10.6,0,0
C007571,27.63,Genie,Montreal,H3T,27432,7,23.6,0,0
C008861,22.62,Arts et lettres,Gaspesie-Iles-de-la-Madeleine,G5C,56825,10,109.6,0,0
C012301,19.24,Genie,Bas-Saint-Laurent,G5N,50572,12,241.8,1,0
C005297,25.69,Sciences sociales,Bas-Saint-Laurent,G5L,41758,6,182.0,1,0
C008411,22.33,Sciences sociales,Montreal,H2X,47495,8,50.3,1,0
C010415,26.57,Genie,Montreal,H1A,67937,7,32.4,1,0
C013278,24.53,Sciences,Montreal,H1A,33231,8,15.4,1,0
C006845,21.76,Arts et lettres,Bas-Saint-Laurent,G0L,55068,19,108.0,1,0
C000207,33.66,Genie,Montreal,H1A,119042,5,29.5,0,1
C009258,24.09,Genie,Montreal,H2X,65630,12,33.7,0,0
C010420,29.97,Genie,Montreal,H1A,55311,5,22.2,0,1
C000862,26.56,Sciences sociales,Capitale-Nationale,G2E,74938,8,24.1,0,0
C001587,22.1,Sciences,Cote-Nord,G4R,32334,18,423.5,1,0
C010183,29.9,Sciences,Gaspesie-Iles-de-la-Madeleine,G5C,66742,16,66.9,1,1
C010378,26.13,Genie,Montreal,H1A,30528,9,10.7,0,0
C009970,27.66,Arts et lettres,Montreal,H8N,74449,13,21.3,0,1
C003730,31.24,Arts et lettres,Montreal,H8N,83012,4,6.0,0,1
C000028,35.43,Genie,Capitale-Nationale,G2E,62223,7,27.8,1,1
C013573,34.34,Arts et lettres,Montreal,H1A,38582,7,12.4,0,1
C009212,35.1,Arts et lettres,Bas-Saint-Laurent,G5N,55501,13,249.9,1,1
C012525,24.45,Sciences,Bas-Saint-Laurent,G5N,78673,14,279.4,1,0
C003111,29.89,Sciences,Cote-Nord,G4R,128325,20,200.5,0,1
C007056,27.02,Genie,Capitale-Nationale,G3A,73866,6,6.6,0,0
C010035,24.63,Sciences,Montreal,H4L,79368,9,6.4,0,0
C000977,31.03,Arts et lettres,Montreal,H1A,84887,7,17.6,0,1
C006336,27.56,Sciences,Montreal,H2X,59724,7,27.5,1,0
C007249,24.82,Genie,Gaspesie-Iles-de-la-Madeleine,G5C,38534,16,227.0,1,0
C009602,28.17,Sciences,Capitale-Nationale,G3A,49302,5,29.9,1,1
C008002,31.74,Sciences,Montreal,H3T,47448,5,27.5,1,1
C002661,28.1,Sciences,Montreal,H3T,41765,5,10.1,0,0
C001690,22.03,Sciences sociales,Bas-Saint-Laurent,G5N,174695,9,94.3,0,0
C007510,29.89,Arts et lettres,Cote-Nord,G5B,42287,15,151.3,0,1
C001114,30.94,Sciences,Capitale-Nationale,G3A,70416,11,17.1,0,1
C005638,24.72,Genie,Capitale-Nationale,G3A,78202,9,11.6,0,0
C007430,29.14,Sciences sociales,Bas-Saint-Laurent,G0L,53631,15,299.6,1,1
C011022,33.76,Sciences,Gaspesie-Iles-de-la-Madeleine,G5C,56093,20,130.9,1,1
C006611,28.16,Sante,Montreal,H3T,54971,8,22.8,0,0
C004831,27.31,Sciences,Gaspesie-Iles-de-la-Madeleine,G4X,60624,7,204.1,1,0
C000976,29.4,Genie,Capitale-Nationale,G3A,53784,13,37.3,0,1
C009531,26.18,Arts et lettres,Gaspesie-Iles-de-la-Madeleine,G4X,54523,19,142.9,0,0
C012421,28.18,Genie,Cote-Nord,G5B,21393,10,153.3,0,0
C005058,24.34,Sciences,Montreal,H2X,84700,10,37.8,1,0
C002669,30.88,Genie,Gaspesie-Iles-de-la-Madeleine,G4X,68031,17,211.4,0,1
C011212,26.11,Genie,Capitale-Nationale,G2E,128398,8,33.8,0,0
C007624,31.64,Arts et lettres,Gaspesie-Iles-de-la-Madeleine,G0C,39314,13,116.3,0,1
C002480,28.0,Genie,Cote-Nord,G0G,58993,16,174.2,0,0
C004652,32.43,Sciences sociales,Gaspesie-Iles-de-la-Madeleine,G4X,95718,16,231.6,1,1
C002720,27.01,Arts et lettres,Cote-Nord,G5B,20439,18,207.7,1,0
C006668,25.27,Sciences,Montreal,H4L,88133,8,14.4,0,0
C005100,26.63,Arts et lettres,Cote-Nord,G0G,58707,14,274.4,1,0
C013356,24.31,Arts et lettres,Bas-Saint-Laurent,G0L,50831,15,276.9,1,0
C009592,20.08,Arts et lettres,Montreal,H3T,97047,10,12.2,1,0
C007539,28.05,Genie,Montreal,H3T,54495,6,5.7,0,0
C000659,28.38,Sante,Gaspesie-Iles-de-la-Madeleine,G0C,38823,6,101.3,1,0
C012856,24.52,Genie,Montreal,H2X,49687,7,6.7,1,0
C011442,22.63,Sante,Gaspesie-Iles-de-la-Madeleine,G4X,113580,9,125.5,0,0
C005646,26.17,Sciences,Gaspesie-Iles-de-la-Madeleine,G4X,31280,11,301.6,0,0
C009599,31.79,Sciences,Bas-Saint-Laurent,G5N,42528,11,250.4,1,1
C001309,24.42,Sciences sociales,Cote-Nord,G0G,102267,9,68.1,1,0
C013000,27.67,Genie,Gaspesie-Iles-de-la-Madeleine,G0C,39788,13,314.3,1,0
C012042,23.98,Sciences sociales,Cote-Nord,G5B,39365,9,231.2,1,0
C011511,25.21,Sciences,Montreal,H4L,68776,10,20.6,1,0
C013137,27.71,Sciences sociales,Cote-Nord,G0G,39092,19,349.0,0,0
C013547,26.92,Genie,Montreal,H8N,54336,11,16.5,0,1
C005556,30.11,Sciences,Cote-Nord,G0G,59736,12,114.6,0,1
C007038,24.06,Sciences,Gaspesie-Iles-de-la-Madeleine,G0C,70141,13,208.0,0,0
C009301,33.78,Sciences sociales,Bas-Saint-Laurent,G5N,20677,12,261.6,0,0
C009272,26.53,Sante,Montreal,H3T,49281,12,14.5,0,0
C000066,31.75,Sciences,Montreal,H4L,75353,16,43.1,0,1
C008989,30.15,Sciences,Capitale-Nationale,G1R,111510,11,6.0,0,0
C012591,32.26,Genie,Montreal,H2X,173363,5,2.4,0,1
C013024,29.35,Sciences sociales,Montreal,H1A,86371,10,36.4,0,1
C011162,28.41,Sante,Gaspesie-Iles-de-la-Madeleine,G0C,48709,15,182.8,1,0
C007918,27.69,Arts et lettres,Capitale-Nationale,G2E,40256,9,67.7,0,0
C011690,32.56,Sciences sociales,Capitale-Nationale,G1R,59901,8,16.5,1,1
C001332,27.33,Sante,Montreal,H2X,91435,7,4.6,0,0
C011537,20.79,Sciences,Bas-Saint-Laurent,G5N,43089,12,79.0,1,0
C004883,23.77,Sciences sociales,Gaspesie-Iles-de-la-Madeleine,G4X,129235,16,166.4,0,0
C013320,26.52,Sciences sociales,Gaspesie-Iles-de-la-Madeleine,G5C,64724,16,117.6,0,0
C004638,24.1,Genie,Montreal,H4L,19526,10,5.9,0,0
C010262,29.35,Sciences,Cote-Nord,G0G,70434,8,178.1,0,1
C005028,23.86,Sante,Gaspesie-Iles-de-la-Madeleine,G5C,65306,18,211.4,1,0
C009590,28.72,Sciences sociales,Cote-Nord,G5B,31482,7,262.3,1,0
C000354,25.06,Genie,Capitale-Nationale,G1R,70359,16,20.0,0,0
C011451,25.24,Genie,Bas-Saint-Laurent,G5N,28805,7,290.3,0,0
C010683,26.79,Arts et lettres,Bas-Saint-Laurent,G5N,54007,14,240.6,1,0
C000241,29.99,Genie,Montreal,H3T,58416,9,9.0,0,1
C012139,30.11,Sciences,Capitale-Nationale,G1R,81928,10,27.7,0,1
C013223,23.63,Sciences,Capitale-Nationale,G1V,61075,10,41.8,0,0
C003459,38.21,Sciences sociales,Montreal,H8N,86138,7,2.5,1,1
C009816,23.21,Genie,Montreal,H3T,114874,12,15.3,1,0
C010399,24.97,Sciences,Montreal,H8N,88957,5,25.3,0,0
C013570,35.76,Arts et lettres,Capitale-Nationale,G2E,48750,6,35.8,1,1
C007620,34.16,Arts et lettres,Montreal,H2X,37051,4,36.2,0,1
C008194,21.96,Genie,Montreal,H4L,58445,11,49.4,1,0
C011588,33.88,Genie,Montreal,H3T,65504,7,19.0,0,1
C006335,27.83,Arts et lettres,Capitale-Nationale,G2E,81822,6,24.2,0,0
C010325,27.28,Sciences sociales,Montreal,H4L,78226,13,27.1,0,1
C013816,26.02,Sciences,Capitale-Nationale,G1V,102036,10,19.1,0,0
C010761,25.39,Arts et lettres,Montreal,H8N,76647,8,33.5,0,0
C006337,30.83,Arts et lettres,Montreal,H2X,113495,4,22.9,1,1
C012019,28.17,Sciences,Montreal,H1A,37329,5,12.1,0,0
C003008,26.09,Sciences,Capitale-Nationale,G1R,56783,3,7.2,1,1
C001509,31.99,Sciences sociales,Gaspesie-Iles-de-la-Madeleine,G5C,51840,11,157.3,1,0
C001576,31.39,Sciences,Montreal,H8N,75952,7,17.9,0,1
C012837,27.33,Arts et lettres,Capitale-Nationale,G3A,102840,13,19.3,0,1
C008623,28.53,Sciences,Montreal,H3T,71353,11,43.0,1,1
C003348,31.11,Arts et lettres,Montreal,H1A,78802,8,45.5,0,1
C008225,31.25,Genie,Capitale-Nationale,G3A,89229,7,12.1,1,1
C009348,29.61,Sciences sociales,Capitale-Nationale,G3A,89422,6,18.6,0,1
C002203,31.29,Sciences,Montreal,H3T,92571,7,11.5,0,1
C010809,28.32,Sante,Capitale-Nationale,G1R,49819,6,36.6,0,0
C000282,31.49,Sciences sociales,Montreal,H8N,42034,6,24.7,0,0
C006607,27.87,Sciences,Montreal,H8N,72234,6,21.0,0,0
C005464,30.97,Genie,Bas-Saint-Laurent,G5N,24454,13,99.7,0,0
C003665,25.83,Sciences,Cote-Nord,G5B,45491,13,184.0,1,0
C009893,28.78,Sciences,Montreal,H3T,128469,6,12.3,0,1
C002907,28.56,Sciences,Montreal,H4L,138734,10,26.5,0,1
C013068,27.28,Sante,Gaspesie-Iles-de-la-Madeleine,G0C,33584,14,135.0,0,0
C008054,25.82,Sciences sociales,Montreal,H2X,70862,11,25.4,0,0
C000010,31.85,Sciences,Capitale-Nationale,G2E,83881,9,25.9,0,1
C009994,26.86,Sciences sociales,Gaspesie-Iles-de-la-Madeleine,G0C,36279,11,195.0,1,0
C012379,30.4,Arts et lettres,Montreal,H1A,119333,5,21.8,0,1
C002549,31.53,Sciences,Montreal,H3T,41962,12,20.8,0,1
C013527,34.77,Genie,Bas-Saint-Laurent,G5L,33226,12,87.1,0,1
C011795,28.32,Genie,Montreal,H8N,31574,8,20.8,0,1
C003931,24.87,Genie,Montreal,H3T,88411,8,24.6,0,0
C008494,26.12,Sciences sociales,Montreal,H2X,55957,7,20.4,0,0
C001691,27.49,Genie,Montreal,H2X,77645,6,14.0,1,0
C004423,27.1,Sciences,Montreal,H4L,90735,9,37.3,0,0
C010390,27.36,Sciences,Gaspesie-Iles-de-la-Madeleine,G0C,93235,12,204.2,1,0
C004669,31.26,Sciences sociales,Capitale-Nationale,G2E,112758,10,15.5,0,1
C007166,24.39,Sciences,Gaspesie-Iles-de-la-Madeleine,G5C,96661,14,104.6,0,0
C002589,21.47,Genie,Gaspesie-Iles-de-la-Madeleine,G0C,100689,14,145.2,0,0
C004656,27.53,Sciences,Montreal,H2X,38169,5,43.9,0,0
C012090,21.31,Genie,Montreal,H1A,47795,10,69.7,0,0
C012625,32.05,Genie,Montreal,H2X,91407,9,4.7,0,1
C010903,29.71,Sciences,Montreal,H8N,97406,14,9.1,0,1
C013992,30.6,Arts et lettres,Cote-Nord,G4R,36179,10,214.3,1,1
C005299,28.61,Sciences sociales,Gaspesie-Iles-de-la-Madeleine,G0C,40610,11,145.1,0,0
C009539,33.29,Sciences,Montreal,H8N,57223,8,13.1,0,1
C012054,23.46,Sciences,Gaspesie-Iles-de-la-Madeleine,G5C,47376,11,349.9,0,0
C007319,24.55,Arts et lettres,Capitale-Nationale,G2E,24268,7,10.7,0,0
C005665,26.14,Sante,Montreal,H4L,49753,9,13.6,0,0
C007958,29.03,Sciences,Montreal,H2X,39384,5,21.8,0,0
C008306,30.99,Genie,Gaspesie-Iles-de-la-Madeleine,G0C,37638,14,314.0,0,1
C006283,28.38,Sciences sociales,Montreal,H2X,59207,7,16.3,0,1
C002872,26.33,Sciences sociales,Montreal,H4L,126163,14,27.0,0,1
C007643,30.18,Sciences sociales,Cote-Nord,G4R,67915,12,461.4,0,0
C013262,29.32,Sciences sociales,Gaspesie-Iles-de-la-Madeleine,G4X,23933,13,86.4,0,1
C003954,25.08,Sciences sociales,Montreal,H1A,143933,5,22.1,0,0
C012597,31.94,Genie,Bas-Saint-Laurent,G5L,91578,8,547.9,1,1
C010598,26.1,Genie,Capitale-Nationale,G3A,60100,8,34.9,1,0
C012920,31.06,Arts et lettres,Capitale-Nationale,G3A,57836,11,12.8,0,1
C004611,30.87,Sciences sociales,Gaspesie-Iles-de-la-Madeleine,G4X,65878,13,243.1,0,1
C005747,35.04,Genie,Montreal,H4L,72013,10,19.1,0,1
C004588,26.33,Genie,Bas-Saint-Laurent,G5N,122051,14,200.0,0,0
C004819,26.13,Arts et lettres,Bas-Saint-Laurent,G5L,37185,9,202.2,0,0
C008275,27.44,Sante,Cote-Nord,G5B,82680,7,384.7,1,0
C010677,32.15,Sante,Cote-Nord,G0G,53019,15,323.3,1,1
C003809,29.07,Sante,Gaspesie-Iles-de-la-Madeleine,G0C,56547,9,98.5,0,0
C004365,26.74,Sciences sociales,Montreal,H8N,93535,9,20.2,0,0
C010619,30.16,Sciences sociales,Montreal,H3T,49123,6,52.7,1,1
C007703,24.75,Sciences,Montreal,H4L,109941,14,24.0,1,0
C011793,23.28,Genie,Capitale-Nationale,G3A,35252,5,2.9,0,0
C011014,28.56,Sciences,Montreal,H2X,52979,3,2.1,0,1
C004820,29.75,Genie,Bas-Saint-Laurent,G5N,56253,5,232.3,0,1
C008886,27.17,Sciences sociales,Montreal,H2X,58292,7,10.2,0,1
C001210,24.44,Sante,Capitale-Nationale,G2E,74236,6,9.7,0,0
C008961,26.1,Sciences sociales,Gaspesie-Iles-de-la-Madeleine,G0C,71095,7,67.2,0,0
C013363,32.49,Sante,Capitale-Nationale,G1R,46619,7,8.6,1,1
C011782,30.22,Arts et lettres,Montreal,H3T,64120,12,9.1,0,1
C010039,29.12,Genie,Capitale-Nationale,G2E,32961,10,13.7,0,1
C011572,29.81,Genie,Montreal,H3T,36653,4,10.5,1,1
C008581,28.18,Arts et lettres,Gaspesie-Iles-de-la-Madeleine,G5C,42696,15,157.9,0,0
C001564,25.28,Arts et lettres,Montreal,H3T,87722,13,5.3,0,0
C001392,27.87,Sciences,Gaspesie-Iles-de-la-Madeleine,G4X,24256,12,60.6,1,0
C008522,31.61,Sciences,Capitale-Nationale,G3A,84774,12,19.5,0,1
C013788,28.39,Arts et lettres,Cote-Nord,G5B,17834,10,49.9,0,0
C001084,29.07,Sciences sociales,Montreal,H3T,78588,8,39.5,1,0
C012145,24.75,Genie,Capitale-Nationale,G3A,43332,10,3.3,0,0
C008689,27.09,Sciences sociales,Capitale-Nationale,G3A,33638,10,26.9,0,0
C005268,22.35,Genie,Montreal,H8N,57022,6,7.3,0,0
C010164,27.01,Arts et lettres,Capitale-Nationale,G1V,28869,14,9.2,1,0
C000746,30.95,Arts et lettres,Capitale-Nationale,G2E,31631,5,16.1,0,1
C005161,26.36,Sciences sociales,Gaspesie-Iles-de-la-Madeleine,G5C,74499,15,92.2,0,0
C000705,25.08,Arts et lettres,Gaspesie-Iles-de-la-Madeleine,G0C,52108,7,161.5,1,0
C010959,31.09,Arts et lettres,Montreal,H8N,125739,4,40.1,0,1
C013270,25.52,Sciences,Montreal,H2X,52764,11,1.8,0,0
C003861,31.19,Arts et lettres,Capitale-Nationale,G3A,46371,12,15.7,1,1
C002866,23.26,Sciences sociales,Montreal,H4L,153857,10,9.4,0,0
C010511,25.14,Sciences sociales,Capitale-Nationale,G1R,34555,15,6.7,0,0
C002242,22.55,Sciences,Gaspesie-Iles-de-la-Madeleine,G4X,77836,12,78.5,0,0
C005703,28.1,Arts et lettres,Montreal,H3T,35760,12,20.1,0,0
C010814,20.32,Genie,Montreal,H2X,64406,7,10.1,1,0
C001542,26.34,Sciences,Cote-Nord,G0G,53875,9,400.6,0,0
C000285,26.8,Sciences,Montreal,H3T,77439,12,11.0,1,0
C013123,23.61,Genie,Capitale-Nationale,G3A,41058,7,22.0,0,0
C007001,30.74,Sciences sociales,Capitale-Nationale,G1V,60387,9,50.1,1,1
C007729,28.85,Genie,Gaspesie-Iles-de-la-Madeleine,G0C,54929,7,165.4,1,0
C011176,27.32,Sciences sociales,Montreal,H4L,80661,11,17.7,0,0
C002633,27.94,Genie,Capitale-Nationale,G1R,182661,5,21.8,1,1
C010307,29.86,Sciences sociales,Montreal,H4L,129251,6,12.0,1,1
C004093,24.83,Sante,Capitale-Nationale,G3A,93641,9,16.8,0,0
C007099,28.4,Sciences sociales,Montreal,H4L,69810,8,20.7,0,0
C004264,30.74,Arts et lettres,Montreal,H4L,82820,9,26.7,0,1
C012741,24.02,Sciences sociales,Gaspesie-Iles-de-la-Madeleine,G0C,34191,7,157.3,1,0
C002008,28.82,Sciences sociales,Bas-Saint-Laurent,G5N,98414,18,168.6,0,0
C001962,26.7,Arts et lettres,Montreal,H3T,82418,6,56.5,0,0
C000128,27.82,Sante,Montreal,H1A,89314,12,13.0,0,1
C010534,26.91,Sciences,Bas-Saint-Laurent,G5L,50487,14,100.3,1,0
C003057,26.41,Genie,Montreal,H1A,80127,10,35.7,0,0
C001491,25.67,Sante,Montreal,H4L,28677,11,4.9,0,0
C008830,28.99,Genie,Montreal,H4L,61973,7,11.1,0,1
C006923,28.25,Sante,Montreal,H4L,39030,7,31.5,0,0
C007758,23.13,Genie,Capitale-Nationale,G1V,88022,10,53.7,0,0
C009004,26.94,Genie,Cote-Nord,G5B,42100,18,248.8,0,0
C004073,26.14,Arts et lettres,Bas-Saint-Laurent,G5L,55080,15,105.5,0,0
C005459,24.0,Sante,Bas-Saint-Laurent,G5L,54565,11,188.2,0,0
C004914,27.33,Genie,Capitale-Nationale,G1V,38879,12,27.8,0,0
C005392,27.6,Sante,Capitale-Nationale,G1V,104980,10,12.1,1,0
C013353,28.78,Sante,Montreal,H4L,66659,3,12.3,0,0
C004752,34.57,Genie,Gaspesie-Iles-de-la-Madeleine,G0C,33637,14,225.4,1,1
C012367,29.86,Arts et lettres,Montreal,H2X,48242,9,11.2,0,1
C007861,26.98,Sciences,Cote-Nord,G0G,43275,11,202.3,0,1
C007083,24.77,Genie,Gaspesie-Iles-de-la-Madeleine,G4X,79176,15,227.6,1,0
C003685,24.12,Sante,Montreal,H4L,97575,12,13.5,1,0
C006123,26.79,Sciences,Bas-Saint-Laurent,G5N,56625,15,221.4,0,0
C002883,28.8,Sciences,Montreal,H3T,74027,10,10.9,1,0
C007371,28.52,Genie,Montreal,H1A,34714,7,39.9,0,0
C007691,25.48,Genie,Capitale-Nationale,G1R,63980,9,36.2,0,0
C013982,32.36,Sciences sociales,Bas-Saint-Laurent,G5L,36421,17,167.6,1,1
C001801,30.18,Sciences sociales,Bas-Saint-Laurent,G5N,73302,12,32.1,1,1
C009663,21.62,Sante,Montreal,H3T,135664,9,5.5,1,0
C004484,34.2,Arts et lettres,Montreal,H2X,119758,5,14.2,0,1
C011359,28.44,Sciences,Bas-Saint-Laurent,G0L,59134,8,428.2,0,0
C013077,27.68,Sante,Montreal,H1A,30983,11,10.4,0,0
C012356,27.9,Arts et lettres,Gaspesie-Iles-de-la-Madeleine,G0C,48638,13,74.6,0,0
C001122,25.84,Sciences sociales,Montreal,H3T,147732,8,25.6,0,0
C009591,29.01,Sciences,Gaspesie-Iles-de-la-Madeleine,G5C,54682,21,377.6,1,1
C002733,30.38,Sciences,Montreal,H2X,103759,13,6.8,1,1
C009815,27.76,Genie,Montreal,H8N,94260,4,3.0,0,1
C007072,22.47,Sante,Bas-Saint-Laurent,G0L,28905,16,124.9,1,0
C012267,29.96,Sante,Capitale-Nationale,G3A,56614,7,25.7,1,1
C010125,28.49,Sciences,Montreal,H8N,92427,8,16.1,0,1
C013355,29.62,Genie,Capitale-Nationale,G2E,102253,10,56.4,0,1
C009446,31.1,Sciences sociales,Montreal,H2X,70771,11,8.4,1,0
C008790,25.63,Genie,Montreal,H1A,26351,10,34.4,1,0
C013617,25.39,Genie,Montreal,H4L,69746,10,29.3,0,0
C005038,25.38,Genie,Capitale-Nationale,G2E,65592,6,22.4,0,0
C005743,26.19,Genie,Cote-Nord,G5B,48084,15,153.3,1,0
C012216,26.55,Sciences,Bas-Saint-Laurent,G5N,46767,15,315.6,0,0
C010377,22.35,Sciences sociales,Montreal,H2X,102482,12,3.4,1,0
C000199,28.44,Sciences,Montreal,H2X,64256,6,56.7,1,1
C007735,27.48,Sciences sociales,Montreal,H4L,66392,7,7.8,0,0
C010944,27.14,Sciences sociales,Montreal,H4L,118170,5,6.7,0,0
C003562,30.14,Genie,Montreal,H4L,73335,5,2.5,1,1
C005850,28.13,Genie,Montreal,H4L,68726,5,63.0,0,0
C001569,26.76,Sante,Gaspesie-Iles-de-la-Madeleine,G4X,45152,17,149.9,0,0
C005750,30.54,Sciences,Montreal,H8N,102452,8,35.4,0,1
C003098,30.01,Sciences sociales,Cote-Nord,G4R,70184,17,334.7,1,1
C003973,28.23,Arts et lettres,Bas-Saint-Laurent,G0L,55408,9,96.5,0,0
C013945,27.54,Sante,Montreal,H8N,41185,13,9.9,0,1
C004966,27.91,Sciences,Montreal,H1A,78717,13,16.1,0,1
C007253,25.58,Sciences,Montreal,H1A,94222,12,22.7,1,0
C013785,26.84,Arts et lettres,Cote-Nord,G0G,35165,14,486.9,1,0
C012048,28.6,Arts et lettres,Capitale-Nationale,G2E,77238,14,12.7,0,0
C000711,27.83,Arts et lettres,Bas-Saint-Laurent,G0L,24578,21,364.7,0,0
C000231,26.47,Sante,Montreal,H2X,49301,5,36.7,1,0
C004010,22.18,Sciences,Montreal,H2X,100459,7,5.1,0,0
C012900,22.61,Sciences sociales,Bas-Saint-Laurent,G5L,42446,10,65.9,0,0
C010607,26.18,Genie,Montreal,H4L,37922,9,3.1,0,0
C003485,27.35,Sciences sociales,Capitale-Nationale,G2E,88956,10,0.9,0,1
C010376,23.88,Sciences sociales,Gaspesie-Iles-de-la-Madeleine,G0C,65771,16,110.1,0,0
C012228,24.85,Arts et lettres,Gaspesie-Iles-de-la-Madeleine,G4X,56776,16,55.3,1,0
C004224,32.45,Sciences sociales,Montreal,H8N,32738,9,38.0,1,1
C010021,24.6,Sciences sociales,Montreal,H4L,130492,7,5.9,0,0
C000828,22.97,Sante,Montreal,H8N,85061,10,8.9,0,0
C007708,26.78,Genie,Montreal,H4L,113007,2,20.5,1,0
C013682,30.93,Arts et lettres,Gaspesie-Iles-de-la-Madeleine,G4X,22575,10,279.5,0,1
C005480,25.99,Sciences,Capitale-Nationale,G3A,57878,10,17.5,0,0
C001420,28.58,Sciences,Montreal,H3T,167799,14,16.1,0,1
C013999,35.45,Sciences,Gaspesie-Iles-de-la-Madeleine,G4X,85151,15,128.8,0,1
C012338,29.67,Sante,Montreal,H1A,36973,9,20.8,0,1
C001438,26.3,Sciences sociales,Montreal,H1A,61676,9,31.0,1,0
C011771,24.76,Genie,Montreal,H1A,84673,12,17.9,1,0
C007954,26.37,Sciences sociales,Gaspesie-Iles-de-la-Madeleine,G0C,36488,12,228.8,0,0
C010829,28.22,Genie,Bas-Saint-Laurent,G5N,34326,19,171.7,1,0
C005822,28.67,Sciences,Capitale-Nationale,G1R,56593,6,40.0,1,1
C003375,26.16,Sante,Montreal,H8N,89095,8,4.9,0,0
C003999,23.22,Sciences sociales,Bas-Saint-Laurent,G5N,58375,9,70.8,0,0
C003117,28.94,Sciences,Cote-Nord,G0G,29725,9,176.8,0,0
C012760,26.75,Sciences,Cote-Nord,G0G,44268,6,312.1,1,0
C010137,26.62,Genie,Montreal,H8N,29689,9,26.5,0,0
C003449,29.85,Arts et lettres,Montreal,H4L,104075,9,17.1,0,1
C003646,28.47,Genie,Bas-Saint-Laurent,G5N,56872,13,182.3,0,1
C007395,31.46,Sciences sociales,Gaspesie-Iles-de-la-Madeleine,G4X,33000,12,145.9,1,1
C012733,29.2,Sciences sociales,Gaspesie-Iles-de-la-Madeleine,G5C,49841,15,183.9,0,0
C009669,27.41,Sciences sociales,Montreal,H3T,126312,11,26.7,1,1
C003014,31.42,Sante,Montreal,H2X,114882,6,42.1,0,1
C008501,31.49,Sciences sociales,Montreal,H2X,49830,6,64.8,1,1
C000057,28.95,Genie,Montreal,H3T,38950,6,18.8,0,0
C001441,28.26,Sciences,Cote-Nord,G4R,47956,12,185.3,1,0
C004653,30.36,Arts et lettres,Montreal,H8N,75442,8,10.6,0,1
C007456,23.79,Arts et lettres,Capitale-Nationale,G1V,45684,10,22.3,0,0
C011555,27.23,Genie,Gaspesie-Iles-de-la-Madeleine,G5C,81002,18,62.5,1,1
C005136,30.83,Sante,Montreal,H3T,70675,13,15.2,0,1
C002543,31.83,Arts et lettres,Montreal,H4L,52528,9,34.2,0,1
C000174,27.16,Genie,Montreal,H2X,39944,12,10.0,0,0
C009808,27.04,Sciences,Montreal,H2X,94125,11,25.6,1,1
C009335,29.1,Sciences sociales,Montreal,H1A,51095,16,21.4,1,1
C005751,22.41,Arts et lettres,Capitale-Nationale,G1R,89831,6,2.9,0,0
C010505,24.05,Genie,Gaspesie-Iles-de-la-Madeleine,G4X,15353,10,120.3,1,0
C010279,27.61,Genie,Capitale-Nationale,G3A,47870,5,4.3,0,0
C010002,27.0,Sciences sociales,Montreal,H3T,82432,8,17.3,0,1
C005673,26.45,Arts et lettres,Capitale-Nationale,G2E,106845,9,44.2,0,1
C012157,29.31,Sciences sociales,Capitale-Nationale,G2E,79806,13,20.5,0,1
C010280,25.12,Genie,Bas-Saint-Laurent,G5L,68536,16,180.9,0,0
C005269,24.71,Sciences sociales,Cote-Nord,G4R,82470,11,97.1,1,0
C013494,31.59,Genie,Montreal,H1A,102282,8,12.7,0,1
C003590,27.17,Arts et lettres,Bas-Saint-Laurent,G5N,39900,15,275.5,0,0
C000543,25.91,Sciences sociales,Cote-Nord,G5B,43634,6,73.7,0,0
C013940,30.33,Genie,Montreal,H4L,146682,7,15.9,1,1
C006766,32.66,Sciences,Montreal,H1A,37772,7,16.5,1,1
C001633,30.12,Genie,Capitale-Nationale,G1R,87563,13,10.2,0,1
C009066,30.09,Arts et lettres,Capitale-Nationale,G1V,26705,6,15.8,0,1
C011508,24.68,Sciences sociales,Capitale-Nationale,G1V,49430,4,22.5,1,0
C009191,30.44,Sciences,Cote-Nord,G4R,85466,14,295.4,0,1
C010368,27.58,Genie,Capitale-Nationale,G1R,95865,12,29.9,0,1
C005637,31.22,Sante,Montreal,H3T,99752,9,11.5,0,1
C000331,26.96,Genie,Gaspesie-Iles-de-la-Madeleine,G5C,27588,19,43.4,1,0
C013614,24.47,Sciences sociales,Montreal,H2X,70078,11,24.7,0,0
C001958,30.23,Genie,Capitale-Nationale,G1V,54467,12,3.9,0,1
C008727,20.87,Sciences,Bas-Saint-Laurent,G0L,51934,18,240.0,0,0
C008169,23.76,Genie,Cote-Nord,G0G,55785,17,236.7,0,0
C008196,26.87,Sciences,Cote-Nord,G4R,101250,20,380.1,0,0
C006133,30.9,Sciences,Montreal,H2X,50315,5,19.4,0,1
C004040,30.18,Sante,Gaspesie-Iles-de-la-Madeleine,G4X,107851,12,183.6,1,1
C006330,21.86,Sante,Capitale-Nationale,G2E,112318,11,5.0,0,0
C008774,29.5,Arts et lettres,Cote-Nord,G0G,35291,13,210.2,1,0
C011758,29.88,Sciences,Capitale-Nationale,G2E,52862,6,24.6,0,1
C003291,31.29,Sante,Cote-Nord,G5B,117162,20,191.9,0,1
C011547,32.11,Sciences sociales,Gaspesie-Iles-de-la-Madeleine,G5C,60930,12,202.2,0,1
C000680,27.98,Sciences,Capitale-Nationale,G2E,41851,5,14.5,0,0
C005734,30.53,Sciences,Montreal,H4L,35808,11,11.2,0,0
C000544,29.08,Sante,Bas-Saint-Laurent,G5N,61103,12,282.2,0,0
C010513,21.39,Sciences sociales,Capitale-Nationale,G1R,131096,8,9.7,0,0
C013237,28.42,Arts et lettres,Cote-Nord,G5B,32328,13,115.5,0,0
C005514,25.46,Arts et lettres,Cote-Nord,G5B,30215,4,204.1,0,0
C006427,29.03,Sciences,Montreal,H1A,46934,11,48.3,0,1
C001702,29.35,Genie,Bas-Saint-Laurent,G5L,63758,7,500.9,0,1
C008298,29.56,Sciences sociales,Bas-Saint-Laurent,G5N,69213,12,227.2,1,1
C006402,32.59,Sciences sociales,Gaspesie-Iles-de-la-Madeleine,G5C,86115,14,110.7,1,1
C008529,30.42,Genie,Cote-Nord,G5B,45161,18,183.1,0,1
C007475,30.49,Sante,Montreal,H2X,44229,6,32.1,1,1
C004778,29.79,Genie,Montreal,H3T,98177,12,56.0,0,1
C009479,30.09,Sciences sociales,Capitale-Nationale,G1V,172553,6,9.2,0,1
C001275,29.49,Sciences sociales,Montreal,H2X,84673,9,17.1,0,1
C006462,30.16,Sciences sociales,Gaspesie-Iles-de-la-Madeleine,G5C,54049,13,114.5,0,0
C000233,26.77,Sciences,Gaspesie-Iles-de-la-Madeleine,G5C,81376,16,180.8,1,1
C000484,24.06,Genie,Gaspesie-Iles-de-la-Madeleine,G0C,84845,8,140.6,0,0
C013998,34.01,Sciences,Bas-Saint-Laurent,G5N,59140,14,224.5,0,1
C007460,26.31,Sante,Bas-Saint-Laurent,G0L,111500,11,253.9,1,0
C010952,25.42,Arts et lettres,Capitale-Nationale,G1R,84701,5,11.1,0,0
C006830,32.73,Sante,Gaspesie-Iles-de-la-Madeleine,G5C,43702,16,213.5,1,1
C007165,26.12,Arts et lettres,Gaspesie-Iles-de-la-Madeleine,G0C,31767,13,203.2,0,0
C012971,22.52,Genie,Montreal,H2X,63624,11,26.1,1,0
C006166,24.15,Arts et lettres,Cote-Nord,G4R,37115,21,219.4,0,0
C000076,27.81,Sciences sociales,Gaspesie-Iles-de-la-Madeleine,G5C,35736,13,110.5,1,0
C005282,28.73,Sante,Capitale-Nationale,G3A,77592,8,21.3,0,1
C000257,28.79,Sciences,Gaspesie-Iles-de-la-Madeleine,G0C,52336,25,93.7,0,1
C006881,31.22,Sciences sociales,Montreal,H8N,133147,10,20.5,0,1
C010936,25.52,Sante,Cote-Nord,G4R,97805,16,415.7,0,0
C003935,25.42,Genie,Cote-Nord,G4R,62418,13,182.0,0,0
C011079,28.48,Sciences,Bas-Saint-Laurent,G5N,36655,13,177.5,0,0
C002782,27.83,Genie,Montreal,H1A,144843,6,43.7,0,1
C008103,27.92,Arts et lettres,Montreal,H1A,75345,1,29.8,0,0
C008401,29.51,Genie,Gaspesie-Iles-de-la-Madeleine,G5C,29353,18,78.4,0,1
C003263,30.8,Sciences sociales,Gaspesie-Iles-de-la-Madeleine,G4X,86871,16,285.2,0,1
C003934,26.73,Sciences,Montreal,H1A,44391,6,7.9,0,0
C010902,28.94,Arts et lettres,Cote-Nord,G4R,20324,15,192.7,0,0
C006624,25.05,Genie,Montreal,H3T,101074,10,6.7,0,0
C011888,24.15,Sciences sociales,Montreal,H2X,52114,10,3.0,0,0
C005527,26.04,Sciences sociales,Cote-Nord,G0G,122202,10,223.1,1,0
C007937,20.63,Sciences sociales,Montreal,H3T,59260,8,7.9,1,0
C010964,27.99,Sciences,Montreal,H4L,82986,10,7.0,1,1
C008227,26.62,Genie,Bas-Saint-Laurent,G5L,37728,16,83.7,0,0
C012225,25.03,Sante,Montreal,H1A,93875,4,21.0,0,0
C001854,22.71,Sciences sociales,Capitale-Nationale,G1V,29594,15,25.4,0,0
C008498,26.35,Sciences,Montreal,H2X,36915,6,45.4,0,0
C011168,23.73,Genie,Montreal,H8N,48163,6,4.8,0,0
C000768,25.31,Sciences sociales,Montreal,H4L,64025,6,26.1,0,0
C000715,28.37,Sante,Montreal,H4L,132803,10,14.2,0,1
C005510,31.4,Genie,Montreal,H8N,192732,9,16.7,1,1
C001742,25.69,Sciences,Bas-Saint-Laurent,G0L,34470,8,269.6,0,0
C001764,30.96,Sciences,Montreal,H4L,213631,6,30.2,1,1
C010180,26.41,Sante,Montreal,H3T,45019,11,6.4,0,0
C006122,26.59,Sante,Cote-Nord,G4R,47565,8,150.8,1,0
C004059,28.86,Arts et lettres,Bas-Saint-Laurent,G5L,79990,10,376.5,1,0
C003541,27.17,Sante,Montreal,H4L,85740,11,21.8,0,0
C003164,33.59,Sante,Gaspesie-Iles-de-la-Madeleine,G4X,36522,6,157.4,1,1
C005454,29.62,Sciences,Gaspesie-Iles-de-la-Madeleine,G0C,40231,16,179.4,0,1
C010702,25.08,Genie,Cote-Nord,G5B,84684,12,184.0,0,0
C008512,22.77,Genie,Gaspesie-Iles-de-la-Madeleine,G0C,51851,10,272.5,1,0
C007241,23.55,Sante,Bas-Saint-Laurent,G5L,51042,14,108.2,0,0
C009124,33.51,Sciences sociales,Cote-Nord,G4R,53509,15,150.9,1,1
C004916,28.12,Sciences sociales,Bas-Saint-Laurent,G5L,95624,9,354.0,0,1
C013834,28.51,Sciences sociales,Bas-Saint-Laurent,G5N,41143,9,152.8,1,0
C005107,26.56,Sciences,Cote-Nord,G5B,87415,11,83.8,0,0
C004730,28.86,Sante,Gaspesie-Iles-de-la-Madeleine,G5C,75006,12,93.0,0,0
C012249,34.09,Sciences,Capitale-Nationale,G2E,136976,7,12.6,1,1
C001484,25.38,Sciences sociales,Capitale-Nationale,G1V,83675,8,6.0,1,0
C002750,27.78,Sante,Montreal,H8N,78800,8,52.9,0,1
C005975,27.42,Genie,Bas-Saint-Laurent,G0L,66617,9,161.0,0,0
C013458,27.05,Sante,Montreal,H2X,78618,13,23.0,0,0
C011497,26.03,Sciences sociales,Montreal,H8N,32156,8,5.3,0,0
C012035,24.8,Genie,Bas-Saint-Laurent,G5L,57753,16,165.7,1,0
C002125,28.74,Genie,Montreal,H8N,90941,13,31.6,1,1
C003281,31.82,Sciences sociales,Montreal,H3T,45833,5,12.0,0,1
C011033,25.81,Sante,Montreal,H8N,283482,13,43.8,0,0
C011679,24.43,Sciences sociales,Bas-Saint-Laurent,G0L,29485,14,200.1,1,0
C010503,31.13,Arts et lettres,Gaspesie-Iles-de-la-Madeleine,G0C,127096,10,388.3,0,1
C013354,27.64,Sante,Gaspesie-Iles-de-la-Madeleine,G5C,81492,17,103.5,0,1
C005982,23.07,Arts et lettres,Montreal,H2X,84540,13,8.0,1,0
C010272,24.51,Arts et lettres,Bas-Saint-Laurent,G5N,64941,11,134.7,1,0
C007449,25.91,Sciences,Montreal,H4L,48577,12,25.2,0,0
C006319,29.53,Sante,Gaspesie-Iles-de-la-Madeleine,G5C,132293,9,206.1,0,0
C003510,26.35,Sciences sociales,Bas-Saint-Laurent,G5N,51409,11,564.7,0,0
C003548,24.75,Genie,Montreal,H8N,87471,5,4.9,1,0
C005606,27.59,Sciences,Capitale-Nationale,G2E,79998,9,18.1,1,0
C006724,27.72,Sciences sociales,Montreal,H1A,45517,6,40.6,0,0
C013335,28.24,Sciences sociales,Montreal,H4L,73365,10,18.5,0,1
C006276,30.84,Sante,Montreal,H8N,104671,13,12.4,0,1
C001813,31.44,Genie,Cote-Nord,G0G,64401,7,329.7,1,1
C001020,29.78,Genie,Gaspesie-Iles-de-la-Madeleine,G0C,62116,6,199.1,1,1
C009069,25.56,Sciences,Montreal,H1A,53895,4,57.6,1,0
C004057,23.07,Sante,Cote-Nord,G0G,44573,8,96.9,1,0
C003121,31.5,Sciences sociales,Montreal,H2X,93129,9,33.5,0,1
C003484,21.11,Sante,Montreal,H2X,39592,7,6.1,0,0
C008658,24.52,Sciences sociales,Gaspesie-Iles-de-la-Madeleine,G0C,108249,14,402.5,0,0
C012720,22.89,Genie,Cote-Nord,G0G,34388,9,94.5,0,0
C000810,26.79,Arts et lettres,Capitale-Nationale,G1R,165765,10,28.5,1,1
C008757,24.42,Sciences sociales,Montreal,H3T,62438,7,55.1,1,0
C012825,26.83,Arts et lettres,Montreal,H3T,76288,7,26.8,0,0
C000337,29.05,Genie,Capitale-Nationale,G2E,102655,11,16.4,0,1
C002688,23.05,Sciences sociales,Capitale-Nationale,G1V,59827,8,11.8,0,0
C004187,27.36,Sciences sociales,Capitale-Nationale,G1V,68709,4,13.2,1,0
C009270,26.04,Genie,Montreal,H8N,51050,7,39.2,0,0
C010793,30.88,Genie,Montreal,H3T,153524,5,21.7,1,1
C011436,30.24,Sciences,Bas-Saint-Laurent,G5N,58298,11,110.5,0,1
C011526,25.48,Sciences,Montreal,H2X,27642,8,33.6,1,0
C006793,25.46,Sciences,Montreal,H2X,28895,8,16.1,0,0
C005692,26.66,Sciences sociales,Bas-Saint-Laurent,G5L,59303,15,262.7,1,0
C003911,29.46,Sciences,Montreal,H1A,138564,10,9.0,1,1
C008181,26.6,Genie,Bas-Saint-Laurent,G5L,77775,16,254.1,0,0
C010839,22.28,Arts et lettres,Montreal,H8N,66880,8,13.1,1,0
C011822,29.94,Genie,Montreal,H3T,112185,11,57.8,0,1
C012462,28.69,Sciences,Montreal,H2X,50085,14,22.4,1,1
C010753,24.85,Sante,Capitale-Nationale,G1V,106524,4,14.1,1,0
C011470,26.32,Arts et lettres,Capitale-Nationale,G3A,42076,11,16.5,0,0
C002582,28.78,Sante,Cote-Nord,G5B,95443,10,195.8,0,0
C011978,30.04,Sciences sociales,Capitale-Nationale,G1R,104113,8,22.9,1,1
C005515,25.7,Sciences,Capitale-Nationale,G3A,29711,7,33.6,0,0
C007173,28.84,Sciences,Capitale-Nationale,G1R,88516,6,31.5,0,0
C008827,27.05,Sciences,Cote-Nord,G5B,69620,6,315.1,0,0
C000616,27.52,Sante,Cote-Nord,G0G,35742,8,336.1,1,0
C004761,26.63,Genie,Gaspesie-Iles-de-la-Madeleine,G0C,48202,14,180.6,1,0
C011737,28.83,Sciences sociales,Montreal,H4L,108788,8,15.5,0,0
C012175,32.56,Sciences sociales,Gaspesie-Iles-de-la-Madeleine,G5C,34590,8,262.1,0,1
C006051,23.47,Sciences sociales,Gaspesie-Iles-de-la-Madeleine,G0C,54363,17,91.9,0,0
C005586,28.15,Sante,Montreal,H4L,67469,11,19.8,0,0
C012791,27.48,Genie,Montreal,H4L,48504,4,18.3,0,0
C008315,28.27,Sciences,Montreal,H1A,52070,5,8.0,0,1
C002640,27.83,Sciences,Capitale-Nationale,G3A,62446,6,70.9,0,0
C002035,22.26,Sciences sociales,Capitale-Nationale,G1V,51990,7,34.8,1,0
C007373,28.13,Arts et lettres,Montreal,H1A,52324,15,30.7,0,0
C009120,27.5,Genie,Montreal,H1A,62580,9,24.5,0,0
C001938,26.43,Arts et lettres,Gaspesie-Iles-de-la-Madeleine,G0C,33702,10,216.0,1,0
C002707,24.92,Genie,Gaspesie-Iles-de-la-Madeleine,G5C,33795,10,248.5,1,0
C000641,30.38,Sciences sociales,Montreal,H3T,77340,8,13.8,0,1
C011409,27.31,Arts et lettres,Montreal,H1A,38138,9,27.8,0,0
C001570,28.93,Arts et lettres,Montreal,H2X,70943,11,26.4,0,1
C007747,24.81,Sciences sociales,Montreal,H4L,108701,7,12.3,0,0
C012414,29.24,Sciences sociales,Gaspesie-Iles-de-la-Madeleine,G4X,67991,9,237.4,0,0
C012636,33.8,Arts et lettres,Montreal,H8N,71605,10,8.9,0,1
C000272,25.5,Sciences sociales,Montreal,H2X,77540,8,4.8,1,0
C008042,30.08,Genie,Bas-Saint-Laurent,G5N,88573,13,117.4,0,1
C010777,30.33,Sante,Montreal,H1A,79260,7,19.4,0,1
C000252,28.72,Sciences sociales,Bas-Saint-Laurent,G5N,42649,11,194.9,1,0
C000558,25.65,Genie,Capitale-Nationale,G2E,73142,4,8.0,0,0
C008675,28.68,Sante,Capitale-Nationale,G3A,50656,11,24.8,0,1
C004942,30.1,Sante,Cote-Nord,G0G,45140,13,386.5,0,1
C000217,26.74,Genie,Bas-Saint-Laurent,G5N,41567,19,142.5,1,0
C001316,28.56,Sciences,Montreal,H3T,96754,6,32.3,1,0
C000012,27.38,Sciences,Gaspesie-Iles-de-la-Madeleine,G4X,18572,14,398.1,0,0
C001463,27.07,Arts et lettres,Montreal,H1A,152262,10,18.1,0,1
C012660,25.78,Sciences,Montreal,H3T,84932,8,53.2,1,0
C011314,27.53,Sciences,Montreal,H1A,64922,8,8.1,0,0
C012182,31.29,Sciences,Cote-Nord,G0G,77748,9,251.5,1,0
C002176,31.39,Sante,Gaspesie-Iles-de-la-Madeleine,G5C,37098,10,341.8,1,1
C009821,28.95,Sciences sociales,Montreal,H3T,55476,11,6.6,1,0
C009814,26.79,Arts et lettres,Montreal,H2X,60982,2,9.9,0,0
C013813,26.86,Sciences sociales,Montreal,H3T,98341,10,8.7,0,0
C013399,28.44,Arts et lettres,Gaspesie-Iles-de-la-Madeleine,G4X,34467,10,469.8,1,0
C012767,30.3,Sciences sociales,Cote-Nord,G0G,86060,18,107.1,0,1
C010557,26.02,Arts et lettres,Gaspesie-Iles-de-la-Madeleine,G0C,40329,10,481.8,1,0
C008072,29.2,Arts et lettres,Gaspesie-Iles-de-la-Madeleine,G5C,69885,14,288.9,1,1
C006397,34.75,Sante,Capitale-Nationale,G3A,61562,13,13.5,0,1
C007374,29.66,Genie,Bas-Saint-Laurent,G5N,39047,18,376.2,1,1
C008547,26.72,Genie,Capitale-Nationale,G1R,72343,10,7.1,0,0
C013715,24.72,Sciences,Bas-Saint-Laurent,G5L,104536,14,251.6,0,0
C012984,25.48,Genie,Montreal,H1A,59023,6,30.2,1,0
C005601,26.14,Sciences,Bas-Saint-Laurent,G5L,51213,14,401.4,0,0
C005618,28.87,Genie,Montreal,H3T,72864,6,13.1,1,1
C008003,31.33,Sante,Capitale-Nationale,G3A,50430,17,25.8,0,1
C007468,27.33,Sciences sociales,Montreal,H4L,51498,9,18.4,0,0
C012737,31.25,Sciences sociales,Cote-Nord,G4R,54967,8,75.8,0,1
C001882,29.91,Sciences,Montreal,H1A,92561,4,34.9,0,1
C007697,27.65,Genie,Gaspesie-Iles-de-la-Madeleine,G4X,85451,6,228.8,0,0
C011599,30.01,Sante,Gaspesie-Iles-de-la-Madeleine,G4X,31439,16,203.4,0,1
C007157,29.32,Sciences,Montreal,H3T,32901,8,16.3,0,1
C013703,26.6,Sante,Capitale-Nationale,G3A,69386,7,40.3,0,0
C002811,26.71,Arts et lettres,Montreal,H1A,57158,12,19.6,1,0
C012860,30.75,Sciences sociales,Montreal,H3T,43754,12,2.6,1,1
C008240,28.72,Arts et lettres,Capitale-Nationale,G1V,65034,8,21.3,1,0
C003357,33.07,Genie,Capitale-Nationale,G3A,62574,11,21.3,0,1
C011549,32.76,Sciences,Capitale-Nationale,G3A,148879,7,32.4,1,1
C007827,26.37,Arts et lettres,Montreal,H8N,97287,14,9.5,0,1
C012108,22.84,Sciences sociales,Montreal,H8N,67169,6,20.1,1,0
C000239,30.03,Sciences,Capitale-Nationale,G1R,71199,9,44.6,0,1
C008488,21.02,Sante,Bas-Saint-Laurent,G0L,33773,13,294.2,0,0
C002295,33.04,Arts et lettres,Capitale-Nationale,G3A,49915,10,15.3,0,1
C004659,23.11,Genie,Gaspesie-Iles-de-la-Madeleine,G0C,45658,20,316.0,1,0
C008560,24.14,Sciences sociales,Bas-Saint-Laurent,G5L,42494,17,286.7,0,0
C009444,24.53,Arts et lettres,Bas-Saint-Laurent,G5L,49733,13,108.8,0,0
C009248,26.77,Sciences sociales,Montreal,H4L,60958,7,8.4,0,0
C000293,26.48,Genie,Montreal,H4L,147138,8,5.2,1,0
C008380,32.73,Genie,Montreal,H8N,74609,7,17.9,0,1
C013143,33.33,Sciences sociales,Capitale-Nationale,G3A,111418,8,5.3,0,1
C007611,23.67,Sciences sociales,Capitale-Nationale,G3A,23638,7,17.6,1,0
C006536,28.02,Arts et lettres,Bas-Saint-Laurent,G5N,54989,14,229.3,1,0
C000464,24.19,Genie,Bas-Saint-Laurent,G5L,50652,20,585.2,0,0
C008767,27.81,Sciences sociales,Capitale-Nationale,G3A,47267,9,9.9,0,0
C011587,32.28,Arts et lettres,Montreal,H4L,129253,11,20.3,0,1
C004637,25.08,Arts et lettres,Gaspesie-Iles-de-la-Madeleine,G0C,30060,13,239.9,1,0
C010949,32.3,Sciences,Capitale-Nationale,G3A,76753,9,23.2,0,1
C007063,27.21,Sciences sociales,Montreal,H8N,68457,9,8.2,1,0
C004049,28.57,Sciences sociales,Gaspesie-Iles-de-la-Madeleine,G0C,40863,20,168.5,1,0
C010915,31.04,Arts et lettres,Capitale-Nationale,G1R,80887,11,21.3,0,1
C006879,27.9,Sante,Montreal,H2X,56320,7,7.1,0,0
C007394,36.01,Genie,Montreal,H3T,56560,12,5.5,0,1
C003031,28.44,Sciences,Bas-Saint-Laurent,G0L,62582,18,244.7,0,0
C010748,29.06,Sante,Capitale-Nationale,G1R,35353,9,18.1,0,1
C010523,29.41,Sante,Gaspesie-Iles-de-la-Madeleine,G4X,48644,11,182.7,0,1
C009392,27.99,Sciences,Capitale-Nationale,G2E,129766,4,24.3,0,0
C004473,29.05,Sciences sociales,Bas-Saint-Laurent,G0L,22337,8,201.2,0,0
C011868,32.35,Sante,Bas-Saint-Laurent,G5L,50589,12,202.7,0,1
C004118,23.81,Sciences sociales,Capitale-Nationale,G1R,51514,17,27.3,0,0
C004505,25.35,Genie,Montreal,H1A,95249,7,26.3,0,0
C005683,25.69,Genie,Capitale-Nationale,G1V,115055,9,40.1,0,0
C008876,25.19,Genie,Gaspesie-Iles-de-la-Madeleine,G0C,45739,12,356.8,0,0
C010188,25.25,Genie,Gaspesie-Iles-de-la-Madeleine,G4X,56828,13,143.9,1,0
C008736,29.72,Sciences,Montreal,H4L,149870,9,2.6,0,1
C001313,28.6,Genie,Montreal,H4L,95549,4,28.4,0,1
C002465,24.12,Sciences,Montreal,H2X,67128,6,16.4,0,0
C008146,22.52,Genie,Bas-Saint-Laurent,G5L,83638,11,108.9,0,0
C002761,25.51,Sante,Montreal,H1A,73046,10,18.2,0,0
C005827,29.78,Arts et lettres,Montreal,H4L,30035,9,17.7,0,1
C008569,32.79,Sciences,Capitale-Nationale,G1V,40187,10,17.6,0,1
C011102,24.31,Sante,Montreal,H1A,74551,5,26.0,0,0
C009399,34.99,Sante,Cote-Nord,G5B,50781,11,211.0,0,1
C007978,28.4,Sciences,Montreal,H4L,42219,8,7.1,0,1
C003195,24.6,Genie,Montreal,H4L,90604,4,25.3,0,0
C003801,27.99,Arts et lettres,Montreal,H4L,19847,13,7.8,1,0
C000885,24.11,Genie,Cote-Nord,G4R,46027,12,239.2,0,0
C013283,30.3,Sciences,Montreal,H1A,51448,11,9.8,0,1
C003636,30.33,Genie,Montreal,H4L,51471,16,11.7,0,1
C005438,28.93,Genie,Gaspesie-Iles-de-la-Madeleine,G5C,51014,17,163.3,1,0
C003661,26.24,Genie,Montreal,H2X,51288,6,13.7,0,0
C008445,23.61,Genie,Capitale-Nationale,G1R,92112,5,6.9,0,0
C001977,29.58,Sciences,Montreal,H4L,212033,13,11.8,0,1
C002602,31.31,Sciences,Montreal,H3T,81274,6,18.1,0,1
C002523,26.01,Sciences sociales,Gaspesie-Iles-de-la-Madeleine,G4X,41347,6,310.2,1,0
C007285,32.28,Arts et lettres,Bas-Saint-Laurent,G5L,106511,13,83.5,0,1
C000075,31.28,Sante,Montreal,H3T,126934,3,32.3,0,1
C005755,31.84,Sciences sociales,Montreal,H8N,66554,4,6.1,0,1
C003684,28.83,Arts et lettres,Capitale-Nationale,G1V,51908,13,19.7,1,1
C010203,22.91,Genie,Capitale-Nationale,G1V,46898,5,33.0,0,0
C003972,30.17,Sciences,Montreal,H3T,114302,12,45.5,0,1
C006603,26.32,Sante,Gaspesie-Iles-de-la-Madeleine,G0C,44719,11,173.2,1,0
C004901,26.06,Sante,Bas-Saint-Laurent,G5L,103876,13,147.1,1,0
C009223,27.28,Sciences,Montreal,H4L,38392,9,21.1,0,0
C011912,29.43,Sciences,Montreal,H3T,55117,10,44.1,1,1
C002717,28.26,Sante,Montreal,H3T,82212,12,46.5,0,0
C009759,24.33,Sciences sociales,Capitale-Nationale,G1V,70747,8,69.5,0,0
C007964,27.43,Sciences,Capitale-Nationale,G1V,67768,8,16.1,0,0
C011847,24.49,Sciences sociales,Capitale-Nationale,G2E,90427,14,14.9,1,0
C007190,27.39,Sante,Montreal,H1A,97112,11,4.2,0,1
C006560,32.63,Sante,Montreal,H2X,64111,6,9.9,0,1
C001995,24.85,Genie,Montreal,H8N,135650,8,47.6,0,0
C009242,25.06,Arts et lettres,Montreal,H1A,38627,9,36.2,0,0
C005389,29.59,Genie,Montreal,H2X,86585,13,4.5,0,1
C006534,25.09,Arts et lettres,Gaspesie-Iles-de-la-Madeleine,G0C,103658,14,127.1,1,0
C007906,26.09,Sciences,Cote-Nord,G4R,30012,11,308.4,0,0
C013253,26.37,Sciences sociales,Montreal,H3T,100648,7,14.3,0,0
C004799,31.82,Genie,Montreal,H3T,63699,10,13.2,0,1
C013485,24.74,Genie,Gaspesie-Iles-de-la-Madeleine,G5C,105933,13,288.0,0,0
C000154,27.72,Sciences sociales,Gaspesie-Iles-de-la-Madeleine,G5C,34502,15,394.7,0,0
C009551,26.03,Arts et lettres,Cote-Nord,G5B,85492,9,159.5,1,0
C013627,26.2,Sciences sociales,Bas-Saint-Laurent,G5L,43011,9,146.4,1,0
C006094,23.96,Sante,Montreal,H3T,71083,13,11.3,1,0
C012565,31.03,Sciences sociales,Montreal,H2X,53650,12,15.1,0,1
C007314,27.87,Genie,Cote-Nord,G0G,66646,8,313.7,1,0
C001060,24.34,Sciences sociales,Gaspesie-Iles-de-la-Madeleine,G0C,37959,8,255.8,0,0
C002283,23.51,Sciences sociales,Cote-Nord,G4R,23463,25,234.3,1,0
C004811,32.05,Arts et lettres,Montreal,H8N,138347,3,31.6,1,1
C004945,32.53,Genie,Capitale-Nationale,G2E,115215,13,19.3,0,1
C006205,26.62,Genie,Cote-Nord,G5B,41150,19,121.2,1,0
C002438,25.9,Arts et lettres,Montreal,H4L,40679,7,50.4,0,0
C008672,30.29,Genie,Capitale-Nationale,G1V,62106,8,9.6,0,0
C006442,31.2,Sante,Montreal,H4L,76218,8,2.0,1,1
C009206,29.38,Genie,Capitale-Nationale,G1V,40392,8,10.7,0,1
C001494,26.93,Sciences sociales,Capitale-Nationale,G2E,61145,11,14.3,0,1
C001890,30.67,Genie,Bas-Saint-Laurent,G5L,43249,7,62.8,1,0
C002583,19.6,Sciences sociales,Capitale-Nationale,G1R,72924,10,5.4,1,0
C008448,29.61,Sante,Bas-Saint-Laurent,G0L,38274,17,194.2,1,1
C005220,21.96,Sciences sociales,Bas-Saint-Laurent,G5N,121960,10,214.7,0,0
C013094,31.55,Sciences,Cote-Nord,G5B,69766,13,225.8,1,1
C005886,26.75,Sante,Cote-Nord,G4R,81367,8,287.4,0,0
C000445,25.29,Sante,Gaspesie-Iles-de-la-Madeleine,G5C,57825,14,390.2,0,0
C010226,27.57,Sciences,Capitale-Nationale,G1V,88563,9,11.8,0,1
C006568,26.05,Genie,Gaspesie-Iles-de-la-Madeleine,G4X,93661,11,466.7,0,0
C007202,27.26,Sciences,Capitale-Nationale,G2E,68879,9,18.9,0,0
C006093,33.42,Sciences sociales,Capitale-Nationale,G2E,85068,7,52.4,0,1
C003557,27.0,Sciences sociales,Montreal,H4L,90562,9,11.4,1,0
C010849,26.94,Arts et lettres,Montreal,H1A,36397,12,17.6,0,0
C003090,24.66,Sciences,Montreal,H3T,68990,8,5.8,0,0
C010821,26.16,Sante,Cote-Nord,G4R,40937,12,231.6,0,0
C007257,27.91,Sciences sociales,Montreal,H8N,91452,14,4.9,0,0
C009807,31.27,Arts et lettres,Gaspesie-Iles-de-la-Madeleine,G4X,40705,15,254.5,0,1
C002709,27.76,Genie,Montreal,H1A,66366,12,40.0,0,1
C001272,26.46,Sciences,Gaspesie-Iles-de-la-Madeleine,G5C,35846,14,42.2,0,0
C010288,24.13,Sante,Capitale-Nationale,G1R,64025,10,15.7,0,0
C012875,31.12,Arts et lettres,Montreal,H1A,66989,6,19.6,1,1
C000324,26.75,Genie,Capitale-Nationale,G3A,93556,10,14.6,1,0
C011373,31.86,Sciences sociales,Montreal,H8N,62381,9,16.5,1,1
C006250,27.76,Arts et lettres,Montreal,H4L,74682,8,12.3,0,1
C007874,28.67,Sciences,Montreal,H2X,58757,9,10.0,0,1
C006075,28.11,Sciences sociales,Montreal,H4L,60814,7,17.0,0,0
C009748,25.13,Sciences,Montreal,H3T,38010,12,9.2,0,0
C000988,29.83,Sciences,Montreal,H2X,51861,11,3.5,0,1
C001145,29.69,Genie,Gaspesie-Iles-de-la-Madeleine,G4X,64908,17,218.5,1,1
C009462,32.37,Sciences sociales,Capitale-Nationale,G1R,34293,12,6.1,0,1
C006108,29.12,Sante,Cote-Nord,G5B,108251,12,276.9,0,1
C002116,28.57,Sciences,Montreal,H4L,77076,7,9.2,1,0
C013778,22.04,Genie,Bas-Saint-Laurent,G5N,68176,5,227.9,0,0
C000722,26.79,Arts et lettres,Cote-Nord,G0G,34196,12,210.5,0,0
C002014,30.02,Sciences,Cote-Nord,G0G,86774,11,35.6,1,1
C004956,31.72,Sciences sociales,Montreal,H2X,49033,7,18.7,0,1
C012384,24.07,Genie,Montreal,H2X,50172,5,14.3,0,0
C000480,30.07,Genie,Montreal,H2X,45598,7,30.6,1,0
C001647,28.14,Sciences sociales,Capitale-Nationale,G3A,190686,19,24.5,0,1
C005732,30.45,Sante,Capitale-Nationale,G3A,137808,12,18.4,0,1
C012719,26.62,Sciences,Cote-Nord,G5B,26006,15,191.9,0,0
C008725,29.18,Genie,Montreal,H2X,98553,14,21.9,0,1
C006424,21.88,Sante,Bas-Saint-Laurent,G5L,37784,12,172.8,1,0
C013441,28.5,Arts et lettres,Montreal,H2X,22132,9,17.5,0,0
C005129,25.54,Genie,Capitale-Nationale,G1V,67993,8,15.3,0,0
C006181,35.0,Sante,Montreal,H8N,52068,9,40.6,1,1
C004590,26.48,Genie,Capitale-Nationale,G2E,189933,5,13.9,0,0
C012332,30.54,Genie,Montreal,H4L,79883,12,11.1,0,1
C007801,24.66,Sciences sociales,Montreal,H1A,75097,6,29.5,1,0
C012055,34.07,Arts et lettres,Cote-Nord,G4R,47802,17,263.0,0,1
C001785,26.98,Genie,Gaspesie-Iles-de-la-Madeleine,G4X,68169,11,130.2,1,0
C006980,31.38,Sciences sociales,Montreal,H8N,45392,8,34.6,1,1
C002029,20.82,Sciences,Gaspesie-Iles-de-la-Madeleine,G4X,41218,11,175.5,1,0
C004957,21.69,Sciences sociales,Bas-Saint-Laurent,G0L,39739,9,310.6,0,0
C005294,32.33,Sciences,Montreal,H8N,133674,14,34.3,0,1
C004389,30.9,Sciences sociales,Capitale-Nationale,G1R,68546,6,12.5,0,0
C002115,29.33,Genie,Montreal,H1A,90809,10,20.0,0,1
C004375,25.05,Sante,Cote-Nord,G0G,44879,12,53.0,0,0
C002057,22.53,Genie,Montreal,H2X,61639,16,50.2,0,0
C000472,26.63,Sciences sociales,Cote-Nord,G5B,83549,9,245.1,1,0
C005467,30.06,Sciences sociales,Cote-Nord,G4R,31304,16,169.8,1,0
C003421,26.96,Genie,Montreal,H4L,37346,7,22.0,0,0
C007419,28.13,Genie,Capitale-Nationale,G2E,27922,12,36.6,0,0
C001267,26.68,Sante,Montreal,H3T,100436,8,24.4,0,0
C011047,28.08,Sciences,Montreal,H8N,74140,10,12.7,1,1
C006700,27.4,Sciences sociales,Capitale-Nationale,G3A,68356,13,5.1,0,0
C010369,31.5,Sciences,Montreal,H8N,60462,16,16.8,0,1
C013574,28.7,Sciences,Montreal,H1A,103060,12,32.8,0,1
C001200,24.21,Genie,Capitale-Nationale,G2E,111812,14,13.9,0,0
C000485,29.18,Sciences,Gaspesie-Iles-de-la-Madeleine,G4X,26366,15,208.1,0,1
C007071,27.62,Genie,Montreal,H4L,76973,14,15.4,0,0
C001735,23.81,Sciences sociales,Gaspesie-Iles-de-la-Madeleine,G5C,30967,21,307.1,1,0
C006961,24.49,Arts et lettres,Bas-Saint-Laurent,G5N,53760,13,82.2,1,0
C013895,29.64,Sciences,Montreal,H1A,63485,9,33.5,1,0
C010485,28.81,Arts et lettres,Bas-Saint-Laurent,G5N,92894,17,189.2,0,0
C011076,28.27,Sante,Montreal,H1A,54731,7,21.3,0,1
C000275,29.41,Genie,Montreal,H1A,120377,10,14.0,1,1
C009950,24.56,Arts et lettres,Montreal,H1A,54378,8,8.0,1,0
C007075,29.21,Genie,Montreal,H2X,111609,10,15.7,0,0
C006705,30.83,Sciences sociales,Cote-Nord,G5B,53352,11,330.2,1,1
C009138,30.58,Sciences,Capitale-Nationale,G1R,40804,17,19.2,0,1
C009938,28.43,Sciences sociales,Montreal,H3T,45202,6,4.1,1,0
C008068,29.95,Sante,Montreal,H3T,77306,9,15.6,0,1
C011624,28.45,Sciences,Montreal,H2X,90553,9,2.4,0,1
C008900,24.35,Sante,Bas-Saint-Laurent,G0L,88402,16,160.8,0,0
C010815,26.62,Genie,Montreal,H4L,50499,9,4.3,1,0
C008464,29.71,Sante,Gaspesie-Iles-de-la-Madeleine,G0C,44502,10,289.5,0,0
C000396,27.61,Genie,Montreal,H4L,53148,12,26.5,1,0
C004318,25.26,Sante,Gaspesie-Iles-de-la-Madeleine,G5C,62016,14,463.7,0,0
C006655,30.65,Sante,Montreal,H8N,88842,5,23.6,1,1
C005463,26.27,Sciences,Gaspesie-Iles-de-la-Madeleine,G0C,96643,12,110.3,0,0
C007405,25.58,Genie,Capitale-Nationale,G2E,75104,4,8.8,0,0
C002653,26.93,Sante,Capitale-Nationale,G1R,111435,8,13.2,0,0
C002575,27.25,Sante,Montreal,H2X,55640,9,9.0,0,0
C005834,29.95,Sciences sociales,Gaspesie-Iles-de-la-Madeleine,G0C,76828,10,185.3,1,1
C000630,23.57,Arts et lettres,Gaspesie-Iles-de-la-Madeleine,G0C,132233,11,142.2,1,0
C009256,30.06,Sciences sociales,Bas-Saint-Laurent,G5N,41395,22,442.4,0,0
C009312,28.78,Sante,Capitale-Nationale,G3A,56504,8,38.7,1,0
C003879,25.71,Sante,Montreal,H8N,67892,10,18.0,1,0
C003169,29.91,Genie,Montreal,H2X,74156,10,13.0,0,1
C009908,24.71,Sciences sociales,Montreal,H4L,73560,15,7.8,0,0
C007878,29.52,Sante,Gaspesie-Iles-de-la-Madeleine,G4X,124810,16,264.4,1,1
C002933,26.81,Sciences sociales,Cote-Nord,G4R,54379,9,280.4,1,0
C005283,27.9,Genie,Capitale-Nationale,G1V,77886,8,32.0,0,1
C000840,27.83,Arts et lettres,Cote-Nord,G4R,21476,16,317.4,0,1
C000170,35.74,Genie,Montreal,H4L,72287,16,13.7,1,1
C008906,33.04,Genie,Montreal,H8N,70410,9,28.3,1,1
C003936,27.07,Sciences sociales,Cote-Nord,G4R,48794,26,76.2,0,0
C000380,24.68,Genie,Montreal,H4L,40233,9,5.0,1,0
C012440,26.74,Sciences,Gaspesie-Iles-de-la-Madeleine,G0C,38614,13,342.0,1,0
C011498,32.18,Sciences,Bas-Saint-Laurent,G5N,47127,11,184.4,0,1
C006832,27.76,Genie,Montreal,H4L,44395,14,11.8,1,0
C000713,24.87,Sciences,Bas-Saint-Laurent,G5L,52751,11,187.6,0,0
C008029,26.61,Sciences,Montreal,H4L,83838,11,17.9,1,0
C008848,27.31,Sante,Capitale-Nationale,G1R,107799,11,13.2,1,0
C001595,26.39,Genie,Montreal,H1A,102031,12,74.0,0,0
C011069,31.83,Sciences sociales,Capitale-Nationale,G1V,36943,8,44.1,1,1
C013214,25.79,Sante,Montreal,H1A,52087,6,16.0,0,0
C012074,27.59,Genie,Montreal,H2X,53211,9,33.9,0,0
C010242,25.4,Sciences,Montreal,H2X,54776,7,4.9,1,0
C011477,28.43,Sante,Capitale-Nationale,G2E,57163,11,19.1,0,1
C012973,25.67,Sciences,Montreal,H8N,38742,9,16.7,1,0
C012237,28.05,Sciences,Capitale-Nationale,G1R,40733,5,28.1,0,0
C011689,28.32,Genie,Capitale-Nationale,G3A,64083,8,31.0,0,0
C002173,24.91,Sante,Bas-Saint-Laurent,G0L,56659,13,368.9,0,0
C009125,29.63,Genie,Gaspesie-Iles-de-la-Madeleine,G0C,33331,12,180.7,0,0
C011400,24.04,Sante,Capitale-Nationale,G2E,64416,6,3.1,0,0
C009129,30.51,Genie,Montreal,H1A,61751,6,17.2,0,1
C002487,27.49,Sciences,Cote-Nord,G4R,82308,15,545.8,0,0
C003529,25.44,Sciences sociales,Bas-Saint-Laurent,G5L,124183,8,390.8,0,1
C002686,27.33,Genie,Capitale-Nationale,G2E,101215,8,54.2,0,0
C005111,27.22,Sciences sociales,Montreal,H1A,89480,7,19.2,0,0
C012262,27.7,Sante,Gaspesie-Iles-de-la-Madeleine,G5C,64917,8,326.4,0,0
C000398,31.07,Sciences sociales,Bas-Saint-Laurent,G5L,41928,12,218.9,0,1
C004344,29.48,Sciences sociales,Cote-Nord,G4R,41552,18,260.9,1,1
C010309,22.95,Sciences sociales,Gaspesie-Iles-de-la-Madeleine,G0C,71244,6,338.0,1,0
C002851,27.3,Sciences sociales,Gaspesie-Iles-de-la-Madeleine,G0C,40426,13,209.7,0,0
C007932,27.15,Genie,Montreal,H2X,80294,8,15.6,1,0
C007596,24.58,Sciences sociales,Cote-Nord,G5B,53889,24,181.5,0,0
C005869,26.3,Sciences sociales,Bas-Saint-Laurent,G5L,23060,11,107.2,0,0
C002601,30.0,Arts et lettres,Gaspesie-Iles-de-la-Madeleine,G4X,37803,16,172.6,1,0
C008865,29.99,Genie,Montreal,H1A,31154,5,40.2,1,1
C002546,31.98,Sante,Montreal,H1A,83305,10,8.0,0,1
C002462,25.94,Sciences sociales,Bas-Saint-Laurent,G0L,47320,10,235.8,0,0
C013910,25.63,Genie,Montreal,H1A,61051,8,17.3,0,0
C002774,25.11,Sante,Capitale-Nationale,G1R,90256,10,13.0,0,0
C007445,26.7,Sante,Montreal,H2X,56663,9,35.3,0,0
C002735,25.7,Sciences,Gaspesie-Iles-de-la-Madeleine,G5C,60032,11,117.4,1,0
C010103,27.65,Genie,Cote-Nord,G4R,80172,9,52.5,1,0
C010089,32.61,Arts et lettres,Cote-Nord,G0G,52329,16,460.9,1,1
C012743,30.48,Sciences sociales,Gaspesie-Iles-de-la-Madeleine,G0C,48208,12,304.5,0,1
C010052,28.97,Sante,Capitale-Nationale,G2E,140961,7,18.0,0,1
C004971,30.08,Arts et lettres,Montreal,H3T,104917,7,34.1,1,1
C011291,29.38,Sante,Capitale-Nationale,G1V,35525,10,6.9,0,0
C012447,26.79,Sciences,Capitale-Nationale,G1R,61630,9,15.4,0,0
C008404,25.93,Sciences sociales,Montreal,H4L,65633,10,5.1,0,0
C007566,23.83,Genie,Gaspesie-Iles-de-la-Madeleine,G4X,49161,9,239.6,0,0
C008502,29.83,Sciences,Gaspesie-Iles-de-la-Madeleine,G5C,36096,13,194.6,0,1
C007518,35.41,Sante,Montreal,H8N,141431,7,30.4,0,1
C007081,23.43,Genie,Gaspesie-Iles-de-la-Madeleine,G5C,41967,16,254.0,1,0
C013714,26.0,Genie,Capitale-Nationale,G3A,78292,7,29.3,0,0
C004431,27.4,Sciences,Montreal,H1A,133655,9,9.7,0,1
C012017,32.09,Sciences,Montreal,H1A,95912,10,26.8,0,1
C000903,30.21,Sciences sociales,Capitale-Nationale,G1R,111126,5,13.4,0,1
C010610,21.73,Sante,Montreal,H8N,47395,2,26.0,0,0
C010236,26.77,Sante,Cote-Nord,G5B,25680,12,289.7,0,0
C000422,32.62,Sciences,Cote-Nord,G0G,37349,16,158.5,1,1
C008120,24.21,Sciences,Montreal,H4L,85236,7,23.5,0,0
C011210,31.33,Sciences,Gaspesie-Iles-de-la-Madeleine,G0C,107331,9,191.9,0,1
C007710,31.27,Arts et lettres,Montreal,H4L,83974,6,20.7,0,1
C011632,24.46,Sciences,Bas-Saint-Laurent,G5N,41670,18,390.4,1,0
C008360,33.0,Genie,Capitale-Nationale,G2E,98662,10,13.4,1,1
C004643,25.87,Genie,Montreal,H1A,69540,12,32.5,0,0
C002290,28.19,Sciences sociales,Bas-Saint-Laurent,G0L,72841,16,261.3,1,1
C008580,24.8,Sante,Montreal,H1A,63565,9,22.0,0,0
C013760,25.85,Sciences sociales,Montreal,H1A,46337,6,21.1,1,0
C013396,27.91,Sante,Montreal,H3T,85238,6,7.9,0,0
C001268,26.22,Genie,Montreal,H8N,133120,11,11.4,0,1
C010086,27.38,Sante,Montreal,H2X,69389,6,16.2,0,0
C002527,24.84,Arts et lettres,Montreal,H1A,61208,13,6.4,0,0
C006765,30.27,Sciences sociales,Montreal,H2X,75352,7,17.2,1,1
C008503,24.02,Sciences sociales,Montreal,H2X,85190,13,9.0,0,0
C004754,28.16,Genie,Montreal,H2X,47171,7,15.0,0,0
C003344,22.08,Sante,Capitale-Nationale,G1R,47395,9,26.8,0,0
C008713,29.93,Sciences sociales,Gaspesie-Iles-de-la-Madeleine,G0C,130583,10,92.6,0,1
C010650,27.51,Genie,Montreal,H3T,64615,12,11.0,0,1
C009998,26.62,Sante,Gaspesie-Iles-de-la-Madeleine,G4X,139154,11,98.6,1,0
C009459,28.85,Sante,Cote-Nord,G5B,78368,12,251.5,1,1
C002762,28.17,Genie,Gaspesie-Iles-de-la-Madeleine,G4X,83484,9,262.9,1,0
C010056,22.86,Arts et lettres,Gaspesie-Iles-de-la-Madeleine,G4X,131741,10,267.4,1,0
C000754,28.23,Sciences sociales,Gaspesie-Iles-de-la-Madeleine,G0C,40313,15,179.7,0,0
C005361,29.09,Sciences sociales,Montreal,H3T,144142,8,30.9,0,1
C000126,28.22,Sante,Cote-Nord,G4R,30458,7,172.9,0,0
C008385,26.28,Sciences sociales,Capitale-Nationale,G2E,95551,7,6.6,0,0
C011395,23.44,Arts et lettres,Bas-Saint-Laurent,G5N,116577,10,504.6,0,0
C004114,28.01,Arts et lettres,Capitale-Nationale,G3A,99063,12,20.7,1,1
C009261,27.11,Sciences sociales,Montreal,H8N,46304,8,30.2,0,0
C009384,28.97,Sciences sociales,Capitale-Nationale,G1R,153727,11,22.2,0,1
C013259,27.16,Sciences sociales,Montreal,H3T,34238,13,19.4,0,0
C003699,27.84,Sciences sociales,Capitale-Nationale,G1V,49261,9,11.4,0,0
C012889,23.81,Sciences,Capitale-Nationale,G1R,139369,11,21.3,0,0
C012051,26.63,Arts et lettres,Cote-Nord,G0G,33148,14,208.7,0,0
C010206,26.09,Sante,Capitale-Nationale,G3A,75120,7,15.1,1,0
C005290,27.29,Sciences sociales,Capitale-Nationale,G2E,67711,8,47.3,0,0
C010013,29.96,Sante,Cote-Nord,G5B,66621,14,252.2,0,0
C011433,26.32,Sante,Capitale-Nationale,G3A,62274,18,7.3,0,1
C007823,21.08,Sante,Montreal,H1A,51522,5,8.9,0,0
C004863,27.1,Genie,Capitale-Nationale,G1V,124126,9,7.0,1,1
C008286,29.07,Sciences sociales,Bas-Saint-Laurent,G0L,92729,17,101.6,1,1
C011769,21.38,Genie,Montreal,H3T,51848,9,11.6,1,0
C007650,28.64,Sciences sociales,Gaspesie-Iles-de-la-Madeleine,G0C,35612,13,138.3,1,0
C007961,27.09,Sante,Montreal,H3T,42280,6,16.2,0,0
C011716,26.56,Genie,Bas-Saint-Laurent,G0L,28160,11,112.9,0,0
C007186,28.1,Sciences,Montreal,H1A,48872,9,8.7,1,0
C005929,31.0,Sciences,Montreal,H3T,68871,12,18.7,0,1
C013359,30.39,Sciences sociales,Bas-Saint-Laurent,G5N,58173,8,340.5,1,1
C013500,27.3,Sciences,Cote-Nord,G4R,39281,14,165.0,1,0
C012615,25.28,Sante,Cote-Nord,G0G,50135,13,171.9,0,0
C000117,24.63,Sante,Montreal,H1A,79462,9,16.2,0,0
C005572,26.4,Genie,Montreal,H4L,111938,11,4.1,0,1
C009762,25.69,Sciences sociales,Gaspesie-Iles-de-la-Madeleine,G4X,64996,12,216.2,0,0
C007297,28.94,Genie,Bas-Saint-Laurent,G5N,85946,23,291.1,0,1
C002449,29.17,Arts et lettres,Capitale-Nationale,G1V,96064,10,33.5,0,0
C012786,29.78,Genie,Montreal,H1A,61236,7,13.0,0,1
C010124,25.63,Sciences,Montreal,H8N,76989,11,4.9,0,0
C004805,29.76,Sante,Gaspesie-Iles-de-la-Madeleine,G0C,35984,17,111.7,1,1
C009652,23.26,Sante,Bas-Saint-Laurent,G5N,89850,8,158.1,0,0
C010921,34.44,Genie,Montreal,H3T,95549,9,23.3,0,1
C010950,25.98,Genie,Montreal,H2X,39461,8,17.6,0,0
C011312,31.07,Sciences,Montreal,H4L,125786,8,22.2,0,1
C004280,26.21,Arts et lettres,Cote-Nord,G0G,73217,17,379.9,0,0
C010930,26.21,Genie,Gaspesie-Iles-de-la-Madeleine,G0C,23973,14,235.6,0,0
C012969,26.95,Sciences sociales,Montreal,H1A,48819,7,8.7,0,0
C002137,29.73,Genie,Cote-Nord,G5B,60451,14,133.6,0,1
C001659,25.9,Sciences sociales,Montreal,H8N,86130,13,31.6,0,1
C010375,26.36,Sante,Bas-Saint-Laurent,G5N,40836,10,197.2,0,0
C010259,26.63,Arts et lettres,Montreal,H8N,64427,5,29.0,0,0
C003503,28.9,Genie,Montreal,H8N,49566,9,17.6,1,1
C012958,27.9,Sante,Gaspesie-Iles-de-la-Madeleine,G5C,36146,12,181.4,1,0
C011454,27.43,Sciences,Capitale-Nationale,G3A,152748,6,28.2,0,1
C002388,32.49,Genie,Cote-Nord,G4R,52616,10,351.0,1,1
C007386,30.22,Arts et lettres,Gaspesie-Iles-de-la-Madeleine,G5C,87385,16,380.4,0,1
C010609,25.76,Arts et lettres,Montreal,H8N,93029,8,54.2,1,0
C005114,28.14,Sciences sociales,Gaspesie-Iles-de-la-Madeleine,G5C,94643,14,95.3,0,0
C002126,29.7,Sciences sociales,Montreal,H3T,60812,9,14.1,0,1
C013660,28.18,Arts et lettres,Bas-Saint-Laurent,G5L,58603,16,119.4,0,1
C007087,29.31,Genie,Montreal,H2X,63706,19,23.4,0,1
C006386,22.07,Sante,Montreal,H4L,99827,12,14.5,1,0
C002970,32.87,Sciences,Capitale-Nationale,G1V,50538,12,7.1,0,1
C013938,22.53,Sciences,Capitale-Nationale,G2E,80777,14,32.5,1,0
C012304,27.12,Genie,Cote-Nord,G4R,41939,8,56.8,0,0
C002755,26.16,Sciences sociales,Montreal,H3T,58284,12,14.6,0,0
C002896,32.48,Genie,Montreal,H2X,51561,12,13.1,0,1
C010980,27.87,Sciences,Capitale-Nationale,G1R,61096,8,11.4,1,0
C012630,26.65,Sciences,Gaspesie-Iles-de-la-Madeleine,G0C,56995,13,453.0,1,1
C004511,24.84,Sciences,Capitale-Nationale,G1R,102326,13,10.7,0,0
C005898,29.33,Genie,Bas-Saint-Laurent,G5L,25051,13,489.3,0,0
C002251,33.25,Genie,Montreal,H2X,113041,11,6.2,1,1
C008087,27.71,Sciences,Gaspesie-Iles-de-la-Madeleine,G0C,94498,14,258.9,0,0
C009907,25.19,Arts et lettres,Montreal,H8N,59861,3,6.6,0,0
C001044,22.87,Genie,Montreal,H8N,68974,7,21.4,0,0
C004526,28.4,Genie,Montreal,H3T,85993,8,18.0,0,0
C009677,27.42,Genie,Montreal,H3T,80095,8,16.5,1,1
C001946,27.76,Sciences,Montreal,H2X,93011,12,12.5,0,1
C008621,30.21,Sciences sociales,Bas-Saint-Laurent,G5L,71353,16,287.3,1,1
C009836,21.36,Genie,Montreal,H2X,67163,10,10.7,0,0
C008828,23.1,Sciences sociales,Montreal,H4L,157945,8,21.7,0,0
C009042,27.63,Sciences,Gaspesie-Iles-de-la-Madeleine,G5C,76047,11,56.3,1,0
C004840,30.26,Genie,Gaspesie-Iles-de-la-Madeleine,G5C,34294,15,454.9,1,1
C009809,27.55,Genie,Cote-Nord,G0G,63998,13,188.4,0,0
C006253,25.16,Arts et lettres,Bas-Saint-Laurent,G0L,69226,14,91.8,1,0
C000152,28.15,Sciences,Gaspesie-Iles-de-la-Madeleine,G5C,69135,11,285.6,1,0
C007532,28.15,Sciences,Montreal,H8N,86508,6,16.6,1,0
C001248,28.48,Sante,Gaspesie-Iles-de-la-Madeleine,G0C,50157,10,259.4,1,0
C007725,24.79,Sciences,Capitale-Nationale,G1V,95681,11,3.5,0,0
C010099,25.38,Arts et lettres,Montreal,H3T,47869,10,33.1,0,0
C007060,27.35,Sante,Montreal,H4L,97619,6,17.4,1,1
C002502,22.53,Sciences sociales,Cote-Nord,G5B,63607,16,126.7,1,0
C006273,28.21,Genie,Capitale-Nationale,G1R,67182,8,38.2,0,1
C001931,27.96,Sciences sociales,Cote-Nord,G4R,44164,16,272.5,0,0
C005090,29.34,Genie,Cote-Nord,G5B,45393,6,275.9,1,0
C011056,21.93,Sciences sociales,Montreal,H1A,19831,16,10.4,0,0
C008889,26.3,Sciences,Montreal,H2X,75436,7,19.7,1,1
C010250,27.4,Arts et lettres,Gaspesie-Iles-de-la-Madeleine,G4X,93330,15,162.4,0,0
C005877,31.1,Sciences,Gaspesie-Iles-de-la-Madeleine,G0C,58001,6,464.3,1,1
C011010,25.57,Sante,Bas-Saint-Laurent,G5L,43881,10,144.1,0,0
C001284,28.7,Genie,Bas-Saint-Laurent,G5N,56409,14,258.0,0,0
C011715,23.81,Arts et lettres,Capitale-Nationale,G2E,58191,13,7.9,1,0
C011489,30.91,Sante,Capitale-Nationale,G2E,116615,7,27.3,1,1
C008489,29.1,Genie,Cote-Nord,G0G,53309,9,124.6,0,1
C011105,26.52,Arts et lettres,Montreal,H2X,46883,12,25.8,0,0
C006002,28.38,Genie,Gaspesie-Iles-de-la-Madeleine,G0C,63917,13,161.3,0,1
C007670,32.07,Sante,Capitale-Nationale,G1V,54209,4,30.3,1,1
C002919,26.95,Sante,Montreal,H1A,52425,4,54.4,0,0
C011598,32.24,Sciences,Montreal,H4L,99161,8,15.5,0,1
C010114,28.88,Sciences sociales,Montreal,H8N,86802,9,16.6,1,0
C005937,26.02,Sciences,Montreal,H8N,75213,10,6.6,0,0
C007640,23.34,Sciences sociales,Gaspesie-Iles-de-la-Madeleine,G5C,30264,16,311.7,1,0
C011943,25.78,Sciences,Gaspesie-Iles-de-la-Madeleine,G0C,47866,15,551.1,1,0
C011106,29.28,Sciences sociales,Montreal,H2X,96062,14,14.7,0,1
C000047,22.61,Sante,Montreal,H1A,91480,13,2.2,0,0
C002140,26.7,Sciences,Cote-Nord,G0G,52632,11,160.1,1,0
C008256,26.17,Sante,Capitale-Nationale,G2E,79394,12,8.5,1,1
C013126,25.64,Arts et lettres,Montreal,H1A,96792,8,3.6,0,0
C012765,32.06,Sciences sociales,Capitale-Nationale,G2E,86449,11,6.5,1,1
C009889,26.89,Sante,Montreal,H2X,61235,8,30.0,1,0
C009209,26.75,Sciences sociales,Montreal,H4L,44946,7,20.2,1,0
C008632,27.08,Sciences sociales,Bas-Saint-Laurent,G0L,90754,16,359.5,0,0
C007128,28.51,Sciences sociales,Montreal,H2X,68755,11,16.3,0,1
C007600,27.11,Sante,Gaspesie-Iles-de-la-Madeleine,G4X,41683,17,424.9,1,0
C002414,29.76,Sciences,Montreal,H8N,138977,14,35.6,0,1
C007605,30.11,Sciences,Montreal,H4L,121380,6,2.6,1,0
C006340,29.06,Sciences sociales,Capitale-Nationale,G1R,72520,5,9.8,0,1
C013406,25.33,Genie,Montreal,H3T,60805,10,19.4,0,0
C002041,32.45,Sciences sociales,Montreal,H3T,43449,9,22.9,0,1
C007882,30.71,Sciences sociales,Montreal,H8N,53122,11,4.1,0,1
C003560,26.42,Sante,Montreal,H2X,55785,7,24.2,0,0
C013548,28.34,Sciences sociales,Bas-Saint-Laurent,G5N,58608,20,239.3,1,0
C006731,27.95,Arts et lettres,Cote-Nord,G5B,75585,15,353.6,0,0
C008250,26.23,Sciences,Cote-Nord,G5B,31005,12,157.1,1,0
C010034,22.93,Sante,Montreal,H1A,59857,6,0.7,0,0
C000805,26.38,Genie,Gaspesie-Iles-de-la-Madeleine,G0C,57453,6,360.5,1,0
C002994,28.24,Arts et lettres,Gaspesie-Iles-de-la-Madeleine,G4X,56354,14,141.8,0,0
C005974,25.49,Sciences,Montreal,H3T,61870,9,8.1,0,0
C013246,23.05,Sciences sociales,Cote-Nord,G5B,37129,18,69.1,0,0
C005087,28.49,Genie,Montreal,H2X,91230,9,24.2,0,1
C004020,33.02,Sciences,Cote-Nord,G5B,58741,12,190.0,1,1
C004846,24.87,Sciences sociales,Montreal,H3T,57049,5,8.8,1,0
C007837,30.08,Sciences,Gaspesie-Iles-de-la-Madeleine,G5C,18722,18,102.3,0,1
C012604,30.27,Genie,Gaspesie-Iles-de-la-Madeleine,G0C,69256,14,253.6,0,0
C002474,32.71,Sante,Gaspesie-Iles-de-la-Madeleine,G4X,56230,15,146.4,0,1
C004618,28.46,Sante,Gaspesie-Iles-de-la-Madeleine,G4X,38337,9,253.2,1,1
C002838,25.69,Genie,Bas-Saint-Laurent,G5L,99095,12,226.7,1,0
C007107,29.32,Genie,Bas-Saint-Laurent,G0L,51558,12,236.7,1,1
C012232,26.46,Sciences,Montreal,H4L,40702,10,14.9,1,0
C009513,24.38,Sciences,Montreal,H8N,74808,12,61.2,1,0
C006855,29.7,Sciences,Montreal,H3T,42175,10,3.6,0,0
C002834,22.96,Sciences sociales,Capitale-Nationale,G2E,48485,9,33.8,0,0
C005226,26.6,Arts et lettres,Capitale-Nationale,G3A,42634,6,17.3,0,0
C013742,26.18,Arts et lettres,Bas-Saint-Laurent,G5L,31411,14,254.8,1,0
C010998,24.83,Arts et lettres,Montreal,H2X,90790,7,22.0,0,0
C009322,29.26,Sciences sociales,Montreal,H2X,58446,8,30.6,0,1
C009926,25.55,Sante,Cote-Nord,G0G,136217,11,57.7,0,0
C010068,30.49,Genie,Montreal,H4L,65624,14,35.9,0,1
C003780,23.15,Arts et lettres,Capitale-Nationale,G2E,51862,10,16.0,0,0
C005775,28.06,Sante,Montreal,H1A,33126,11,19.5,0,1
C000789,26.17,Sciences,Montreal,H8N,107926,12,26.1,0,0
C010787,27.8,Genie,Bas-Saint-Laurent,G5N,36887,12,364.6,0,0
C013520,30.18,Genie,Cote-Nord,G4R,50638,11,169.5,1,1
C005523,25.78,Sante,Bas-Saint-Laurent,G5N,82448,11,205.3,1,0
C003171,26.27,Sciences,Capitale-Nationale,G3A,57154,7,7.8,1,0
C005088,32.07,Sciences sociales,Capitale-Nationale,G1R,66600,7,48.5,0,1
C000717,30.51,Sciences sociales,Capitale-Nationale,G1R,62708,9,38.0,0,1
C007836,28.19,Arts et lettres,Capitale-Nationale,G2E,105458,3,7.5,0,0
C009576,31.18,Sciences sociales,Bas-Saint-Laurent,G5L,46211,12,375.4,1,0
C004030,25.31,Genie,Montreal,H8N,55380,7,26.1,1,0
C005754,25.67,Sciences sociales,Montreal,H2X,64741,4,2.2,0,0
C013163,33.69,Sciences,Cote-Nord,G5B,169359,15,299.3,1,1
C012159,25.36,Sciences,Capitale-Nationale,G3A,69849,7,15.1,0,0
C008049,25.78,Sciences sociales,Gaspesie-Iles-de-la-Madeleine,G4X,27112,17,201.6,1,0
C001115,28.89,Sciences sociales,Bas-Saint-Laurent,G5L,18777,7,166.2,0,0
C000402,22.05,Sciences,Bas-Saint-Laurent,G5L,37741,9,136.2,1,0
C000819,33.32,Genie,Bas-Saint-Laurent,G5N,23475,8,257.7,0,1
C007677,25.01,Sciences,Bas-Saint-Laurent,G5L,37625,8,194.1,1,0
C005216,30.35,Sciences sociales,Montreal,H8N,93303,7,29.4,0,1
C006806,31.66,Sciences,Montreal,H3T,92525,8,10.1,0,1
C009264,24.62,Genie,Montreal,H2X,145930,10,7.1,0,0
C003650,27.13,Genie,Montreal,H1A,96683,8,24.8,0,0
C004939,24.4,Genie,Capitale-Nationale,G1V,77966,16,62.3,0,0
C011148,30.93,Arts et lettres,Capitale-Nationale,G1V,94993,10,1.9,0,1
C012445,31.54,Sciences,Montreal,H8N,161859,8,18.3,0,1
C002097,26.44,Genie,Bas-Saint-Laurent,G0L,63051,11,156.8,0,0
C000620,21.89,Genie,Cote-Nord,G4R,87587,13,321.5,0,0
C005057,26.78,Arts et lettres,Montreal,H3T,101187,6,26.9,1,1
C009116,29.16,Sante,Montreal,H3T,56116,4,35.5,0,1
C006343,27.96,Sciences,Cote-Nord,G0G,53442,11,291.6,0,0
C005769,28.76,Genie,Montreal,H3T,73580,10,20.7,1,1
C007397,26.21,Sciences sociales,Capitale-Nationale,G2E,121836,10,2.1,0,0
C004605,31.9,Sciences,Capitale-Nationale,G1V,76228,14,14.1,0,1
C006666,28.03,Sciences,Montreal,H1A,90388,10,34.6,0,1
C009899,30.82,Genie,Gaspesie-Iles-de-la-Madeleine,G5C,59701,14,356.7,0,1
C011789,24.97,Sciences,Montreal,H4L,35498,5,27.1,1,0
C002646,24.79,Sciences sociales,Cote-Nord,G0G,44537,12,157.7,1,0
C001066,31.15,Genie,Montreal,H4L,86445,6,8.0,0,1
C009974,29.3,Arts et lettres,Cote-Nord,G0G,40111,14,218.9,0,0
C009426,27.89,Genie,Cote-Nord,G5B,24027,12,378.4,0,0
C009254,26.96,Genie,Bas-Saint-Laurent,G0L,77666,11,232.4,0,0
C004255,26.52,Sciences,Montreal,H8N,99413,8,7.5,0,0
C006730,26.83,Sante,Gaspesie-Iles-de-la-Madeleine,G5C,59522,9,197.1,0,0
C012120,27.77,Sciences sociales,Bas-Saint-Laurent,G5N,89333,11,133.5,1,0
C007031,29.5,Sciences,Montreal,H1A,91914,11,20.2,1,1
C003443,24.58,Sante,Montreal,H4L,56914,11,13.8,0,0
C007000,27.78,Genie,Montreal,H2X,65848,13,15.7,1,1
C008118,32.1,Arts et lettres,Cote-Nord,G0G,26589,13,105.6,0,1
C006937,32.03,Sciences sociales,Bas-Saint-Laurent,G5L,78304,15,201.1,1,1
C003304,28.14,Genie,Montreal,H1A,73342,12,27.0,0,1
C001426,28.04,Sante,Gaspesie-Iles-de-la-Madeleine,G0C,32630,11,84.6,1,0
C000877,27.4,Arts et lettres,Capitale-Nationale,G2E,245374,11,1.0,0,1
C002540,23.82,Arts et lettres,Cote-Nord,G5B,21332,14,527.6,0,0
C000193,25.91,Sante,Montreal,H2X,78709,10,5.6,1,1
C001889,29.51,Sante,Capitale-Nationale,G1R,107243,8,32.4,0,1
C000156,30.24,Sciences,Gaspesie-Iles-de-la-Madeleine,G0C,138766,13,83.4,1,1
C003742,24.76,Sciences sociales,Bas-Saint-Laurent,G5L,36064,10,233.2,0,0
C013563,29.61,Sciences sociales,Capitale-Nationale,G1R,35520,3,21.0,1,0
C000808,22.06,Arts et lettres,Capitale-Nationale,G3A,50087,10,17.5,1,0
C005522,29.61,Sante,Bas-Saint-Laurent,G5L,65686,16,347.4,1,1
C001321,22.24,Arts et lettres,Capitale-Nationale,G1V,116375,8,44.0,0,0
C005873,28.56,Genie,Capitale-Nationale,G3A,82797,7,20.1,0,0
C002043,26.36,Sante,Capitale-Nationale,G1R,81336,11,22.1,0,0
C007121,28.77,Sciences sociales,Montreal,H8N,48826,6,12.2,1,0
C002437,28.41,Genie,Gaspesie-Iles-de-la-Madeleine,G0C,55009,14,280.5,1,0
C013150,31.26,Genie,Montreal,H2X,102932,7,15.8,1,1
C011949,23.98,Genie,Cote-Nord,G4R,53283,14,443.1,1,0
C003673,29.39,Genie,Montreal,H8N,75460,9,23.3,0,1
C012755,26.61,Sciences sociales,Montreal,H4L,60827,7,53.6,0,0
C010974,27.27,Sciences,Capitale-Nationale,G3A,66524,15,19.8,0,1
C011950,25.78,Sante,Gaspesie-Iles-de-la-Madeleine,G0C,48270,10,168.8,0,0
C006165,32.96,Arts et lettres,Capitale-Nationale,G3A,104391,3,6.5,0,1
C013772,31.25,Sante,Montreal,H4L,105396,6,63.3,0,1
C002792,27.05,Sante,Cote-Nord,G5B,77857,10,243.0,1,0
C007757,33.82,Sciences sociales,Capitale-Nationale,G1V,93861,11,3.1,0,1
C010691,22.62,Sciences sociales,Montreal,H1A,130231,9,56.7,0,0
C009385,27.32,Sciences,Capitale-Nationale,G3A,32654,7,7.6,0,0
C002848,26.69,Sciences,Montreal,H4L,53696,14,25.6,0,0
C003187,29.26,Genie,Montreal,H4L,120970,13,41.4,1,1
C007076,27.44,Sciences,Montreal,H1A,99870,9,12.0,0,0
C005764,29.92,Genie,Gaspesie-Iles-de-la-Madeleine,G5C,64875,9,228.4,0,0
C004995,26.74,Sciences,Capitale-Nationale,G2E,83198,18,19.9,0,1
C008558,30.11,Sciences sociales,Capitale-Nationale,G1V,96464,12,23.6,1,1
C006656,27.29,Sante,Capitale-Nationale,G3A,87707,8,13.3,0,0
C008850,22.69,Sciences,Capitale-Nationale,G1R,80319,10,34.0,0,0
C012351,28.83,Sciences sociales,Capitale-Nationale,G3A,63863,12,19.9,1,0
C002213,23.98,Sante,Cote-Nord,G4R,76312,14,272.4,0,0
C011968,26.55,Genie,Gaspesie-Iles-de-la-Madeleine,G0C,51962,7,132.5,0,0
C004926,31.87,Sante,Montreal,H3T,30137,16,11.0,0,1
C009309,31.22,Sciences,Montreal,H3T,29432,9,11.4,0,1
C004009,31.93,Sciences sociales,Bas-Saint-Laurent,G0L,21070,15,246.1,1,1
C006153,19.37,Sciences sociales,Montreal,H4L,83767,10,7.8,0,0
C012235,31.73,Arts et lettres,Montreal,H8N,85163,8,19.1,0,1
C013022,28.34,Sciences,Capitale-Nationale,G1V,69470,9,3.7,0,0
C010054,29.28,Sciences sociales,Montreal,H4L,60774,9,19.0,0,1
C013184,28.38,Sciences sociales,Capitale-Nationale,G1V,54753,11,6.4,1,0
C008742,28.64,Sciences,Bas-Saint-Laurent,G5L,53617,11,297.4,0,0
C006302,28.29,Arts et lettres,Montreal,H1A,99228,8,21.9,0,1
C012481,25.51,Genie,Bas-Saint-Laurent,G5L,72483,10,180.3,1,0
C003260,29.77,Sciences,Capitale-Nationale,G3A,103174,7,20.2,0,1
C011096,31.67,Sciences sociales,Montreal,H3T,56340,7,20.6,0,1
C006474,28.59,Sante,Gaspesie-Iles-de-la-Madeleine,G4X,37188,14,136.5,0,0
C011094,24.33,Sante,Montreal,H1A,110186,2,16.6,0,0
C004034,25.45,Sciences sociales,Cote-Nord,G4R,50531,17,235.2,0,0
C004302,29.55,Sciences,Gaspesie-Iles-de-la-Madeleine,G0C,38000,14,284.0,0,0
C006486,29.79,Sciences sociales,Gaspesie-Iles-de-la-Madeleine,G5C,35887,12,52.2,0,1
C013422,26.71,Sciences sociales,Bas-Saint-Laurent,G5N,34464,12,118.1,1,0
C004223,29.11,Sciences,Gaspesie-Iles-de-la-Madeleine,G4X,34950,15,283.0,1,0
C010801,23.35,Sciences sociales,Montreal,H4L,98384,11,55.4,0,0
C011911,24.27,Sciences sociales,Capitale-Nationale,G1V,32279,7,30.6,1,0
C000246,25.15,Sciences,Cote-Nord,G5B,31535,16,48.6,1,0
C013515,23.85,Genie,Gaspesie-Iles-de-la-Madeleine,G0C,49095,6,156.7,1,0
C006516,26.29,Arts et lettres,Gaspesie-Iles-de-la-Madeleine,G0C,58646,16,117.6,0,0
C006006,28.86,Sciences,Montreal,H3T,91638,7,40.2,0,0
C006188,32.2,Sciences sociales,Bas-Saint-Laurent,G5L,116709,16,261.2,0,1
C012728,25.38,Arts et lettres,Capitale-Nationale,G1V,56355,3,25.3,0,0
C009966,31.12,Arts et lettres,Montreal,H2X,87677,7,18.1,0,1
C004881,24.11,Sciences,Montreal,H1A,75106,9,27.9,0,0
C005300,27.1,Sciences sociales,Montreal,H2X,67980,7,24.6,1,0
C007889,28.18,Sante,Montreal,H3T,50268,8,19.2,0,0
C003146,26.68,Sante,Cote-Nord,G5B,54105,14,143.9,0,0
C012436,31.09,Sante,Montreal,H4L,30868,11,24.7,1,1
C012594,27.42,Sante,Bas-Saint-Laurent,G0L,93966,14,362.8,0,0
C001394,23.81,Sante,Montreal,H1A,47251,14,28.1,0,0
C002365,26.48,Sante,Montreal,H3T,76092,9,10.4,0,0
C006326,31.92,Sciences sociales,Gaspesie-Iles-de-la-Madeleine,G5C,43403,15,270.0,1,1
C009662,22.84,Sciences,Capitale-Nationale,G1R,45995,10,14.4,1,0
C010239,19.35,Sciences,Montreal,H4L,44139,9,15.1,0,0
C007209,28.21,Sciences,Gaspesie-Iles-de-la-Madeleine,G4X,65492,19,234.3,1,1
C009852,34.18,Arts et lettres,Bas-Saint-Laurent,G0L,61131,12,81.6,0,1
C001526,22.57,Sciences sociales,Montreal,H2X,91898,11,23.1,0,0
C009566,27.17,Sciences sociales,Montreal,H2X,60147,8,3.5,0,0
C006267,24.55,Sciences sociales,Montreal,H3T,47563,12,39.9,0,0
C001289,24.8,Sciences sociales,Capitale-Nationale,G1V,75395,8,3.5,0,0
C007832,27.81,Arts et lettres,Montreal,H2X,115518,13,6.3,1,0
C002740,27.86,Sciences sociales,Cote-Nord,G4R,34004,15,127.5,0,0
C005365,26.84,Sciences,Montreal,H8N,102810,12,79.0,0,1
C004152,29.35,Genie,Gaspesie-Iles-de-la-Madeleine,G0C,30473,11,233.9,0,0
C001759,30.64,Sciences sociales,Montreal,H1A,46623,12,8.7,0,1
C003466,29.65,Sante,Montreal,H4L,42473,8,5.1,1,1
C012966,28.9,Genie,Montreal,H8N,166368,13,9.2,0,1
C011085,26.98,Sante,Bas-Saint-Laurent,G0L,71374,13,227.5,0,0
C001641,29.39,Sciences sociales,Montreal,H3T,78524,12,27.4,0,1
C009651,26.14,Sciences,Cote-Nord,G5B,75505,9,196.1,1,0
C005431,34.99,Sciences sociales,Montreal,H1A,19481,11,36.8,0,1
C008415,30.18,Sciences,Capitale-Nationale,G3A,94070,10,7.0,0,1
C012456,34.36,Sciences,Montreal,H1A,44997,11,39.7,1,1
C002268,34.66,Arts et lettres,Capitale-Nationale,G1V,82387,7,8.7,0,1
C004243,25.21,Sciences sociales,Gaspesie-Iles-de-la-Madeleine,G0C,60722,11,331.6,0,0
C000750,27.81,Arts et lettres,Montreal,H2X,37599,14,25.1,0,0
C011755,24.72,Sciences sociales,Montreal,H8N,94665,15,9.5,1,0
C001223,28.56,Genie,Montreal,H8N,110428,10,10.2,0,1
C001695,24.12,Sante,Capitale-Nationale,G1V,113947,12,5.3,0,0
C005314,26.37,Genie,Montreal,H1A,81922,9,17.1,0,0
C012575,27.66,Genie,Montreal,H8N,51308,9,8.7,1,0
C009245,27.17,Genie,Bas-Saint-Laurent,G5L,42033,9,118.2,1,0
C002611,25.85,Sante,Capitale-Nationale,G1R,62836,8,20.2,0,0
C004629,29.14,Sciences sociales,Bas-Saint-Laurent,G5L,23454,15,450.0,0,1
C012255,26.86,Arts et lettres,Gaspesie-Iles-de-la-Madeleine,G4X,39369,9,65.3,1,0
C003858,34.53,Sciences,Montreal,H1A,71053,9,21.5,1,1
C012101,26.04,Genie,Montreal,H4L,107250,11,27.5,1,0
C006046,27.14,Arts et lettres,Montreal,H8N,73476,10,8.6,0,0
C006572,29.67,Sciences sociales,Montreal,H4L,77999,11,39.0,0,1
C009612,28.53,Sciences sociales,Gaspesie-Iles-de-la-Madeleine,G4X,56199,11,235.9,0,0
C010680,27.91,Arts et lettres,Capitale-Nationale,G1R,156840,11,36.4,1,1
C003286,28.23,Sciences,Montreal,H8N,71938,9,7.2,0,0
C011367,32.08,Sciences,Cote-Nord,G5B,80901,15,195.5,0,1
C002353,30.36,Sante,Montreal,H2X,85174,6,14.9,0,1
C013366,25.9,Genie,Cote-Nord,G0G,39060,18,149.6,1,0
C006905,25.58,Genie,Montreal,H2X,64086,7,15.2,0,0
C008115,29.89,Sante,Cote-Nord,G5B,33339,17,32.3,0,0
C006127,25.46,Sante,Cote-Nord,G0G,48790,9,190.2,0,0
C011165,33.94,Sciences,Montreal,H4L,66358,4,16.7,0,1
C013062,29.21,Arts et lettres,Cote-Nord,G0G,46807,15,48.8,0,1
C008230,28.89,Sante,Capitale-Nationale,G1R,98179,11,57.0,1,1
C006392,30.5,Sciences sociales,Capitale-Nationale,G3A,67131,5,10.2,0,1
C005025,29.7,Genie,Capitale-Nationale,G2E,40524,14,12.7,1,1
C001724,28.49,Genie,Gaspesie-Iles-de-la-Madeleine,G0C,20620,11,224.6,0,0
C012842,26.2,Sante,Cote-Nord,G0G,45616,16,208.9,1,0
C010092,24.93,Sciences,Bas-Saint-Laurent,G5L,48638,19,323.5,0,0
C012396,30.06,Sciences sociales,Montreal,H1A,38965,10,9.4,0,1
C003024,25.9,Sciences sociales,Montreal,H8N,93730,6,38.2,0,0
C005011,21.22,Arts et lettres,Capitale-Nationale,G1R,42084,10,13.8,0,0
C002982,27.37,Sciences,Cote-Nord,G0G,41480,7,131.6,1,0
C011059,26.86,Sante,Capitale-Nationale,G1V,75802,7,24.9,0,0
C000268,27.56,Genie,Montreal,H1A,55568,11,5.1,1,0
C010319,25.75,Sciences sociales,Montreal,H1A,84353,7,19.0,0,0
C012407,30.04,Genie,Gaspesie-Iles-de-la-Madeleine,G5C,25856,15,148.1,1,0
C007244,28.28,Sciences sociales,Gaspesie-Iles-de-la-Madeleine,G0C,80055,11,186.4,1,0
C003473,26.31,Sante,Cote-Nord,G0G,30476,6,430.9,0,0
C012930,27.71,Sciences,Montreal,H2X,35312,8,43.1,1,1
C000284,26.32,Genie,Gaspesie-Iles-de-la-Madeleine,G4X,38847,16,229.0,1,0
C011980,30.1,Arts et lettres,Montreal,H8N,88769,7,14.0,0,0
C012252,28.86,Sciences,Bas-Saint-Laurent,G5L,106899,13,581.6,0,1
C009827,28.93,Sciences,Capitale-Nationale,G1R,278386,12,17.6,0,1
C006148,32.44,Sante,Montreal,H4L,75391,13,18.1,0,1
C013567,25.76,Sciences,Capitale-Nationale,G2E,42876,12,6.9,1,0
C009647,28.64,Genie,Gaspesie-Iles-de-la-Madeleine,G5C,102497,20,119.0,0,1
C005219,20.9,Arts et lettres,Bas-Saint-Laurent,G5N,40578,8,272.7,1,0
C012197,27.45,Sciences,Bas-Saint-Laurent,G0L,78361,12,130.4,0,0
C001255,23.85,Sciences sociales,Capitale-Nationale,G1V,116084,9,29.6,0,0
C008154,29.8,Genie,Capitale-Nationale,G2E,53541,8,24.8,0,1
C013723,31.85,Genie,Montreal,H8N,39708,14,19.6,0,1
C012240,31.2,Arts et lettres,Montreal,H3T,50005,12,13.2,0,1
C003272,26.71,Sciences sociales,Capitale-Nationale,G3A,82105,8,6.9,0,0
C009390,36.65,Sante,Gaspesie-Iles-de-la-Madeleine,G5C,38178,12,315.0,0,1
C005570,28.46,Genie,Capitale-Nationale,G1R,33415,9,43.7,0,1
C001057,26.31,Arts et lettres,Montreal,H8N,25562,10,12.3,1,0
C011195,26.86,Arts et lettres,Cote-Nord,G4R,26003,11,518.3,0,0
C009886,25.91,Genie,Montreal,H8N,78796,11,13.8,1,1
C005916,24.15,Sciences sociales,Capitale-Nationale,G1R,101176,8,30.4,0,0
C002697,28.38,Sciences,Bas-Saint-Laurent,G0L,51897,15,484.3,0,1
C007044,24.54,Arts et lettres,Capitale-Nationale,G1R,69870,3,17.3,0,0
C001839,28.28,Genie,Bas-Saint-Laurent,G5N,58663,9,73.9,0,0
C013876,32.92,Sciences sociales,Capitale-Nationale,G1R,64323,12,33.5,0,1
C005550,28.31,Arts et lettres,Gaspesie-Iles-de-la-Madeleine,G0C,52536,7,221.0,0,0
C011764,22.73,Sciences,Gaspesie-Iles-de-la-Madeleine,G0C,74505,16,254.5,0,0
C004498,27.93,Genie,Bas-Saint-Laurent,G0L,37742,12,183.9,0,0
C004677,28.36,Sante,Capitale-Nationale,G1V,43016,9,11.0,0,0
C005615,33.0,Genie,Montreal,H8N,58972,5,18.5,1,1
C005415,26.79,Arts et lettres,Bas-Saint-Laurent,G0L,47615,17,711.7,1,1
C012940,25.87,Arts et lettres,Cote-Nord,G0G,46108,14,184.0,0,0
C009695,26.44,Genie,Capitale-Nationale,G2E,75466,9,3.5,0,0
C001415,24.85,Genie,Montreal,H1A,68751,12,7.3,1,0
C012410,27.48,Genie,Cote-Nord,G0G,100000,9,59.9,1,0
C008833,27.57,Sciences sociales,Bas-Saint-Laurent,G0L,46853,18,324.5,1,0
C000529,29.66,Sciences,Montreal,H3T,104636,8,6.9,1,1
C006030,30.44,Sante,Montreal,H8N,120632,8,26.3,0,1
C011663,28.58,Sante,Montreal,H8N,44737,10,38.8,0,1
C005054,30.83,Sciences sociales,Capitale-Nationale,G1V,81654,9,15.2,0,0
C009311,26.57,Genie,Gaspesie-Iles-de-la-Madeleine,G4X,52506,8,182.0,0,0
C012751,29.56,Sciences,Montreal,H4L,81598,8,28.0,0,1
C011834,30.14,Arts et lettres,Gaspesie-Iles-de-la-Madeleine,G4X,27956,12,381.4,0,0
C002891,23.68,Sciences,Capitale-Nationale,G3A,85216,6,7.5,0,0
C012350,24.24,Genie,Gaspesie-Iles-de-la-Madeleine,G4X,77470,15,308.6,1,0
C013383,23.53,Genie,Montreal,H3T,39672,7,64.2,0,0
C001796,27.29,Genie,Cote-Nord,G4R,79376,11,123.0,1,0
C008071,32.09,Sciences sociales,Montreal,H4L,83104,6,3.3,0,1
C007242,22.43,Arts et lettres,Montreal,H3T,63880,9,25.9,1,0
C007970,28.83,Genie,Gaspesie-Iles-de-la-Madeleine,G5C,49765,12,221.1,0,1
C011473,28.0,Genie,Gaspesie-Iles-de-la-Madeleine,G4X,54624,13,111.9,0,0
C000382,24.72,Sciences sociales,Montreal,H3T,86907,8,21.2,0,0
C001987,35.37,Arts et lettres,Montreal,H8N,161359,7,13.6,0,1
C002181,26.69,Sante,Gaspesie-Iles-de-la-Madeleine,G5C,65302,15,244.9,1,0
C011504,25.69,Sciences sociales,Montreal,H4L,73290,6,10.5,0,0
C008331,27.65,Sante,Bas-Saint-Laurent,G0L,70167,13,124.4,0,0
C013245,23.38,Sciences sociales,Gaspesie-Iles-de-la-Madeleine,G0C,43291,15,338.9,0,0
C004219,32.49,Sciences sociales,Montreal,H2X,101223,6,19.2,0,1
C002674,23.33,Arts et lettres,Bas-Saint-Laurent,G0L,49916,7,335.8,1,0
C009028,28.58,Sciences sociales,Capitale-Nationale,G1V,74570,12,37.1,0,1
C006964,24.59,Arts et lettres,Montreal,H4L,59617,8,4.2,0,0
C004989,28.29,Sciences sociales,Capitale-Nationale,G1V,31654,4,16.6,1,0
C011520,30.35,Sciences sociales,Cote-Nord,G4R,55135,14,109.4,1,1
C012803,28.34,Genie,Montreal,H1A,131021,9,35.5,0,1
C004674,20.85,Sciences,Montreal,H4L,58289,3,4.1,0,0
C002695,27.82,Sciences,Capitale-Nationale,G3A,119168,14,9.9,0,0
C009496,32.18,Sante,Cote-Nord,G0G,67679,11,198.9,1,1
C005689,28.6,Sciences sociales,Cote-Nord,G0G,67228,11,14.9,1,1
C006545,31.95,Sante,Montreal,H8N,108368,9,37.6,1,1
C000983,31.0,Genie,Capitale-Nationale,G2E,94543,6,40.0,0,1
C004585,28.52,Sante,Montreal,H1A,42312,7,4.7,0,0
C001427,25.89,Sante,Capitale-Nationale,G2E,107556,10,26.2,0,0
C007717,27.01,Genie,Gaspesie-Iles-de-la-Madeleine,G4X,44259,10,119.8,0,0
C011003,24.94,Genie,Gaspesie-Iles-de-la-Madeleine,G0C,116954,17,315.8,0,0
C011368,25.74,Genie,Bas-Saint-Laurent,G5N,47293,29,318.4,1,0
C005352,25.97,Sante,Bas-Saint-Laurent,G0L,59372,13,140.6,0,0
C003802,29.84,Genie,Gaspesie-Iles-de-la-Madeleine,G4X,36108,4,114.0,0,0
C013807,26.48,Arts et lettres,Montreal,H8N,43082,6,6.6,1,0
C000094,25.12,Sciences sociales,Gaspesie-Iles-de-la-Madeleine,G5C,31165,11,152.5,1,0
C006891,26.91,Genie,Montreal,H1A,85733,10,31.8,0,1
C008980,31.88,Genie,Bas-Saint-Laurent,G0L,63882,11,249.1,0,1
C002208,29.18,Genie,Montreal,H2X,95188,9,49.6,0,1
C008215,34.89,Arts et lettres,Capitale-Nationale,G1R,128084,9,19.1,0,1
C005184,23.39,Genie,Capitale-Nationale,G1R,124246,5,6.0,0,0
C000058,35.36,Sciences,Bas-Saint-Laurent,G5L,38610,15,138.8,1,1
C008819,24.18,Genie,Montreal,H4L,55630,8,12.7,0,0
C002427,21.84,Arts et lettres,Montreal,H4L,75732,9,21.8,0,0
C007553,30.28,Genie,Bas-Saint-Laurent,G0L,58212,17,385.7,0,1
C011073,24.77,Sciences,Montreal,H4L,35157,7,4.6,0,0
C007781,28.0,Sciences,Capitale-Nationale,G2E,99511,7,19.9,0,1
C007733,25.21,Sciences,Cote-Nord,G5B,19464,17,126.8,0,0
C008963,26.24,Sante,Capitale-Nationale,G2E,68310,8,23.4,0,0
C007760,24.5,Genie,Capitale-Nationale,G1R,38661,11,14.8,0,0
C013221,26.11,Arts et lettres,Gaspesie-Iles-de-la-Madeleine,G5C,26810,12,294.2,1,0
C010641,25.02,Genie,Gaspesie-Iles-de-la-Madeleine,G4X,40722,16,121.6,0,0
C008872,26.93,Arts et lettres,Bas-Saint-Laurent,G5L,70748,16,87.8,1,0
C008051,31.83,Sciences sociales,Montreal,H3T,58525,3,7.0,0,1
C008589,24.6,Sante,Gaspesie-Iles-de-la-Madeleine,G5C,35528,21,215.6,1,0
C002030,29.71,Sciences,Bas-Saint-Laurent,G5N,34219,14,182.6,0,1
C012815,31.33,Genie,Capitale-Nationale,G1V,47808,5,21.7,0,0
C005861,28.39,Sciences sociales,Gaspesie-Iles-de-la-Madeleine,G4X,20896,9,165.9,1,0
C006243,28.1,Sciences sociales,Montreal,H2X,42788,9,32.4,1,0
C009646,26.98,Sciences sociales,Gaspesie-Iles-de-la-Madeleine,G5C,50537,10,348.4,0,0
C009735,25.29,Sciences sociales,Bas-Saint-Laurent,G5L,73069,19,94.2,0,0
C004408,25.44,Sciences,Montreal,H8N,69719,11,24.3,0,0
C000905,29.33,Sante,Bas-Saint-Laurent,G5N,75154,13,202.0,0,1
C004650,31.26,Sante,Montreal,H2X,73523,7,8.2,0,1
C012899,25.28,Arts et lettres,Montreal,H1A,24591,9,24.1,1,0
C002143,26.89,Sciences sociales,Gaspesie-Iles-de-la-Madeleine,G4X,22687,13,165.2,0,0
C001968,32.19,Sante,Montreal,H1A,88803,6,15.3,0,1
C007229,26.56,Arts et lettres,Bas-Saint-Laurent,G0L,55069,5,443.0,0,0
C008366,26.18,Sciences sociales,Cote-Nord,G5B,54616,14,280.6,1,0
C004993,25.14,Sciences,Bas-Saint-Laurent,G5N,56017,9,203.3,0,0
C012419,28.37,Arts et lettres,Capitale-Nationale,G2E,67847,13,22.9,0,1
C012483,31.6,Sciences sociales,Montreal,H3T,35764,9,13.6,0,1
C010786,24.74,Sciences,Capitale-Nationale,G1R,81640,8,16.5,1,0
C004455,29.17,Sciences sociales,Capitale-Nationale,G1V,29226,7,3.1,1,0
C010678,26.64,Sciences,Capitale-Nationale,G1V,122289,8,6.3,0,0
C008561,28.09,Sciences sociales,Cote-Nord,G4R,38756,16,237.4,1,0
C013803,31.02,Sciences,Capitale-Nationale,G1V,84767,9,1.8,0,1
C002860,28.29,Genie,Montreal,H2X,75717,5,10.6,0,1
C010570,26.16,Sciences,Bas-Saint-Laurent,G5N,61853,12,313.8,1,0
C001600,31.41,Sciences,Cote-Nord,G0G,36935,10,146.0,1,1
C013153,28.99,Sciences,Montreal,H3T,54206,11,24.2,0,1
C009327,31.39,Genie,Montreal,H3T,86508,5,18.2,0,1
C008971,28.06,Genie,Capitale-Nationale,G2E,75397,13,16.4,0,0
C009362,26.97,Sciences,Montreal,H3T,24436,11,17.6,0,0
C013740,28.51,Sciences,Montreal,H3T,37733,10,19.0,0,1
C011883,27.55,Genie,Montreal,H8N,62092,10,25.4,0,0
C008516,29.13,Arts et lettres,Capitale-Nationale,G1R,91157,9,15.4,0,1
C006874,27.47,Sciences sociales,Gaspesie-Iles-de-la-Madeleine,G0C,43924,12,197.9,1,0
C011700,31.53,Sciences sociales,Capitale-Nationale,G2E,63238,10,15.6,0,1
C004978,29.19,Sciences sociales,Cote-Nord,G5B,95146,12,251.7,1,1
C007417,20.91,Sante,Cote-Nord,G0G,20512,12,180.0,1,0
C006073,28.95,Sciences sociales,Capitale-Nationale,G1R,64141,8,22.5,0,0
C004857,26.84,Sciences sociales,Bas-Saint-Laurent,G0L,110712,10,141.8,0,0
C011255,31.28,Genie,Montreal,H3T,74445,11,23.6,0,1
C001884,34.29,Sciences sociales,Cote-Nord,G5B,54907,13,165.9,0,1
C000376,26.88,Arts et lettres,Cote-Nord,G0G,36399,12,332.0,1,0
C011705,25.76,Genie,Cote-Nord,G0G,22044,14,129.6,1,0
C013775,25.86,Sante,Montreal,H3T,64925,13,24.6,0,0
C009175,30.82,Arts et lettres,Capitale-Nationale,G2E,119517,7,18.1,1,1
C004156,31.42,Sciences,Capitale-Nationale,G3A,64737,6,10.1,0,1
C013069,26.75,Sciences sociales,Cote-Nord,G4R,42903,13,246.6,1,0
C012364,28.08,Genie,Gaspesie-Iles-de-la-Madeleine,G4X,91507,17,81.4,1,1
C000892,27.45,Sciences sociales,Capitale-Nationale,G1R,42655,7,37.5,0,0
C002015,30.51,Sciences,Montreal,H3T,21860,8,31.6,0,1
C002377,27.11,Genie,Bas-Saint-Laurent,G5L,61474,9,385.8,1,0
C000452,28.54,Genie,Capitale-Nationale,G3A,79846,11,17.6,0,1
C004888,29.67,Genie,Montreal,H1A,47773,5,4.3,1,1
C006476,26.1,Sante,Montreal,H8N,67650,6,37.9,0,0
C012416,29.17,Sciences,Montreal,H1A,53482,10,14.8,0,0
C012473,30.24,Arts et lettres,Cote-Nord,G4R,91039,13,285.5,1,1
C011355,28.77,Arts et lettres,Montreal,H2X,46642,9,2.4,0,0
C004478,27.38,Genie,Montreal,H8N,56860,6,66.1,1,0
C004980,26.12,Genie,Capitale-Nationale,G3A,131407,9,20.3,0,0
C007775,30.82,Sciences sociales,Montreal,H3T,77263,9,23.5,0,1
C013779,28.26,Sante,Gaspesie-Iles-de-la-Madeleine,G0C,36145,12,204.3,1,0
C008756,28.71,Sante,Capitale-Nationale,G3A,194414,10,24.9,1,1
C003456,25.51,Genie,Capitale-Nationale,G1R,96207,5,13.4,0,0
C011790,27.04,Sciences,Capitale-Nationale,G1V,82363,10,24.6,1,1
C010451,29.62,Arts et lettres,Montreal,H4L,67137,10,37.1,1,1
C013630,22.59,Genie,Cote-Nord,G4R,93994,17,127.7,1,0
C012027,22.58,Sciences sociales,Gaspesie-Iles-de-la-Madeleine,G5C,53325,17,186.3,1,0
C011448,37.65,Sciences sociales,Montreal,H3T,55469,7,37.7,0,1
C007991,33.75,Sante,Capitale-Nationale,G1V,43827,10,7.7,0,1
C000989,28.15,Sante,Capitale-Nationale,G2E,73032,15,27.3,0,1
C000838,25.75,Sciences sociales,Capitale-Nationale,G3A,53500,9,27.8,0,0
C013991,29.14,Sciences,Montreal,H4L,42643,7,10.5,0,0
C005608,24.96,Sante,Montreal,H1A,86272,11,30.2,0,0
C008471,23.25,Arts et lettres,Cote-Nord,G5B,94706,8,271.3,0,0
C005108,22.49,Sciences,Bas-Saint-Laurent,G0L,56936,10,127.4,0,0
C004446,25.97,Sante,Montreal,H1A,75848,7,3.4,0,0
C010933,32.4,Sciences sociales,Bas-Saint-Laurent,G5L,49067,9,178.8,0,1
C013584,30.48,Sciences,Montreal,H3T,120190,10,42.5,0,1
C013202,28.55,Sciences sociales,Montreal,H1A,209261,8,19.0,0,1
C002117,29.47,Sciences sociales,Montreal,H2X,55938,9,13.9,1,1
C001488,32.12,Genie,Montreal,H1A,199334,5,20.1,1,1
C002348,30.36,Genie,Capitale-Nationale,G3A,64257,11,29.1,1,1
C009925,27.08,Sciences sociales,Capitale-Nationale,G1V,55125,10,25.7,1,0
C010957,28.98,Genie,Montreal,H4L,65838,11,30.9,0,1
C012609,28.03,Arts et lettres,Montreal,H8N,35398,12,30.5,0,0
C009716,26.47,Sante,Cote-Nord,G5B,88636,11,356.0,0,0
C009351,32.46,Arts et lettres,Capitale-Nationale,G1V,108793,13,8.4,0,1
C006164,29.26,Sciences sociales,Capitale-Nationale,G3A,100065,9,70.9,0,1
C010093,29.31,Arts et lettres,Gaspesie-Iles-de-la-Madeleine,G0C,29327,9,93.4,1,0
C002559,30.06,Arts et lettres,Montreal,H1A,118716,7,48.6,0,1
C007002,27.8,Sciences sociales,Gaspesie-Iles-de-la-Madeleine,G5C,63256,12,326.6,1,0
C010227,34.62,Sciences,Capitale-Nationale,G2E,62099,10,5.9,0,1
C005159,25.46,Arts et lettres,Gaspesie-Iles-de-la-Madeleine,G0C,29028,17,319.2,0,0
C003856,27.71,Sante,Capitale-Nationale,G1R,52687,9,35.5,0,0
C012919,26.18,Sante,Montreal,H1A,66247,5,10.7,0,0
C013029,26.08,Sciences,Montreal,H8N,56367,9,20.6,0,0
C006697,30.49,Sante,Capitale-Nationale,G1V,115172,8,19.7,1,1
C000167,32.45,Genie,Capitale-Nationale,G1V,84082,6,14.0,0,1
C009575,24.68,Sante,Montreal,H8N,79904,10,39.5,0,0
C004372,30.36,Genie,Bas-Saint-Laurent,G0L,32480,12,275.4,0,1
C003653,29.46,Genie,Capitale-Nationale,G2E,51329,13,11.0,1,1
C004317,23.91,Sciences,Montreal,H8N,75513,6,7.7,0,0
C001252,29.24,Sciences sociales,Cote-Nord,G5B,41524,17,232.7,1,0
C010917,25.86,Genie,Montreal,H3T,63704,9,6.6,0,0
C002319,25.74,Arts et lettres,Montreal,H1A,86060,14,7.9,0,1
C009996,27.73,Genie,Montreal,H1A,103707,8,13.8,0,0
C006009,31.59,Arts et lettres,Capitale-Nationale,G2E,137494,9,12.8,0,1
C003132,26.83,Sciences sociales,Bas-Saint-Laurent,G5N,48875,11,456.6,1,0
C004709,31.35,Arts et lettres,Montreal,H3T,68309,10,7.0,0,1
C007989,29.91,Sciences sociales,Capitale-Nationale,G2E,60508,4,10.1,0,1
C003647,29.38,Sciences sociales,Montreal,H2X,75185,14,14.5,0,1
C010193,25.86,Sciences sociales,Montreal,H2X,46066,10,24.2,1,0
C008095,31.15,Sciences,Montreal,H2X,38009,12,35.7,0,1
C010038,24.85,Genie,Capitale-Nationale,G1R,52521,9,12.0,0,0
C000278,25.1,Genie,Montreal,H8N,50862,9,9.7,0,0
C003067,27.16,Genie,Montreal,H4L,98689,13,26.2,0,1
C013843,28.75,Genie,Montreal,H2X,105021,9,8.5,0,1
C011011,27.29,Sante,Montreal,H1A,70331,15,33.8,0,0
C000187,28.34,Arts et lettres,Bas-Saint-Laurent,G5L,74751,7,251.8,1,0
C005074,23.06,Sciences,Montreal,H4L,112104,6,17.4,1,0
C004972,23.4,Sciences,Montreal,H1A,51978,8,15.6,0,0
C009895,30.95,Sciences,Montreal,H1A,35483,10,17.6,1,1
C000463,26.54,Sciences,Montreal,H1A,63905,17,13.1,1,1
C008652,29.12,Sciences,Montreal,H8N,127060,6,18.4,0,0
C013258,26.59,Genie,Cote-Nord,G5B,31863,10,156.5,0,0
C002741,26.38,Sante,Cote-Nord,G5B,48140,8,220.8,1,0
C004260,32.42,Sciences sociales,Capitale-Nationale,G1R,104723,9,16.2,1,1
C008948,30.38,Sciences,Montreal,H4L,184610,11,14.1,0,1
C000455,25.64,Genie,Cote-Nord,G4R,41882,19,286.6,1,0
C006971,28.67,Sante,Montreal,H2X,83717,10,8.1,0,0
C012472,32.32,Arts et lettres,Capitale-Nationale,G2E,62881,9,38.7,0,1
C005192,28.78,Sciences,Montreal,H8N,58089,9,9.1,1,1
C009694,25.75,Sante,Bas-Saint-Laurent,G5L,25753,12,420.5,0,0
C000658,29.49,Arts et lettres,Capitale-Nationale,G2E,111941,3,24.3,0,1
C012333,26.19,Sciences sociales,Gaspesie-Iles-de-la-Madeleine,G5C,61538,13,255.4,0,0
C006357,28.71,Sciences sociales,Montreal,H4L,72322,10,11.0,0,1
C012962,24.52,Sciences,Montreal,H8N,116151,9,40.6,0,0
C012015,31.04,Genie,Capitale-Nationale,G1R,248084,14,1.6,0,1
C005204,30.15,Arts et lettres,Gaspesie-Iles-de-la-Madeleine,G5C,56532,8,335.3,0,1
C000053,31.03,Arts et lettres,Gaspesie-Iles-de-la-Madeleine,G4X,24613,12,60.3,1,1
C009746,25.42,Genie,Montreal,H8N,67452,6,6.4,0,0
C011208,26.42,Sante,Capitale-Nationale,G1V,40208,5,8.6,0,0
C003622,25.96,Genie,Capitale-Nationale,G1R,143090,8,5.5,0,0
C006608,25.7,Sciences sociales,Montreal,H8N,31740,13,15.5,1,0
C005879,29.35,Arts et lettres,Capitale-Nationale,G3A,68814,10,12.6,0,1
C002479,23.4,Sciences,Capitale-Nationale,G1R,74968,10,39.0,1,0
C011862,26.26,Genie,Capitale-Nationale,G1R,43376,5,44.7,0,0
C005145,27.57,Sciences sociales,Gaspesie-Iles-de-la-Madeleine,G4X,44420,20,411.9,0,1
C004277,24.4,Sciences,Montreal,H8N,37097,8,29.3,0,0
C005394,30.84,Sciences sociales,Montreal,H2X,49004,8,52.3,0,1
C004201,30.86,Sciences sociales,Gaspesie-Iles-de-la-Madeleine,G0C,98434,11,83.9,1,1
C009830,28.43,Genie,Montreal,H4L,62629,6,26.3,1,0
C004829,26.99,Sante,Montreal,H8N,68105,12,27.4,0,0
C003875,22.72,Sante,Gaspesie-Iles-de-la-Madeleine,G5C,36214,16,469.1,1,0
C000859,30.88,Genie,Montreal,H8N,52292,8,7.6,0,1
C010383,25.23,Sciences sociales,Montreal,H2X,62278,10,19.0,0,0
C004617,26.55,Sante,Gaspesie-Iles-de-la-Madeleine,G4X,20477,10,344.8,0,0
C007431,30.71,Genie,Capitale-Nationale,G1V,75245,14,7.1,0,1
C013416,24.07,Sciences,Capitale-Nationale,G1R,173556,4,46.8,1,0
C010113,29.76,Genie,Capitale-Nationale,G2E,56333,9,31.1,0,1
C002880,28.55,Sante,Montreal,H3T,66567,9,27.0,0,1
C002528,25.96,Arts et lettres,Bas-Saint-Laurent,G5L,122006,16,142.9,1,0
C001094,29.87,Sciences,Cote-Nord,G0G,83592,13,186.4,0,1
C011937,29.22,Sante,Cote-Nord,G0G,46871,11,105.1,0,0
C011696,25.62,Sciences,Montreal,H2X,102967,5,5.5,0,0
C011463,29.08,Sciences sociales,Montreal,H4L,86110,10,47.1,0,1
C001877,26.38,Sciences,Montreal,H2X,59678,13,14.0,0,0
C007439,34.02,Sante,Montreal,H2X,73820,6,5.6,1,1
C011141,23.59,Arts et lettres,Montreal,H1A,74620,13,5.7,0,0
C000974,25.15,Genie,Gaspesie-Iles-de-la-Madeleine,G5C,75788,19,459.2,0,0
C009374,28.83,Sciences,Gaspesie-Iles-de-la-Madeleine,G0C,87135,12,253.8,1,0
C004515,29.87,Genie,Bas-Saint-Laurent,G0L,45412,12,158.2,0,0
C011553,29.86,Arts et lettres,Gaspesie-Iles-de-la-Madeleine,G4X,79570,8,199.0,0,0
C000576,29.96,Sciences sociales,Montreal,H2X,87262,12,29.9,0,1
C010551,27.52,Sciences,Cote-Nord,G0G,93266,14,166.4,1,0
C011706,32.09,Arts et lettres,Bas-Saint-Laurent,G5N,67619,15,142.5,1,1
C010612,34.99,Sante,Gaspesie-Iles-de-la-Madeleine,G5C,106878,14,186.8,1,1
C007061,27.45,Sciences sociales,Montreal,H2X,48014,9,27.6,1,0
C007784,32.28,Arts et lettres,Montreal,H8N,71383,7,55.7,1,1
C000204,28.48,Sciences sociales,Montreal,H2X,56672,9,42.1,1,1
C002026,28.61,Sciences sociales,Capitale-Nationale,G1V,51798,9,16.6,0,1
C005373,30.04,Genie,Montreal,H2X,63788,9,10.5,0,1
C004603,23.78,Arts et lettres,Bas-Saint-Laurent,G5N,72476,12,76.1,0,0
C007987,26.06,Sciences sociales,Bas-Saint-Laurent,G5L,105229,10,410.4,1,0
C008730,26.45,Genie,Montreal,H3T,84103,6,19.2,1,0
C004314,20.46,Sciences sociales,Cote-Nord,G5B,54673,14,129.2,0,0
C010459,25.79,Sante,Capitale-Nationale,G1R,46047,6,40.2,1,0
C002724,26.58,Genie,Gaspesie-Iles-de-la-Madeleine,G0C,60937,7,184.7,0,0
C009055,29.16,Genie,Montreal,H3T,56376,2,14.6,1,0
C004489,29.23,Genie,Montreal,H8N,63444,3,27.3,0,1
C003386,20.83,Arts et lettres,Gaspesie-Iles-de-la-Madeleine,G0C,63461,11,196.9,0,0
C010559,28.66,Arts et lettres,Montreal,H8N,102134,10,12.5,0,1
C006184,29.32,Sciences,Capitale-Nationale,G1V,52537,7,62.6,0,1
C003589,26.7,Genie,Cote-Nord,G5B,99814,19,327.3,1,1
C005424,29.51,Sciences,Montreal,H2X,86136,10,3.9,0,1
C013543,24.71,Sciences,Gaspesie-Iles-de-la-Madeleine,G4X,53522,8,102.0,1,0
C007322,32.09,Sante,Bas-Saint-Laurent,G5L,38334,15,130.1,0,1
C002200,30.62,Arts et lettres,Bas-Saint-Laurent,G5L,57009,8,58.0,0,1
C001545,28.94,Sante,Cote-Nord,G4R,75968,20,133.7,0,1
C003606,28.1,Sciences sociales,Capitale-Nationale,G1R,72261,9,32.2,0,1
C000720,24.97,Arts et lettres,Gaspesie-Iles-de-la-Madeleine,G5C,39339,13,172.8,0,0
C000535,29.87,Sciences sociales,Cote-Nord,G5B,86786,9,144.2,0,1
C002196,27.95,Sciences sociales,Montreal,H1A,69620,11,11.9,1,1
C000311,25.74,Sciences,Montreal,H2X,40673,9,26.1,1,0
C003460,26.07,Genie,Montreal,H3T,42230,10,37.8,0,0
C011886,24.84,Sciences,Montreal,H1A,39480,9,17.9,0,0
C005540,30.55,Sante,Cote-Nord,G5B,38550,11,270.4,0,1
C000751,28.41,Sciences,Gaspesie-Iles-de-la-Madeleine,G0C,81282,19,204.6,0,1
C008248,28.92,Genie,Montreal,H3T,53007,4,22.1,1,0
C006823,32.63,Sciences sociales,Capitale-Nationale,G2E,36985,11,21.6,0,1
C002908,26.3,Genie,Montreal,H4L,57732,8,12.6,1,0
C003705,25.09,Arts et lettres,Gaspesie-Iles-de-la-Madeleine,G5C,69632,13,83.0,0,0
C012516,33.16,Sciences,Cote-Nord,G4R,94877,14,181.4,1,1
C000687,28.94,Sciences,Capitale-Nationale,G3A,63023,2,10.4,0,1
C008597,20.62,Sciences,Capitale-Nationale,G1R,48871,9,14.3,0,0
C008869,25.87,Genie,Bas-Saint-Laurent,G5N,82202,16,163.8,1,0
C006717,28.64,Sante,Bas-Saint-Laurent,G0L,84846,10,200.9,0,0
C003152,32.37,Sciences,Gaspesie-Iles-de-la-Madeleine,G4X,18866,11,260.2,0,1
C009751,30.53,Sciences,Capitale-Nationale,G3A,168688,8,20.1,0,1
C008141,27.95,Arts et lettres,Capitale-Nationale,G1R,47171,9,3.2,0,0
C002079,24.14,Genie,Montreal,H4L,37034,6,26.2,0,0
C002644,34.24,Sciences sociales,Capitale-Nationale,G1R,47773,9,18.4,0,1
C004122,32.82,Genie,Montreal,H3T,48722,12,13.9,0,1
C002974,22.86,Genie,Gaspesie-Iles-de-la-Madeleine,G0C,56109,12,215.6,1,0
C009353,32.28,Sante,Gaspesie-Iles-de-la-Madeleine,G4X,101703,14,245.4,1,1
C011827,30.52,Genie,Montreal,H4L,59291,8,19.8,0,1
C000826,24.14,Sciences sociales,Montreal,H3T,30260,12,12.8,0,0
C001418,28.87,Arts et lettres,Bas-Saint-Laurent,G5L,35099,9,247.4,1,1
C010932,25.88,Sciences sociales,Montreal,H4L,59247,8,9.2,0,0
C012336,30.29,Genie,Gaspesie-Iles-de-la-Madeleine,G4X,43747,16,85.2,0,1
C013080,33.06,Arts et lettres,Montreal,H3T,94186,13,18.0,0,1
C012784,28.77,Sciences,Montreal,H4L,83838,7,14.8,0,1
C013170,22.2,Arts et lettres,Bas-Saint-Laurent,G0L,22956,10,208.9,1,0
C012109,33.73,Sciences,Capitale-Nationale,G1R,132591,13,5.5,1,1
C001708,30.37,Sante,Capitale-Nationale,G1R,63990,9,9.1,0,1
C004563,25.16,Sante,Montreal,H1A,69549,15,18.1,0,0
C008549,29.24,Sciences,Capitale-Nationale,G3A,71260,11,16.0,1,1
C004397,32.58,Arts et lettres,Gaspesie-Iles-de-la-Madeleine,G5C,53982,17,105.7,0,1
C003617,26.34,Sciences,Gaspesie-Iles-de-la-Madeleine,G0C,47045,15,90.8,0,0
C012319,28.86,Genie,Capitale-Nationale,G1R,58931,9,10.1,0,0
C001662,30.08,Sciences sociales,Cote-Nord,G4R,53124,16,312.3,0,1
C005285,28.94,Sciences sociales,Bas-Saint-Laurent,G0L,61709,12,340.4,1,0
C013409,30.99,Sciences,Bas-Saint-Laurent,G5L,87822,9,201.9,0,1
C002535,29.95,Sciences,Montreal,H3T,101258,16,48.7,0,1
C012787,28.03,Genie,Capitale-Nationale,G3A,50924,9,4.4,0,0
C002287,22.82,Genie,Montreal,H3T,127347,9,19.9,1,0
C005497,29.03,Sciences sociales,Gaspesie-Iles-de-la-Madeleine,G5C,71637,15,277.6,0,1
C008914,25.32,Sciences sociales,Gaspesie-Iles-de-la-Madeleine,G0C,38192,19,191.3,1,0
C001913,30.06,Sciences sociales,Gaspesie-Iles-de-la-Madeleine,G4X,79993,10,397.3,1,0
C012385,26.51,Genie,Montreal,H2X,59208,8,15.9,0,1
C004513,21.22,Arts et lettres,Montreal,H8N,86347,12,18.0,0,0
C010211,24.97,Arts et lettres,Bas-Saint-Laurent,G5N,67009,14,167.9,1,0
C010726,27.05,Sante,Gaspesie-Iles-de-la-Madeleine,G5C,59713,19,188.3,0,0
C008220,24.4,Sciences sociales,Montreal,H3T,127907,6,21.2,0,0
C009087,29.67,Arts et lettres,Cote-Nord,G4R,47655,16,156.9,1,1
C011938,28.17,Sciences sociales,Capitale-Nationale,G3A,161675,13,19.5,0,1
C009880,25.12,Sciences sociales,Bas-Saint-Laurent,G5N,58966,13,342.8,0,0
C005965,24.35,Arts et lettres,Capitale-Nationale,G3A,97983,7,30.3,0,0
C010889,25.21,Sciences sociales,Gaspesie-Iles-de-la-Madeleine,G4X,76191,8,182.0,1,0
C008897,29.94,Genie,Bas-Saint-Laurent,G5L,42724,15,260.3,0,1
C004120,32.31,Sciences sociales,Montreal,H4L,52958,4,38.7,0,1
C009331,27.34,Genie,Gaspesie-Iles-de-la-Madeleine,G4X,27584,7,233.9,1,0
C001777,28.4,Sciences sociales,Capitale-Nationale,G3A,143244,6,72.3,0,1
C005725,30.6,Sciences sociales,Montreal,H3T,53857,11,16.7,0,1
C006857,22.53,Sciences sociales,Cote-Nord,G4R,75122,13,288.8,1,0
C008038,27.14,Sciences,Montreal,H1A,67947,11,7.9,0,0
C013851,26.41,Sciences,Bas-Saint-Laurent,G5L,51596,9,136.5,1,0
C001722,29.79,Arts et lettres,Cote-Nord,G0G,65691,11,99.5,0,1
C006433,32.94,Sante,Montreal,H2X,71490,8,38.6,0,1
C008312,24.39,Sciences,Gaspesie-Iles-de-la-Madeleine,G5C,52083,11,179.3,0,0
C006317,30.41,Sciences,Montreal,H3T,62451,7,25.7,0,1
C001546,29.12,Sciences,Montreal,H3T,76309,6,5.8,1,0
C013038,28.0,Arts et lettres,Montreal,H4L,72947,8,13.3,0,1
C011360,25.88,Genie,Montreal,H2X,96851,9,10.1,0,0
C000367,23.22,Sciences,Capitale-Nationale,G2E,68900,3,22.7,0,0
C001650,26.84,Sciences sociales,Montreal,H3T,42627,7,7.7,0,0
C009542,25.72,Sciences sociales,Cote-Nord,G0G,51628,10,245.9,0,0
C004036,26.33,Sciences sociales,Bas-Saint-Laurent,G5N,27579,12,88.0,1,0
C009724,23.39,Sante,Montreal,H4L,33156,6,9.7,0,0
C012406,28.56,Sciences sociales,Montreal,H2X,50593,10,13.8,1,0
C006839,29.91,Genie,Montreal,H3T,66304,5,6.5,1,1
C002145,26.96,Sciences,Cote-Nord,G4R,57975,21,255.3,1,0
C011523,24.23,Sante,Gaspesie-Iles-de-la-Madeleine,G5C,95250,14,239.3,1,0
C005178,25.7,Genie,Montreal,H4L,88251,6,5.9,1,0
C010429,26.93,Genie,Capitale-Nationale,G3A,79897,6,9.6,1,0
C002552,24.98,Sante,Gaspesie-Iles-de-la-Madeleine,G0C,50075,11,108.4,0,0
C001632,20.4,Sciences sociales,Montreal,H2X,56970,7,11.4,1,0
C007578,27.16,Arts et lettres,Gaspesie-Iles-de-la-Madeleine,G0C,42425,11,89.5,0,0
C004032,27.62,Sante,Gaspesie-Iles-de-la-Madeleine,G0C,28777,12,173.2,0,0
C000225,25.63,Sante,Montreal,H2X,83903,10,12.9,1,0
C002129,28.85,Arts et lettres,Capitale-Nationale,G1V,58956,9,14.9,0,1
C009790,26.19,Sciences sociales,Cote-Nord,G5B,31394,14,197.9,0,0
C009304,29.57,Arts et lettres,Montreal,H3T,62771,12,34.7,1,1
C009049,26.68,Sciences,Bas-Saint-Laurent,G5N,70360,14,196.5,1,0
C000900,32.48,Arts et lettres,Gaspesie-Iles-de-la-Madeleine,G4X,19407,12,208.0,1,1
C011443,23.71,Arts et lettres,Gaspesie-Iles-de-la-Madeleine,G4X,64406,16,262.6,0,0
C006596,34.09,Genie,Bas-Saint-Laurent,G0L,53157,14,246.0,1,1
C000593,24.13,Sante,Capitale-Nationale,G1V,70099,8,35.0,0,0
C005788,27.3,Arts et lettres,Gaspesie-Iles-de-la-Madeleine,G4X,43430,13,195.0,1,0
C003436,24.7,Arts et lettres,Capitale-Nationale,G1V,52096,7,11.9,1,0
C003200,28.23,Sciences,Bas-Saint-Laurent,G0L,72666,14,98.7,0,0
C005513,25.98,Sciences,Montreal,H2X,129274,9,8.8,0,0
C010366,26.66,Genie,Gaspesie-Iles-de-la-Madeleine,G5C,30689,22,382.3,0,0
C002166,25.08,Sciences,Bas-Saint-Laurent,G0L,59541,14,102.3,0,0
C001229,28.08,Arts et lettres,Capitale-Nationale,G2E,53482,7,8.9,0,0
C013528,24.05,Sciences,Capitale-Nationale,G1R,121212,5,19.8,1,0
C000411,22.08,Sciences,Gaspesie-Iles-de-la-Madeleine,G4X,69398,14,169.3,1,0
C003618,25.9,Sante,Montreal,H4L,35484,13,28.3,0,0
C013003,33.47,Sciences sociales,Capitale-Nationale,G1R,161834,4,9.4,0,1
C002425,23.72,Sante,Gaspesie-Iles-de-la-Madeleine,G5C,75545,23,231.5,0,0
C002606,28.77,Genie,Montreal,H1A,89612,9,16.5,1,1
C010452,24.34,Sciences sociales,Montreal,H3T,70952,5,36.5,0,0
C000812,27.81,Sante,Montreal,H3T,70471,12,34.5,0,0
C013811,24.53,Sciences,Montreal,H8N,53305,4,14.7,0,0
C002545,27.16,Sante,Bas-Saint-Laurent,G5N,54743,11,473.6,0,0
C007811,28.08,Sciences,Montreal,H1A,73334,8,11.2,1,1
C011600,26.96,Sciences,Montreal,H3T,112437,14,9.5,0,1
C006087,22.43,Arts et lettres,Capitale-Nationale,G3A,65824,8,5.1,0,0
C003912,25.5,Sante,Bas-Saint-Laurent,G0L,69034,16,82.8,1,0
C010804,23.01,Sciences sociales,Capitale-Nationale,G2E,25432,8,18.8,0,0
C006081,29.55,Genie,Capitale-Nationale,G1V,44494,5,24.8,0,1
C011894,23.39,Arts et lettres,Cote-Nord,G0G,26450,18,111.3,0,0
C001233,24.52,Arts et lettres,Cote-Nord,G4R,40159,13,178.9,1,0
C013799,30.55,Sciences,Capitale-Nationale,G2E,75942,8,32.1,0,1
C013897,26.68,Sciences sociales,Cote-Nord,G5B,75455,4,173.3,1,0
C003033,30.64,Arts et lettres,Montreal,H1A,40192,4,20.6,0,0
C005436,26.85,Sante,Montreal,H8N,115300,7,18.9,0,1
C008687,25.53,Sciences,Cote-Nord,G4R,59264,11,36.8,0,0
C008296,24.18,Genie,Montreal,H4L,43669,6,24.6,1,0
C007018,25.06,Sciences sociales,Capitale-Nationale,G3A,77978,14,24.6,1,0
C004662,29.76,Arts et lettres,Bas-Saint-Laurent,G0L,18665,13,177.4,1,1
C013854,30.82,Sante,Montreal,H1A,111125,11,6.3,1,1
C004371,27.54,Sciences,Montreal,H8N,71040,6,0.1,0,0
C004736,26.86,Genie,Gaspesie-Iles-de-la-Madeleine,G5C,62633,12,228.4,1,0
C001719,27.44,Sante,Gaspesie-Iles-de-la-Madeleine,G4X,43765,17,354.9,0,0
C013255,26.11,Sciences,Montreal,H1A,57729,11,89.8,0,0
C001238,31.57,Genie,Montreal,H1A,56119,6,65.6,0,1
C010732,29.41,Sciences,Gaspesie-Iles-de-la-Madeleine,G0C,68020,10,193.0,0,0
C005244,32.16,Sciences,Bas-Saint-Laurent,G0L,60037,19,252.8,1,1
C010504,29.88,Sciences sociales,Gaspesie-Iles-de-la-Madeleine,G4X,13364,8,172.5,0,0
C008421,25.33,Sciences sociales,Gaspesie-Iles-de-la-Madeleine,G0C,68398,17,82.9,0,0
C003728,24.94,Arts et lettres,Gaspesie-Iles-de-la-Madeleine,G5C,44408,21,230.1,0,0
C003648,31.79,Genie,Montreal,H2X,68180,7,11.6,1,1
C001270,27.06,Arts et lettres,Cote-Nord,G5B,64659,20,88.6,1,1
C006589,30.95,Arts et lettres,Montreal,H3T,66164,6,27.0,0,1
C008781,28.85,Sante,Montreal,H2X,41643,11,28.1,1,0
C008426,28.38,Sante,Montreal,H8N,109769,10,43.7,0,1
C008452,28.18,Sciences,Capitale-Nationale,G1V,49970,6,26.4,1,0
C005953,26.28,Sciences,Montreal,H2X,109547,5,16.8,0,1
C001557,28.21,Arts et lettres,Capitale-Nationale,G1R,78570,5,26.5,1,0
C009730,33.73,Sante,Montreal,H8N,86853,5,21.6,1,1
C005660,28.02,Sciences sociales,Bas-Saint-Laurent,G5L,71237,5,346.8,1,0
C004868,29.19,Sante,Gaspesie-Iles-de-la-Madeleine,G5C,20839,9,264.0,0,0
C002563,31.17,Sciences sociales,Montreal,H2X,57242,7,4.0,0,1
C007355,30.88,Sante,Montreal,H1A,146026,13,6.9,0,1
C008450,24.41,Sciences sociales,Bas-Saint-Laurent,G5N,35133,13,257.3,0,0
C003246,31.98,Genie,Montreal,H4L,66889,6,4.4,1,1
C004742,33.77,Arts et lettres,Montreal,H3T,60481,14,1.5,0,1
C012819,28.63,Sante,Bas-Saint-Laurent,G0L,61752,22,180.4,0,1
C011999,19.7,Genie,Capitale-Nationale,G1V,46850,7,8.3,0,0
C002389,26.76,Sante,Capitale-Nationale,G1V,19477,12,27.6,0,0
C007162,27.18,Sciences,Montreal,H4L,71977,11,34.9,1,0
C001795,29.59,Sante,Capitale-Nationale,G1R,38819,13,9.3,0,1
C004885,27.96,Sciences,Montreal,H4L,31851,10,14.4,0,0
C007347,30.75,Arts et lettres,Montreal,H1A,69138,10,16.3,1,1
C011521,29.53,Sciences sociales,Montreal,H2X,87651,8,16.1,0,1
C004668,28.01,Genie,Gaspesie-Iles-de-la-Madeleine,G5C,51565,11,322.0,1,0
C010826,29.31,Sante,Capitale-Nationale,G1V,57508,9,12.2,0,1
C010948,29.67,Sciences,Montreal,H8N,115622,9,25.5,1,1
C011317,33.16,Sciences,Bas-Saint-Laurent,G0L,68593,18,178.4,1,1
C002040,29.36,Sciences,Bas-Saint-Laurent,G5L,42198,15,199.5,0,1
C003354,24.6,Genie,Bas-Saint-Laurent,G5L,42964,6,633.1,1,0
C008711,28.06,Sciences,Capitale-Nationale,G1V,89689,10,7.3,1,0
C004527,24.36,Sciences,Montreal,H2X,104552,2,14.4,0,0
C013369,29.89,Genie,Montreal,H2X,26211,11,19.0,0,0
C001100,25.79,Genie,Capitale-Nationale,G3A,113703,12,35.7,0,0
C007146,27.23,Sciences sociales,Montreal,H8N,87408,10,8.1,1,0
C013286,24.8,Sante,Montreal,H1A,68790,12,14.2,1,0
C009733,27.66,Arts et lettres,Cote-Nord,G5B,74966,8,154.8,1,0
C008871,29.51,Sciences,Montreal,H3T,95548,2,23.8,0,1
C013373,23.53,Arts et lettres,Bas-Saint-Laurent,G5L,22889,8,149.7,0,0
C006443,24.98,Genie,Montreal,H8N,44532,12,15.4,0,0
C011229,32.21,Sante,Montreal,H2X,54700,8,14.2,0,1
C000165,23.65,Genie,Bas-Saint-Laurent,G5L,96619,13,74.3,0,0
C011265,28.49,Sciences,Gaspesie-Iles-de-la-Madeleine,G4X,43535,12,292.2,1,0
C000342,26.66,Arts et lettres,Capitale-Nationale,G3A,56122,8,32.1,0,0
C006131,28.65,Genie,Capitale-Nationale,G1R,37074,9,13.9,0,0
C002455,23.14,Sciences,Gaspesie-Iles-de-la-Madeleine,G5C,79747,13,154.3,0,0
C008356,29.11,Genie,Montreal,H4L,51711,7,17.8,0,1
C005819,27.06,Genie,Montreal,H4L,104240,11,2.6,0,1
C008595,20.73,Sciences sociales,Bas-Saint-Laurent,G5L,76681,18,100.8,0,0
C011211,29.58,Sciences,Montreal,H4L,82651,8,33.7,0,1
C007996,32.49,Sciences,Capitale-Nationale,G1V,43370,8,7.9,0,1
C004769,21.4,Sciences sociales,Cote-Nord,G0G,45198,12,165.5,0,0
C004928,27.54,Sciences sociales,Montreal,H1A,94998,8,41.0,0,1
C011177,26.44,Sciences sociales,Cote-Nord,G5B,44743,7,42.7,1,0
C006562,25.58,Sciences sociales,Montreal,H4L,175886,5,13.1,0,0
C005707,32.19,Arts et lettres,Capitale-Nationale,G2E,128384,10,31.0,0,1
C006816,28.87,Arts et lettres,Montreal,H8N,111971,11,45.7,0,1
C010126,27.76,Arts et lettres,Bas-Saint-Laurent,G5L,61825,11,106.0,1,0
C012647,28.74,Arts et lettres,Capitale-Nationale,G2E,61537,11,12.2,0,1
C008185,29.23,Sciences sociales,Gaspesie-Iles-de-la-Madeleine,G0C,84200,13,153.9,1,1
C005116,29.11,Genie,Bas-Saint-Laurent,G0L,62457,18,214.7,0,1
C011682,25.96,Genie,Montreal,H1A,78189,11,14.4,0,0
C005901,32.01,Genie,Montreal,H3T,81069,9,17.7,1,1
C010228,28.55,Sciences,Montreal,H3T,86116,13,5.8,0,1
C013658,25.77,Arts et lettres,Capitale-Nationale,G3A,53486,11,3.6,0,0
C007092,24.95,Genie,Montreal,H1A,91216,10,16.4,0,0
C005941,31.12,Genie,Montreal,H8N,44423,11,12.4,0,1
C005846,27.16,Arts et lettres,Capitale-Nationale,G1R,48077,14,8.1,0,0
C007208,25.22,Genie,Montreal,H3T,37255,7,13.3,0,0
C000874,29.11,Sciences,Montreal,H3T,36656,13,3.2,0,0
C006492,27.64,Sciences,Cote-Nord,G0G,50515,15,289.6,1,0
C000208,26.11,Sciences sociales,Bas-Saint-Laurent,G0L,40614,10,543.9,0,0
C006986,29.61,Sciences,Capitale-Nationale,G2E,55430,9,11.2,0,1
C006345,27.14,Sciences,Montreal,H1A,94479,8,20.5,0,0
C008184,29.6,Sante,Montreal,H1A,55545,13,29.4,1,1
C012540,22.52,Sciences,Capitale-Nationale,G3A,21744,4,9.0,1,0
C000769,29.55,Genie,Bas-Saint-Laurent,G0L,59018,11,109.9,1,0
C008718,27.56,Sante,Bas-Saint-Laurent,G0L,83099,10,52.1,0,0
C009182,27.68,Sciences sociales,Montreal,H2X,72758,9,27.3,0,0
C006255,28.25,Sciences,Gaspesie-Iles-de-la-Madeleine,G4X,52990,9,223.3,0,0
C008568,29.11,Genie,Montreal,H3T,70957,8,22.4,0,1
C010143,27.78,Sante,Gaspesie-Iles-de-la-Madeleine,G4X,98267,11,206.4,0,0
C009600,24.55,Sante,Gaspesie-Iles-de-la-Madeleine,G4X,24102,15,315.0,0,0
C000654,24.84,Sciences,Bas-Saint-Laurent,G0L,66819,17,83.1,1,0
C010602,29.51,Sciences sociales,Capitale-Nationale,G1V,86884,7,18.4,0,1
C005212,24.7,Sante,Cote-Nord,G5B,49791,14,132.4,1,0
C012242,23.15,Sciences,Montreal,H1A,71236,7,24.9,1,0
C003283,30.48,Genie,Gaspesie-Iles-de-la-Madeleine,G4X,56765,16,182.8,0,1
C006000,26.6,Sciences,Cote-Nord,G5B,57229,10,582.7,1,0
C006813,29.07,Genie,Bas-Saint-Laurent,G5L,42455,8,321.1,1,0
C010436,28.72,Sciences,Capitale-Nationale,G2E,80071,9,30.7,1,0
C011201,30.85,Sciences,Cote-Nord,G4R,58411,19,256.9,1,1
C003373,30.39,Sante,Montreal,H8N,76463,8,41.9,1,1
C011622,33.04,Sante,Capitale-Nationale,G1R,60106,4,23.3,0,1
C001169,32.66,Sante,Capitale-Nationale,G1R,37506,11,34.1,0,1
C006290,28.66,Sciences sociales,Capitale-Nationale,G2E,55741,6,2.4,0,1
C013269,22.98,Sante,Gaspesie-Iles-de-la-Madeleine,G5C,31342,14,385.4,1,0
C002440,30.07,Sciences,Montreal,H4L,70687,11,22.0,0,1
C001910,29.59,Arts et lettres,Gaspesie-Iles-de-la-Madeleine,G4X,75602,11,236.9,0,0
C010840,27.98,Genie,Gaspesie-Iles-de-la-Madeleine,G0C,29855,18,241.1,0,0
C011357,28.03,Sciences sociales,Montreal,H3T,72826,15,16.6,1,0
C010512,33.03,Sciences,Montreal,H1A,48433,12,14.8,0,1
C011964,36.37,Sciences sociales,Cote-Nord,G4R,42908,15,236.4,1,1
C013476,29.18,Genie,Gaspesie-Iles-de-la-Madeleine,G4X,42796,16,264.7,0,1
C008904,27.83,Sante,Montreal,H2X,39548,7,2.9,0,0
C009275,26.92,Sciences sociales,Capitale-Nationale,G2E,115163,15,24.3,0,0
C003628,23.44,Sciences sociales,Bas-Saint-Laurent,G5L,43842,10,223.0,1,0
C013106,31.94,Sciences sociales,Bas-Saint-Laurent,G5L,58485,7,99.2,0,1
C012195,32.63,Sante,Gaspesie-Iles-de-la-Madeleine,G5C,42703,12,253.9,1,1
C008106,28.21,Sante,Montreal,H1A,58537,12,5.0,1,0
C010151,27.85,Genie,Bas-Saint-Laurent,G5N,24913,13,207.1,0,0
C004644,28.84,Sante,Gaspesie-Iles-de-la-Madeleine,G4X,39501,19,203.8,0,1
C012725,25.7,Genie,Montreal,H2X,82808,13,9.7,0,0
C011811,31.68,Sciences sociales,Gaspesie-Iles-de-la-Madeleine,G5C,26270,16,166.8,0,1
C005569,27.02,Sciences sociales,Cote-Nord,G0G,62456,15,150.3,0,0
C011226,32.38,Sciences,Montreal,H2X,44291,10,5.0,1,1
C006644,25.8,Sciences,Montreal,H2X,117472,10,21.3,0,0
C010896,22.41,Sciences,Gaspesie-Iles-de-la-Madeleine,G4X,56446,15,80.9,1,0
C002103,23.61,Arts et lettres,Gaspesie-Iles-de-la-Madeleine,G5C,66765,10,134.6,0,0
C008578,27.67,Sante,Cote-Nord,G5B,54000,10,186.5,1,0
C009380,28.66,Genie,Montreal,H1A,83777,8,10.8,0,0
C003131,22.96,Arts et lettres,Bas-Saint-Laurent,G5N,40064,7,170.3,1,0
C003819,33.48,Sante,Montreal,H4L,34722,13,39.3,1,1
C013483,26.97,Sciences,Montreal,H2X,100020,12,18.9,0,1
C007235,28.72,Sciences,Montreal,H3T,59127,6,11.5,0,1
C013777,30.57,Sciences sociales,Capitale-Nationale,G2E,74952,17,7.2,1,0
C011389,25.88,Arts et lettres,Gaspesie-Iles-de-la-Madeleine,G5C,33148,14,222.5,0,0
C001863,25.98,Genie,Gaspesie-Iles-de-la-Madeleine,G4X,54231,6,205.5,1,0
C012394,25.82,Arts et lettres,Gaspesie-Iles-de-la-Madeleine,G4X,26502,13,378.3,0,0
C007659,26.12,Arts et lettres,Bas-Saint-Laurent,G5N,121191,16,125.1,1,0
C012176,28.99,Genie,Montreal,H8N,48473,8,18.8,0,0
C005619,26.1,Sante,Capitale-Nationale,G1R,70182,13,19.3,0,1
C007163,21.74,Genie,Gaspesie-Iles-de-la-Madeleine,G0C,42163,11,169.0,1,0
C008362,29.65,Arts et lettres,Montreal,H3T,72546,9,29.8,0,1
C008867,33.84,Arts et lettres,Montreal,H2X,95574,13,17.7,1,1
C003670,24.14,Sciences sociales,Bas-Saint-Laurent,G5N,36124,12,98.5,0,0
C004673,23.08,Sciences,Capitale-Nationale,G1V,85915,6,31.1,1,0
C009183,30.31,Sciences sociales,Gaspesie-Iles-de-la-Madeleine,G4X,62000,14,409.5,1,1
C009905,32.55,Sciences sociales,Montreal,H2X,28657,8,9.2,0,1
C010466,30.57,Sante,Montreal,H4L,91038,10,11.9,0,1
C002244,32.24,Sciences,Montreal,H2X,38777,12,38.9,1,1
C011967,30.27,Arts et lettres,Montreal,H8N,69951,11,23.2,1,1
C004694,27.62,Sciences sociales,Bas-Saint-Laurent,G5N,18954,16,267.2,0,1
C013017,30.08,Sante,Montreal,H2X,49214,6,7.7,0,0
C008438,25.65,Sante,Cote-Nord,G0G,38878,7,210.6,0,0
C012393,32.78,Arts et lettres,Capitale-Nationale,G1R,54974,9,5.7,1,1
C001174,23.15,Arts et lettres,Bas-Saint-Laurent,G5L,31746,22,149.4,0,0
C002431,27.51,Sante,Gaspesie-Iles-de-la-Madeleine,G5C,79409,14,100.5,0,1
C000221,31.39,Sciences sociales,Montreal,H4L,123784,5,11.4,0,1
C012475,24.71,Arts et lettres,Bas-Saint-Laurent,G0L,81449,15,207.7,0,0
C004525,29.52,Arts et lettres,Cote-Nord,G5B,27226,13,330.0,1,0
C004771,29.71,Arts et lettres,Montreal,H2X,102799,5,15.9,0,1
C012012,31.39,Arts et lettres,Montreal,H8N,121286,8,12.7,1,1
C013752,23.31,Sciences,Capitale-Nationale,G1V,49118,8,5.6,0,0
C003493,28.66,Sciences,Montreal,H2X,132689,4,2.6,0,1
C000433,28.41,Genie,Gaspesie-Iles-de-la-Madeleine,G0C,60260,12,234.7,1,0
C003538,30.88,Genie,Cote-Nord,G0G,107113,17,216.5,1,1
C006277,25.78,Sante,Capitale-Nationale,G3A,76272,8,5.4,1,0
C002519,31.86,Genie,Capitale-Nationale,G1V,70940,5,5.5,0,1
C012366,24.36,Arts et lettres,Bas-Saint-Laurent,G5N,69581,17,141.5,0,0
C010070,29.1,Sciences,Montreal,H1A,115259,9,2.0,0,0
C012498,25.14,Sante,Montreal,H2X,74178,9,20.9,0,0
C003314,30.16,Sciences,Montreal,H1A,58010,7,19.2,0,1
C013063,26.16,Sciences,Capitale-Nationale,G2E,38221,7,3.1,1,0
C003697,24.25,Sciences sociales,Capitale-Nationale,G1V,72596,6,15.4,0,0
C011800,22.99,Sante,Bas-Saint-Laurent,G0L,79576,10,159.2,1,0
C008688,26.91,Sciences sociales,Montreal,H4L,106019,6,3.8,0,0
C005688,23.25,Genie,Montreal,H3T,49899,5,11.0,1,0
C012998,24.87,Genie,Cote-Nord,G4R,116952,12,136.0,1,0
C007367,29.36,Genie,Cote-Nord,G4R,41710,8,182.6,0,1
C004149,27.38,Sante,Capitale-Nationale,G1V,157245,9,9.7,0,1
C000760,30.72,Arts et lettres,Montreal,H8N,41714,10,4.9,0,1
C003797,26.66,Arts et lettres,Gaspesie-Iles-de-la-Madeleine,G4X,47195,11,246.1,0,0
C001970,25.65,Genie,Bas-Saint-Laurent,G5L,115470,14,182.0,1,0
C000157,32.58,Sciences,Bas-Saint-Laurent,G5L,56500,7,320.7,0,1
C004054,25.47,Sante,Montreal,H8N,76190,10,50.9,1,0
C010460,28.45,Sciences,Capitale-Nationale,G2E,51358,11,4.5,0,0
C006958,35.98,Genie,Montreal,H3T,37343,12,44.6,0,1
C000492,29.25,Sciences sociales,Gaspesie-Iles-de-la-Madeleine,G5C,20509,11,131.7,1,0
C012687,28.29,Arts et lettres,Montreal,H3T,214655,13,15.2,0,1
C003342,32.74,Sante,Montreal,H4L,43722,4,21.6,1,1
C000894,25.7,Sante,Gaspesie-Iles-de-la-Madeleine,G5C,26169,16,271.6,0,0
C000898,29.45,Sciences,Montreal,H2X,29560,9,12.3,0,1
C005912,21.38,Sante,Bas-Saint-Laurent,G5L,24948,16,189.2,1,0
C011604,30.01,Sciences sociales,Capitale-Nationale,G3A,55717,8,22.7,0,0
C002255,24.89,Sciences sociales,Gaspesie-Iles-de-la-Madeleine,G4X,90795,12,273.9,0,0
C006162,27.8,Sante,Gaspesie-Iles-de-la-Madeleine,G5C,47283,10,181.6,0,0
C003641,24.99,Sciences sociales,Montreal,H1A,36190,7,20.7,1,0
C000309,28.94,Sante,Montreal,H2X,58244,9,27.9,1,0
C000990,28.98,Sciences,Montreal,H4L,66176,10,10.8,1,1
C002507,30.44,Arts et lettres,Gaspesie-Iles-de-la-Madeleine,G4X,72134,8,167.7,1,0
C003418,27.23,Genie,Gaspesie-Iles-de-la-Madeleine,G5C,78878,10,518.4,1,0
C003536,26.68,Genie,Capitale-Nationale,G1V,141366,15,5.1,0,1
C009142,22.21,Sciences sociales,Cote-Nord,G5B,84634,12,209.2,1,0
C004066,30.08,Arts et lettres,Montreal,H3T,52607,6,10.3,0,1
C001454,29.41,Sante,Montreal,H1A,80385,13,18.2,1,1
C003116,27.78,Sciences,Montreal,H3T,111952,9,19.0,1,0
C008140,28.03,Sciences sociales,Montreal,H2X,42428,10,28.3,0,0
C000600,29.88,Sciences,Montreal,H8N,31565,9,11.4,0,0
C006106,31.1,Arts et lettres,Gaspesie-Iles-de-la-Madeleine,G4X,94480,8,231.9,0,1
C000339,26.57,Genie,Gaspesie-Iles-de-la-Madeleine,G0C,40104,19,288.3,1,0
C004886,28.15,Sante,Gaspesie-Iles-de-la-Madeleine,G4X,56277,12,235.0,0,0
C012490,29.02,Sciences,Montreal,H2X,83925,11,4.0,0,1
C002400,31.03,Sciences sociales,Montreal,H1A,64927,8,42.3,1,1
C003319,28.34,Genie,Cote-Nord,G0G,43295,11,123.3,0,0
C013431,21.36,Sciences,Montreal,H3T,87291,10,16.1,0,0
C005517,31.07,Sciences sociales,Capitale-Nationale,G2E,103711,9,9.3,0,1
C000085,24.56,Sciences sociales,Montreal,H2X,62063,15,9.4,1,0
C006258,27.3,Sante,Bas-Saint-Laurent,G0L,43299,18,286.6,0,0
C007785,27.91,Arts et lettres,Montreal,H1A,51593,11,9.0,1,0
C013746,26.03,Sciences,Gaspesie-Iles-de-la-Madeleine,G4X,30619,11,276.2,1,0
C010269,26.15,Arts et lettres,Montreal,H8N,113730,7,20.4,0,0
C011609,29.88,Sciences sociales,Cote-Nord,G4R,61010,19,134.1,1,1
C004412,27.31,Sciences sociales,Capitale-Nationale,G1R,108307,10,32.1,0,0
C009424,24.78,Sciences,Montreal,H2X,55436,12,2.8,0,0
C004704,26.26,Sante,Montreal,H4L,62299,12,7.4,0,0
C011510,24.04,Sciences sociales,Montreal,H4L,119469,9,16.7,0,0
C013328,21.58,Sciences sociales,Bas-Saint-Laurent,G0L,38486,11,121.8,0,0
C012906,25.9,Sciences,Montreal,H2X,58926,6,7.3,0,0
C008628,27.55,Genie,Gaspesie-Iles-de-la-Madeleine,G5C,44140,15,69.9,0,0
C000718,30.87,Sciences,Bas-Saint-Laurent,G5N,34551,13,333.0,0,1
C007590,28.33,Sante,Cote-Nord,G4R,28144,14,184.8,1,0
C008714,27.96,Sciences,Bas-Saint-Laurent,G0L,24765,10,141.6,1,0
C009104,28.98,Sciences,Montreal,H4L,88855,7,11.9,0,0
C007441,27.51,Sciences,Montreal,H4L,54616,7,18.0,0,0
C000655,22.5,Sciences,Capitale-Nationale,G1V,36525,9,7.7,0,0
C006388,30.23,Sciences,Montreal,H2X,51450,5,20.3,0,1
C006778,25.95,Sante,Montreal,H4L,214055,11,11.5,0,1
C006414,27.53,Sciences sociales,Cote-Nord,G4R,33280,9,263.0,0,0
C009321,29.32,Sciences sociales,Gaspesie-Iles-de-la-Madeleine,G5C,29102,16,253.7,1,1
C009146,20.61,Sciences,Montreal,H2X,36093,5,22.2,0,0
C001406,27.09,Genie,Montreal,H2X,74801,11,15.9,0,1
C008427,29.59,Sciences sociales,Montreal,H8N,68657,9,9.5,0,1
C002460,28.27,Arts et lettres,Cote-Nord,G4R,73196,11,201.4,0,0
C007977,24.49,Genie,Montreal,H3T,85562,4,7.9,0,0
C001540,29.21,Sciences sociales,Capitale-Nationale,G1V,70783,8,13.9,1,1
C008364,28.58,Arts et lettres,Capitale-Nationale,G1R,74192,8,6.3,1,1
C013052,28.37,Sciences,Bas-Saint-Laurent,G5N,34451,14,262.5,1,0
C008839,24.91,Arts et lettres,Montreal,H1A,43145,6,8.2,0,0
C005773,30.45,Sante,Montreal,H4L,164373,5,17.7,0,1
C000359,29.56,Sciences,Montreal,H4L,96436,8,28.8,0,1
C011972,28.74,Arts et lettres,Bas-Saint-Laurent,G5L,102116,13,97.5,1,0
C004382,29.2,Sante,Gaspesie-Iles-de-la-Madeleine,G4X,57371,12,232.6,0,0
C010547,27.33,Sciences,Cote-Nord,G4R,28516,12,280.9,0,0
C012685,24.69,Sante,Montreal,H1A,32546,5,10.7,1,0
C011137,28.43,Genie,Bas-Saint-Laurent,G0L,85102,14,101.9,1,0
C002714,27.85,Genie,Montreal,H4L,60413,14,7.7,0,1
C003153,29.95,Arts et lettres,Montreal,H8N,92226,6,14.7,0,1
C003512,28.19,Arts et lettres,Montreal,H8N,30248,4,10.7,1,0
C003984,25.47,Arts et lettres,Gaspesie-Iles-de-la-Madeleine,G4X,40150,9,316.1,0,0
C005697,25.99,Sciences,Capitale-Nationale,G2E,120407,6,43.4,0,0
C000605,32.16,Sciences,Bas-Saint-Laurent,G5N,101331,16,176.0,0,1
C009408,29.37,Genie,Montreal,H8N,92174,11,35.2,0,1
C006384,27.1,Genie,Gaspesie-Iles-de-la-Madeleine,G0C,33847,18,44.5,1,0
C009291,28.24,Arts et lettres,Capitale-Nationale,G1R,70857,6,9.1,0,0
C012554,27.73,Sciences,Bas-Saint-Laurent,G0L,111967,19,162.2,0,0
C012432,25.65,Sciences sociales,Capitale-Nationale,G1R,67475,9,5.7,1,0
C008424,30.67,Sciences,Montreal,H4L,101952,16,15.8,0,1
C012373,28.02,Sciences sociales,Montreal,H2X,62113,1,20.0,0,0
C001800,20.41,Sciences sociales,Montreal,H3T,38587,7,45.3,0,0
C002412,29.01,Sante,Montreal,H4L,84688,8,26.9,0,1
C004394,25.57,Sciences,Montreal,H4L,78081,7,15.4,0,0
C008371,23.25,Sciences,Cote-Nord,G4R,30773,9,228.2,0,0
C007301,30.65,Genie,Montreal,H8N,89472,9,39.4,1,1
C004759,27.96,Genie,Montreal,H8N,83165,16,12.9,0,1
C013879,27.06,Sciences sociales,Cote-Nord,G0G,31172,15,342.1,1,0
C004999,23.37,Sciences,Montreal,H8N,59056,11,5.3,1,0
C009347,29.69,Sciences,Montreal,H2X,60089,11,14.8,0,1
C012872,28.18,Sciences sociales,Cote-Nord,G5B,46178,13,220.7,0,0
C011891,31.96,Arts et lettres,Montreal,H3T,101664,6,10.8,0,1
C012845,25.23,Genie,Montreal,H4L,82804,8,8.3,0,0
C010824,29.23,Arts et lettres,Capitale-Nationale,G3A,32084,9,15.9,0,1
C003729,28.61,Sciences,Montreal,H8N,47009,6,2.2,1,0
C013709,28.43,Sciences sociales,Gaspesie-Iles-de-la-Madeleine,G4X,35330,8,402.2,0,0
C010657,25.76,Sciences sociales,Montreal,H3T,66263,18,31.3,0,1
C001679,25.21,Sciences,Capitale-Nationale,G1V,58777,10,42.2,0,0
C013007,27.58,Sciences,Montreal,H8N,128285,8,12.4,1,0
C013294,25.43,Sante,Cote-Nord,G5B,58256,8,363.6,0,0
C008243,26.06,Genie,Montreal,H2X,65604,8,36.7,1,0
C002987,21.04,Sante,Cote-Nord,G5B,50921,20,142.1,1,0
C002973,26.96,Genie,Montreal,H8N,102979,8,24.5,0,1
C003308,28.55,Sciences,Bas-Saint-Laurent,G5N,41789,16,277.7,1,1
C010135,29.9,Arts et lettres,Bas-Saint-Laurent,G5N,53576,11,124.4,1,0
C005553,28.18,Arts et lettres,Montreal,H4L,40588,11,29.8,1,1
C000547,27.25,Arts et lettres,Capitale-Nationale,G1R,84717,12,10.8,0,1
C003842,27.31,Sciences sociales,Cote-Nord,G0G,34313,9,339.6,0,0
C004249,23.67,Sciences sociales,Capitale-Nationale,G1R,37449,15,13.6,0,0
C004870,28.99,Sciences,Bas-Saint-Laurent,G5L,198084,16,430.2,1,1
C004991,27.22,Sciences,Capitale-Nationale,G1R,73803,5,2.3,1,1
C006102,31.34,Sante,Gaspesie-Iles-de-la-Madeleine,G4X,102764,16,125.5,1,1
C006692,24.71,Sciences,Cote-Nord,G0G,37429,12,203.2,1,0
C010996,31.14,Arts et lettres,Montreal,H8N,47288,5,41.5,1,1
C013453,25.21,Genie,Montreal,H2X,71225,11,17.2,1,0
C012480,24.9,Genie,Gaspesie-Iles-de-la-Madeleine,G0C,59113,11,282.6,0,0
C001649,25.72,Genie,Cote-Nord,G4R,53508,10,225.0,1,0
C000738,25.99,Sciences sociales,Gaspesie-Iles-de-la-Madeleine,G4X,36603,19,98.9,0,0
C007942,31.94,Genie,Gaspesie-Iles-de-la-Madeleine,G5C,32393,10,170.1,0,1
C005496,30.24,Sante,Montreal,H4L,56858,13,49.6,1,1
C007506,26.65,Genie,Gaspesie-Iles-de-la-Madeleine,G5C,56567,14,180.0,0,0
C002520,26.38,Arts et lettres,Bas-Saint-Laurent,G0L,36801,14,206.9,0,0
C005348,32.46,Sciences sociales,Bas-Saint-Laurent,G5N,26790,12,104.7,1,1
C011018,30.06,Arts et lettres,Cote-Nord,G5B,51232,10,207.7,0,0
C001516,26.69,Genie,Montreal,H8N,74823,9,3.4,0,0
C000160,27.09,Sciences,Capitale-Nationale,G1V,66575,15,1.5,0,1
C002207,31.64,Sciences,Capitale-Nationale,G2E,77664,8,22.2,0,1
C003652,25.55,Sciences sociales,Gaspesie-Iles-de-la-Madeleine,G5C,54744,18,228.3,0,0
C003624,28.87,Sciences sociales,Capitale-Nationale,G3A,144180,10,29.3,0,0
C007020,22.58,Arts et lettres,Cote-Nord,G5B,55108,14,173.8,1,0
C009519,24.75,Genie,Gaspesie-Iles-de-la-Madeleine,G5C,43706,13,111.8,1,0
C008084,26.17,Sante,Capitale-Nationale,G3A,35151,5,24.3,1,0
C001398,33.65,Arts et lettres,Gaspesie-Iles-de-la-Madeleine,G5C,52127,9,681.2,1,1
C001829,24.51,Sciences sociales,Montreal,H2X,52331,12,5.6,0,0
C013997,25.38,Sciences,Montreal,H3T,44901,8,28.9,0,0
C013015,22.33,Sciences,Bas-Saint-Laurent,G0L,99370,11,141.0,1,0
C008378,23.7,Sciences sociales,Montreal,H3T,62020,11,2.9,1,0
C005613,30.18,Arts et lettres,Bas-Saint-Laurent,G0L,96093,18,135.9,0,1
C011617,29.66,Arts et lettres,Cote-Nord,G0G,88929,16,196.7,1,1
C006419,26.03,Sciences sociales,Cote-Nord,G0G,35961,16,239.0,0,0
C004974,26.22,Arts et lettres,Capitale-Nationale,G2E,38304,7,10.2,0,0
C003457,26.91,Sciences sociales,Montreal,H2X,52697,8,28.3,0,0
C002889,32.58,Sante,Montreal,H3T,66784,16,12.5,0,1
C002736,27.91,Sciences,Montreal,H4L,137701,7,23.3,0,0
C007503,31.12,Arts et lettres,Gaspesie-Iles-de-la-Madeleine,G0C,45502,10,130.7,0,1
C003423,27.32,Arts et lettres,Capitale-Nationale,G2E,60927,9,10.2,1,0
C004225,22.25,Sciences sociales,Montreal,H4L,42145,7,23.4,0,0
C005988,26.49,Genie,Gaspesie-Iles-de-la-Madeleine,G0C,76777,15,128.8,0,0
C013964,27.42,Genie,Capitale-Nationale,G1V,83277,11,15.1,1,0
C002966,28.41,Sciences,Montreal,H4L,45947,9,12.8,0,1
C011282,23.66,Sciences,Montreal,H2X,78070,5,10.7,0,0
C010232,26.01,Genie,Montreal,H3T,72900,2,67.2,0,0
C010409,31.78,Arts et lettres,Montreal,H1A,30242,12,10.8,0,1
C006966,32.41,Arts et lettres,Cote-Nord,G5B,49007,13,136.4,0,1
C008090,28.61,Sciences sociales,Capitale-Nationale,G1V,61700,6,20.3,0,0
C006078,33.12,Genie,Montreal,H3T,163938,9,32.4,0,1
C001838,23.31,Genie,Capitale-Nationale,G1R,75853,5,9.0,0,0
C001218,28.29,Sciences sociales,Gaspesie-Iles-de-la-Madeleine,G4X,71188,12,362.3,0,0
C000628,29.53,Arts et lettres,Bas-Saint-Laurent,G5N,45877,20,88.8,0,0
C000693,28.85,Sciences,Capitale-Nationale,G1R,76041,8,13.5,0,1
C012847,25.58,Sciences,Cote-Nord,G0G,111564,12,285.5,0,0
C004169,28.67,Genie,Montreal,H3T,118590,6,9.0,0,1
C003383,29.29,Arts et lettres,Capitale-Nationale,G1V,48884,8,4.8,0,1
C010776,32.45,Arts et lettres,Gaspesie-Iles-de-la-Madeleine,G0C,58838,15,113.0,1,1
C011248,28.77,Sante,Montreal,H3T,55994,10,37.2,0,0
C003332,30.75,Genie,Montreal,H2X,33437,9,35.8,0,1
C005272,25.52,Sante,Gaspesie-Iles-de-la-Madeleine,G4X,19081,12,430.3,1,0
C010828,28.27,Sante,Cote-Nord,G5B,31768,20,355.5,1,0
C001302,28.43,Sante,Gaspesie-Iles-de-la-Madeleine,G5C,34001,14,272.2,1,0
C006825,32.58,Sciences,Montreal,H8N,46228,15,37.2,0,1
C007317,26.04,Sciences sociales,Cote-Nord,G4R,104445,7,148.0,0,0
C006710,26.33,Genie,Bas-Saint-Laurent,G5N,40941,18,62.0,1,0
C002004,27.09,Sante,Cote-Nord,G0G,20589,17,315.2,0,0
C000631,28.95,Sciences,Montreal,H2X,50293,10,6.2,1,1
C005061,28.47,Sante,Cote-Nord,G0G,19494,13,223.6,0,0
C003136,26.19,Sciences sociales,Montreal,H2X,70526,8,15.1,0,0
C010442,27.09,Sciences sociales,Montreal,H2X,45495,16,4.3,1,0
C000947,22.62,Arts et lettres,Montreal,H1A,94557,10,30.4,0,0
C013336,22.65,Sante,Montreal,H4L,84941,7,19.7,0,0
C012680,29.82,Sciences,Montreal,H1A,68138,6,27.2,0,1
C012740,27.67,Sciences,Capitale-Nationale,G2E,79766,11,36.1,1,0
C005302,18.8,Sciences,Capitale-Nationale,G1V,57630,10,6.3,0,0
C009540,24.48,Sante,Bas-Saint-Laurent,G0L,46700,7,236.4,1,0
C011110,27.78,Sante,Capitale-Nationale,G1V,73652,9,11.5,1,0
C013306,22.9,Sciences sociales,Capitale-Nationale,G3A,76931,10,12.3,0,0
C006241,24.51,Arts et lettres,Cote-Nord,G5B,40421,16,85.1,1,0
C002300,23.84,Genie,Gaspesie-Iles-de-la-Madeleine,G4X,85247,16,173.7,0,0
C000882,22.51,Sciences sociales,Cote-Nord,G4R,65332,16,510.4,1,0
C003717,26.02,Arts et lettres,Gaspesie-Iles-de-la-Madeleine,G0C,66189,10,129.9,1,0
C004157,28.02,Sciences sociales,Montreal,H4L,89836,12,25.5,1,0
C010102,26.39,Sciences,Montreal,H2X,54150,11,12.7,0,0
C012827,26.71,Sciences,Montreal,H2X,51337,7,18.4,0,0
C006430,26.23,Sciences sociales,Capitale-Nationale,G2E,66737,15,7.0,1,0
C002726,28.27,Arts et lettres,Gaspesie-Iles-de-la-Madeleine,G4X,27294,14,609.1,0,0
C013509,24.01,Arts et lettres,Montreal,H3T,35262,6,6.8,1,0
C013986,30.75,Sciences sociales,Montreal,H1A,89639,10,35.3,0,1
C011887,25.9,Genie,Montreal,H2X,82695,8,12.9,0,0
C009747,32.11,Genie,Montreal,H1A,28464,12,35.2,0,1
C012245,27.29,Genie,Bas-Saint-Laurent,G0L,39578,16,226.8,0,0
C009528,33.89,Sciences,Montreal,H2X,94817,5,18.3,0,1
C013101,23.36,Sciences,Capitale-Nationale,G1V,155487,12,27.2,0,0
C009700,29.35,Sciences sociales,Montreal,H1A,79857,9,27.0,0,1
C008062,25.33,Sciences sociales,Gaspesie-Iles-de-la-Madeleine,G4X,24521,15,57.7,0,0
C013419,30.35,Arts et lettres,Montreal,H8N,71769,15,16.7,0,1
C004370,23.15,Sciences,Bas-Saint-Laurent,G0L,107954,13,336.9,1,0
C009237,27.63,Genie,Capitale-Nationale,G1V,88668,12,47.9,0,1
C006257,25.5,Arts et lettres,Capitale-Nationale,G3A,58198,12,24.8,0,0
C012141,23.84,Sante,Bas-Saint-Laurent,G0L,39485,14,183.3,0,0
C008235,23.05,Arts et lettres,Gaspesie-Iles-de-la-Madeleine,G4X,33695,15,192.0,0,0
C007581,28.31,Genie,Capitale-Nationale,G1R,42537,8,21.4,0,0
C008950,28.71,Sante,Bas-Saint-Laurent,G5N,28106,15,162.2,0,0
C005091,26.44,Sante,Montreal,H8N,45988,7,8.5,0,0
C003296,31.96,Sante,Cote-Nord,G4R,50995,15,133.3,1,1
C004496,30.35,Arts et lettres,Gaspesie-Iles-de-la-Madeleine,G5C,23886,15,196.0,0,1
C004160,23.99,Arts et lettres,Gaspesie-Iles-de-la-Madeleine,G0C,96094,5,85.7,1,0
C002767,27.91,Sciences,Montreal,H8N,45285,8,17.6,0,0
C011767,27.28,Genie,Montreal,H2X,115490,13,6.7,0,1
C001164,29.71,Sciences sociales,Cote-Nord,G0G,47118,13,192.4,1,1
C005044,24.93,Arts et lettres,Montreal,H3T,100135,10,25.6,1,0
C010943,31.81,Sciences sociales,Gaspesie-Iles-de-la-Madeleine,G4X,56641,15,187.5,0,1
C006169,24.93,Sante,Montreal,H3T,57991,10,9.8,0,0
C012411,24.31,Sante,Montreal,H4L,59330,9,16.7,0,0
C013054,24.1,Sciences sociales,Cote-Nord,G5B,27464,16,254.7,0,0
C007158,26.25,Genie,Capitale-Nationale,G1V,43264,8,14.5,0,0
C001793,25.85,Sciences sociales,Montreal,H1A,36139,6,22.3,0,0
C007849,32.43,Genie,Capitale-Nationale,G1R,58978,6,20.9,0,1
C004500,31.83,Sciences sociales,Montreal,H8N,88454,14,24.6,0,1
C010620,28.25,Sciences,Montreal,H8N,33880,12,44.7,1,0
C011146,30.23,Sciences sociales,Montreal,H3T,111985,11,6.5,1,1
C013540,26.69,Genie,Capitale-Nationale,G3A,64573,11,3.1,0,0
C012865,27.7,Sciences,Cote-Nord,G0G,44912,10,87.5,0,0
C001639,26.28,Sciences,Montreal,H2X,73579,8,27.8,0,0
C005407,26.49,Sciences sociales,Montreal,H4L,65516,9,11.9,0,0
C005291,24.46,Arts et lettres,Capitale-Nationale,G3A,43564,5,11.1,0,0
C009164,26.9,Sciences,Gaspesie-Iles-de-la-Madeleine,G0C,53677,14,131.1,0,0
C002516,27.52,Arts et lettres,Montreal,H3T,98436,12,29.6,1,1
C011038,21.92,Sciences,Cote-Nord,G4R,60961,10,319.4,0,0
C002439,31.1,Genie,Montreal,H4L,92881,7,9.1,0,1
C002871,27.43,Arts et lettres,Gaspesie-Iles-de-la-Madeleine,G4X,74613,11,333.0,1,1
C008473,23.98,Arts et lettres,Montreal,H8N,75558,9,25.0,1,0
C001646,29.76,Sciences,Capitale-Nationale,G3A,79691,11,25.6,0,1
C012752,26.78,Sciences,Montreal,H8N,73158,7,27.5,1,0
C013251,28.25,Sciences,Cote-Nord,G0G,51515,15,183.9,1,0
C012058,28.15,Sciences sociales,Cote-Nord,G0G,43191,16,293.9,0,0
C000992,26.2,Arts et lettres,Capitale-Nationale,G3A,90642,9,12.2,0,0
C013411,25.9,Genie,Cote-Nord,G4R,70065,11,239.6,1,0
C002028,29.24,Arts et lettres,Gaspesie-Iles-de-la-Madeleine,G0C,147587,11,141.6,0,1
C001906,28.24,Sciences sociales,Gaspesie-Iles-de-la-Madeleine,G0C,40333,19,59.7,0,0
C011849,27.73,Sciences,Capitale-Nationale,G1V,62363,9,1.3,0,0
C008541,22.94,Arts et lettres,Gaspesie-Iles-de-la-Madeleine,G4X,60821,10,84.6,1,0
C013489,23.04,Sante,Montreal,H4L,64153,4,12.7,0,0
C011825,25.65,Sciences sociales,Bas-Saint-Laurent,G5L,41855,17,135.9,0,0
C001753,27.02,Genie,Montreal,H1A,59394,11,4.2,0,0
C013981,23.89,Arts et lettres,Montreal,H8N,68536,8,40.3,0,0
C011977,28.35,Genie,Bas-Saint-Laurent,G0L,35836,22,93.8,1,1
C000308,36.7,Sante,Montreal,H1A,56253,6,5.7,0,1
C002882,31.95,Sante,Gaspesie-Iles-de-la-Madeleine,G5C,71164,10,316.5,0,1
C012794,26.44,Genie,Montreal,H4L,100615,9,45.5,0,0
C005318,26.49,Sciences sociales,Cote-Nord,G5B,35997,6,160.4,0,0
C008180,27.28,Sciences sociales,Cote-Nord,G5B,146703,6,228.4,0,0
C013279,29.64,Genie,Montreal,H3T,66857,14,12.7,0,1
C008895,34.36,Arts et lettres,Bas-Saint-Laurent,G0L,105787,7,277.3,1,1
C009543,25.8,Arts et lettres,Capitale-Nationale,G3A,45054,9,47.7,0,0
C003445,26.39,Arts et lettres,Montreal,H8N,61212,8,6.7,0,0
C003134,28.2,Sciences sociales,Bas-Saint-Laurent,G5N,38815,14,220.5,0,0
C012355,27.22,Arts et lettres,Capitale-Nationale,G2E,118586,8,3.6,0,0
C004165,25.09,Sciences sociales,Gaspesie-Iles-de-la-Madeleine,G4X,90654,15,84.7,0,0
C001862,24.3,Arts et lettres,Montreal,H1A,54109,6,17.3,0,0
C007069,23.97,Arts et lettres,Cote-Nord,G4R,54948,19,134.3,0,0
C009935,25.73,Arts et lettres,Bas-Saint-Laurent,G0L,89067,15,188.8,0,0
C010187,27.98,Arts et lettres,Montreal,H8N,177481,6,6.3,1,0
C012568,27.39,Arts et lettres,Cote-Nord,G4R,43537,11,338.8,0,0
C011264,26.35,Sciences,Capitale-Nationale,G1V,161410,10,19.0,0,0
C001493,27.2,Sciences sociales,Cote-Nord,G5B,68048,21,71.3,1,0
C002395,26.83,Sciences sociales,Cote-Nord,G5B,34882,19,97.7,1,0
C011860,26.95,Arts et lettres,Montreal,H3T,54479,8,27.7,0,0
C003895,27.49,Arts et lettres,Capitale-Nationale,G3A,26799,9,42.0,0,0
C011538,21.63,Sciences sociales,Montreal,H8N,61820,5,15.4,0,0
C005234,31.67,Genie,Montreal,H4L,128681,12,20.5,0,1
C013321,21.97,Sante,Gaspesie-Iles-de-la-Madeleine,G0C,35853,20,204.5,1,0
C013557,30.23,Sciences sociales,Capitale-Nationale,G1R,27390,5,30.5,0,1
C012068,24.35,Arts et lettres,Bas-Saint-Laurent,G5N,73960,13,149.3,0,0
C009053,28.09,Genie,Capitale-Nationale,G2E,66872,15,38.7,0,0
C011490,22.41,Sciences,Bas-Saint-Laurent,G5L,83148,14,323.4,1,0
C013451,20.71,Sciences,Gaspesie-Iles-de-la-Madeleine,G5C,53521,6,122.8,1,0
C011015,31.73,Genie,Montreal,H2X,96452,9,13.2,0,1
C008613,32.13,Genie,Montreal,H2X,79217,7,7.5,0,1
C004355,25.57,Arts et lettres,Montreal,H2X,73464,9,20.3,0,0
C012270,30.02,Sciences,Gaspesie-Iles-de-la-Madeleine,G5C,125617,14,172.3,1,1
C012936,27.26,Genie,Montreal,H1A,58874,7,11.4,0,0
C004601,29.41,Sante,Gaspesie-Iles-de-la-Madeleine,G0C,51963,16,241.8,0,1
C013888,34.13,Sciences,Capitale-Nationale,G1V,55937,5,17.1,0,1
C008251,28.66,Sciences,Montreal,H3T,54576,9,22.2,0,1
C000601,30.26,Sante,Montreal,H2X,50724,8,5.4,1,1
C006571,26.94,Sante,Gaspesie-Iles-de-la-Madeleine,G0C,33565,9,281.1,0,0
C008932,31.8,Sciences sociales,Capitale-Nationale,G3A,112206,10,13.8,1,1
C007079,28.65,Sciences sociales,Montreal,H2X,120103,9,22.1,0,0
C012348,27.76,Genie,Montreal,H4L,39664,10,40.6,1,0
C013350,28.58,Genie,Cote-Nord,G5B,55243,18,352.2,0,1
C007197,28.56,Sciences sociales,Cote-Nord,G5B,67256,15,109.3,0,0
C013768,26.12,Sante,Capitale-Nationale,G3A,96662,10,27.4,0,1
C004731,27.67,Sciences,Capitale-Nationale,G1V,100017,14,14.2,0,1
C011670,29.49,Sciences,Capitale-Nationale,G3A,69925,11,8.7,0,1
C000397,27.98,Arts et lettres,Capitale-Nationale,G1R,75727,7,24.8,0,0
C001555,31.4,Sante,Gaspesie-Iles-de-la-Madeleine,G5C,42677,13,289.5,1,1
C003018,30.28,Sciences,Montreal,H3T,94597,10,10.1,0,1
C000578,27.24,Sciences sociales,Montreal,H1A,62241,9,3.6,0,1
C008696,24.03,Arts et lettres,Capitale-Nationale,G1R,27859,10,22.2,1,0
C009289,27.77,Sciences sociales,Montreal,H2X,217442,13,15.0,0,1
C002170,26.11,Arts et lettres,Capitale-Nationale,G3A,76762,10,22.7,1,0
C002470,28.86,Genie,Capitale-Nationale,G3A,68970,7,6.3,0,0
C005902,26.61,Sante,Montreal,H3T,69726,14,31.6,0,0
C008459,27.0,Sciences,Montreal,H1A,93563,8,20.1,0,1
C012305,34.63,Arts et lettres,Montreal,H8N,73398,8,19.0,0,1
C004345,25.5,Genie,Montreal,H2X,108312,13,26.7,0,0
C013946,33.34,Arts et lettres,Montreal,H3T,26034,14,49.3,0,1
C005423,24.86,Genie,Gaspesie-Iles-de-la-Madeleine,G4X,42220,9,269.1,0,0
C007524,27.09,Genie,Cote-Nord,G0G,40683,9,576.0,0,0
C001769,20.35,Sciences,Capitale-Nationale,G1V,47881,16,19.9,0,0
C002964,23.19,Sante,Montreal,H2X,108029,6,1.0,0,0
C005970,25.45,Arts et lettres,Bas-Saint-Laurent,G5L,52521,15,123.0,1,0
C000097,32.29,Arts et lettres,Bas-Saint-Laurent,G5N,63976,11,313.0,0,1
C004426,28.81,Sciences,Montreal,H4L,63907,9,35.9,0,1
C006260,26.17,Sciences,Montreal,H1A,35000,10,16.7,0,0
C008271,28.56,Sante,Montreal,H1A,54937,8,26.3,0,1
C004076,26.8,Genie,Capitale-Nationale,G1R,93972,8,15.8,0,0
C010152,25.25,Sciences sociales,Cote-Nord,G5B,17463,9,122.5,1,0
C006444,31.22,Genie,Gaspesie-Iles-de-la-Madeleine,G5C,50741,16,185.2,1,1
C012434,30.65,Sciences sociales,Montreal,H1A,59366,19,73.4,1,1
C002148,26.81,Sciences,Bas-Saint-Laurent,G5L,47671,15,202.4,0,0
C005056,24.36,Arts et lettres,Bas-Saint-Laurent,G0L,43492,17,183.5,0,0
C009492,26.3,Sciences,Montreal,H3T,98464,6,15.9,0,0
C008810,27.92,Genie,Bas-Saint-Laurent,G0L,32731,18,218.1,0,0
C012643,26.52,Sciences sociales,Montreal,H4L,95651,8,85.2,0,0
C012854,29.53,Arts et lettres,Montreal,H1A,73406,9,25.5,0,1
C002266,25.84,Sante,Montreal,H2X,56861,7,9.9,0,0
C008600,28.2,Sciences sociales,Montreal,H3T,119896,7,15.7,0,1
C001280,27.38,Sciences,Cote-Nord,G5B,35514,13,153.9,0,0
C013087,29.28,Genie,Cote-Nord,G4R,71677,12,398.2,0,0
C010741,29.79,Genie,Montreal,H1A,38027,11,14.6,0,1
C008458,29.43,Genie,Capitale-Nationale,G3A,75111,5,28.5,1,1
C012158,26.42,Sante,Montreal,H8N,88850,8,24.7,0,0
C007685,30.01,Genie,Montreal,H1A,136750,8,3.5,0,1
C001920,26.25,Arts et lettres,Capitale-Nationale,G1V,63069,8,21.1,0,0
C011924,30.65,Genie,Capitale-Nationale,G3A,64780,9,19.0,0,1
C008913,23.57,Sciences,Cote-Nord,G4R,55031,19,209.3,1,0
C001998,26.65,Genie,Gaspesie-Iles-de-la-Madeleine,G0C,120896,14,121.0,1,0
C012441,26.18,Sciences,Montreal,H1A,61671,5,21.0,0,0
C013290,25.15,Sciences,Bas-Saint-Laurent,G5N,78091,10,171.3,1,0
C013327,24.0,Sciences,Bas-Saint-Laurent,G5L,56584,11,353.2,1,0
C005731,26.95,Sante,Capitale-Nationale,G1R,97172,11,9.3,1,1
C006921,28.72,Sciences sociales,Cote-Nord,G0G,43069,10,72.8,0,1
C011801,23.26,Sante,Montreal,H8N,102001,14,45.2,0,0
C006944,20.45,Genie,Cote-Nord,G0G,51820,18,234.6,0,0
C007309,23.19,Sciences sociales,Montreal,H1A,107882,6,37.1,0,0
C006435,28.91,Sciences,Bas-Saint-Laurent,G0L,21768,11,294.4,0,0
C003739,29.15,Sante,Montreal,H8N,29683,9,16.5,0,0
C010225,23.79,Sante,Cote-Nord,G4R,60086,14,87.1,0,0
C008265,30.54,Sciences,Montreal,H3T,46604,8,13.7,0,1
C006069,27.55,Genie,Montreal,H2X,44465,10,19.4,0,1
C004627,20.86,Arts et lettres,Bas-Saint-Laurent,G0L,106523,19,138.2,0,0
C010351,24.64,Sciences sociales,Capitale-Nationale,G3A,73066,8,16.0,0,0
C000250,23.26,Sante,Gaspesie-Iles-de-la-Madeleine,G5C,32343,10,258.5,0,0
C005763,26.17,Sciences sociales,Cote-Nord,G4R,38582,9,137.9,1,0
C010223,30.06,Arts et lettres,Montreal,H4L,53385,6,8.7,0,1
C007743,26.66,Sante,Capitale-Nationale,G2E,85295,7,9.2,0,0
C005084,27.79,Arts et lettres,Cote-Nord,G5B,26170,15,426.2,0,0
C013978,30.73,Sante,Cote-Nord,G4R,29320,13,109.4,1,1
C013186,28.97,Arts et lettres,Montreal,H3T,104473,10,5.3,1,1
C003870,25.26,Genie,Montreal,H8N,74231,9,23.4,0,0
C003950,23.42,Sciences sociales,Gaspesie-Iles-de-la-Madeleine,G4X,63418,16,250.3,1,0
C003405,31.79,Genie,Montreal,H4L,107077,8,37.5,0,1
C012190,35.19,Sante,Capitale-Nationale,G3A,37086,7,5.8,0,1
C008370,31.82,Sciences,Capitale-Nationale,G3A,79495,9,22.5,0,1
C002354,28.84,Arts et lettres,Bas-Saint-Laurent,G0L,31253,10,216.8,1,0
C009201,24.98,Arts et lettres,Cote-Nord,G4R,32201,11,112.2,0,0
C012368,26.76,Arts et lettres,Bas-Saint-Laurent,G5N,25183,14,351.6,0,0
C000621,25.92,Genie,Montreal,H8N,37854,8,2.0,0,0
C010731,27.81,Genie,Capitale-Nationale,G1R,32848,8,5.4,1,0
C011936,26.3,Genie,Montreal,H3T,52994,14,13.9,1,0
C006631,30.6,Sciences,Montreal,H2X,70027,13,13.7,0,1
C010022,32.85,Sciences,Capitale-Nationale,G1R,133895,11,11.6,0,1
C006490,27.42,Genie,Gaspesie-Iles-de-la-Madeleine,G4X,51978,13,212.4,1,0
C007299,31.76,Sciences,Gaspesie-Iles-de-la-Madeleine,G5C,72644,13,246.4,0,1
C013968,22.63,Sante,Montreal,H1A,79184,6,23.0,0,0
C006036,32.44,Genie,Montreal,H1A,42671,8,3.0,1,1
C013837,25.99,Arts et lettres,Capitale-Nationale,G3A,81626,5,7.2,1,0
C007609,28.76,Genie,Capitale-Nationale,G3A,89546,9,35.8,1,0
C004963,29.1,Sante,Montreal,H1A,68221,18,15.2,0,1
C002347,31.82,Genie,Montreal,H4L,114689,16,16.0,0,1
C010721,25.4,Genie,Montreal,H2X,64894,13,26.4,0,0
C005896,26.95,Sante,Capitale-Nationale,G1R,45694,7,30.2,1,1
C006189,25.35,Sciences,Capitale-Nationale,G1V,56847,11,83.9,0,0
C013216,31.03,Arts et lettres,Montreal,H3T,55657,15,18.6,1,1
C012699,25.61,Sciences,Capitale-Nationale,G3A,47714,11,57.4,0,0
C002927,28.36,Arts et lettres,Cote-Nord,G4R,67540,13,586.6,1,0
C002033,27.1,Sciences,Montreal,H3T,52583,12,31.7,0,0
C000039,29.28,Sciences,Montreal,H4L,85872,11,25.5,0,1
C003289,27.31,Arts et lettres,Montreal,H8N,74602,11,57.2,1,0
C002745,22.76,Genie,Capitale-Nationale,G3A,70669,15,7.4,0,0
C004031,28.76,Sciences sociales,Gaspesie-Iles-de-la-Madeleine,G5C,64431,14,82.6,1,1
C013459,27.41,Arts et lettres,Capitale-Nationale,G2E,68543,12,9.6,0,0
C001146,27.15,Arts et lettres,Bas-Saint-Laurent,G5L,24809,11,195.5,0,0
C002147,29.99,Sciences,Montreal,H3T,86845,4,29.0,0,1
C003580,29.0,Sciences sociales,Capitale-Nationale,G2E,51825,10,11.7,0,0
C007109,23.11,Sante,Capitale-Nationale,G1V,52984,5,6.0,0,0
C002613,25.38,Genie,Capitale-Nationale,G3A,115765,12,16.8,1,0
C005852,26.07,Arts et lettres,Montreal,H3T,52949,8,21.9,0,0
C009516,25.39,Sciences sociales,Bas-Saint-Laurent,G0L,80858,10,201.3,0,0
C007783,32.35,Sante,Gaspesie-Iles-de-la-Madeleine,G5C,74759,16,125.4,0,1
C001948,25.62,Sante,Montreal,H3T,56851,14,32.6,0,0
C011065,31.63,Sante,Montreal,H3T,60985,14,20.5,0,1
C010299,27.73,Sante,Montreal,H3T,69781,12,4.2,0,1
C000943,25.36,Genie,Bas-Saint-Laurent,G0L,76238,10,152.6,0,0
C008454,28.7,Arts et lettres,Bas-Saint-Laurent,G5N,50586,18,102.4,0,0
C003629,28.69,Arts et lettres,Gaspesie-Iles-de-la-Madeleine,G5C,105688,13,140.1,1,1
C006391,24.14,Genie,Gaspesie-Iles-de-la-Madeleine,G4X,51223,7,245.2,0,0
C005077,28.34,Arts et lettres,Montreal,H4L,56268,14,36.5,0,0
C009533,28.07,Genie,Gaspesie-Iles-de-la-Madeleine,G0C,53443,12,213.4,0,0
C002279,28.93,Genie,Capitale-Nationale,G1V,59773,9,7.9,1,1
C004763,24.75,Sante,Montreal,H3T,55561,7,54.2,0,0
C013508,30.1,Sante,Capitale-Nationale,G1V,79017,7,22.8,0,1
C009225,24.69,Sante,Montreal,H1A,58447,18,25.5,0,0
C009740,25.6,Sciences,Montreal,H1A,36711,9,13.2,0,0
C003762,28.16,Arts et lettres,Capitale-Nationale,G2E,50709,8,40.4,0,0
C011869,28.65,Genie,Bas-Saint-Laurent,G5L,80298,10,212.7,0,0
C013473,29.75,Arts et lettres,Montreal,H4L,63050,9,63.3,0,1
C009259,25.4,Genie,Montreal,H4L,76462,6,14.4,0,0
C001310,26.81,Sciences sociales,Montreal,H4L,83567,10,4.7,0,0
C012757,29.77,Sante,Montreal,H4L,126217,9,15.1,0,1
C008717,27.1,Arts et lettres,Montreal,H1A,36874,11,18.5,0,1
C000692,28.37,Genie,Montreal,H1A,44975,4,10.5,0,0
C010287,30.16,Sciences,Bas-Saint-Laurent,G5L,64630,9,229.2,0,1
C008548,27.76,Sciences sociales,Capitale-Nationale,G2E,74819,9,11.8,0,0
C008957,23.4,Sciences,Montreal,H2X,72528,7,14.5,1,0
C000164,29.82,Genie,Montreal,H3T,60920,11,64.0,0,1
C012732,28.18,Sciences sociales,Montreal,H4L,123789,11,12.8,0,1
C010346,23.58,Arts et lettres,Capitale-Nationale,G1V,39998,11,4.7,0,0
C012300,29.18,Sciences sociales,Cote-Nord,G5B,100165,15,252.7,1,1
C006597,24.15,Sciences,Capitale-Nationale,G1V,62315,6,33.0,0,0
C013782,33.91,Arts et lettres,Capitale-Nationale,G3A,123645,15,13.2,0,1
C010722,28.27,Sciences,Bas-Saint-Laurent,G5L,45312,19,116.8,1,0
C004199,26.22,Sante,Bas-Saint-Laurent,G0L,45041,14,314.1,0,0
C013264,27.27,Sciences,Bas-Saint-Laurent,G5L,47082,8,214.7,0,0
C004051,26.99,Genie,Montreal,H3T,45373,14,43.5,0,0
C010072,29.54,Sciences,Cote-Nord,G0G,24070,22,143.2,0,0
C013152,26.19,Sante,Montreal,H1A,35475,7,14.6,0,0
C012523,30.01,Sciences,Capitale-Nationale,G1V,63189,10,42.2,0,1
C002941,30.91,Genie,Capitale-Nationale,G1R,132748,13,48.1,0,1
C002036,26.86,Sciences sociales,Montreal,H4L,70754,11,8.3,0,0
C008098,28.85,Sante,Montreal,H8N,116124,6,4.9,0,1
C002409,25.43,Sciences,Cote-Nord,G5B,37213,11,329.6,1,0
C006198,26.46,Sciences,Cote-Nord,G0G,33902,11,135.1,0,0
C006982,26.65,Genie,Montreal,H3T,46677,8,19.5,0,0
C003995,29.8,Sciences sociales,Gaspesie-Iles-de-la-Madeleine,G5C,69737,7,167.6,0,1
C002183,26.12,Arts et lettres,Bas-Saint-Laurent,G5N,73654,16,480.1,1,0
C008015,26.03,Arts et lettres,Cote-Nord,G4R,85065,16,142.0,0,0
C000561,24.24,Genie,Montreal,H4L,44415,11,29.2,0,0
C005328,31.93,Sciences sociales,Capitale-Nationale,G1R,35092,12,5.0,1,1
C011655,29.43,Sciences sociales,Montreal,H8N,70871,9,60.0,0,1
C000365,26.73,Sante,Cote-Nord,G4R,87098,10,308.3,0,0
C013164,26.12,Sante,Gaspesie-Iles-de-la-Madeleine,G4X,43741,14,154.2,1,0
C007159,25.18,Sciences sociales,Montreal,H4L,85830,6,23.6,0,0
C007841,25.8,Sciences,Cote-Nord,G0G,22375,10,362.9,0,0
C011775,28.82,Sciences sociales,Gaspesie-Iles-de-la-Madeleine,G4X,33952,14,244.5,1,0
C010083,33.01,Sciences sociales,Montreal,H1A,89377,6,25.5,0,1
C003472,26.07,Genie,Cote-Nord,G4R,45476,17,171.8,0,0
C009717,26.25,Genie,Montreal,H4L,47915,13,41.2,0,0
C008651,29.8,Arts et lettres,Bas-Saint-Laurent,G0L,27561,8,298.8,1,0
C007045,27.15,Sciences sociales,Montreal,H8N,47726,10,20.5,0,0
C001295,35.33,Arts et lettres,Montreal,H3T,157041,9,38.6,1,1
C008398,27.41,Arts et lettres,Capitale-Nationale,G1V,29739,5,17.5,0,0
C012851,25.36,Sciences sociales,Cote-Nord,G5B,32023,6,342.6,0,0
C005526,26.31,Sante,Gaspesie-Iles-de-la-Madeleine,G4X,30379,13,360.5,0,0
C013064,26.89,Genie,Montreal,H8N,52032,13,8.9,0,0
C007143,28.39,Sciences,Cote-Nord,G5B,49673,9,139.2,1,0
C012931,29.93,Sante,Capitale-Nationale,G1R,87401,5,11.1,1,1
C013783,27.0,Sciences sociales,Bas-Saint-Laurent,G5L,28011,15,161.8,0,0
C002772,34.24,Sante,Capitale-Nationale,G1R,67401,5,26.3,0,1
C010254,28.73,Genie,Montreal,H8N,103949,6,12.3,0,1
C012944,23.58,Sante,Montreal,H3T,45282,10,28.9,0,0
C002249,30.82,Sciences sociales,Gaspesie-Iles-de-la-Madeleine,G5C,46885,19,254.7,1,1
C011452,28.73,Arts et lettres,Gaspesie-Iles-de-la-Madeleine,G0C,25004,17,314.1,1,0
C001741,31.22,Genie,Cote-Nord,G5B,39387,16,346.1,1,1
C004715,25.18,Sciences,Cote-Nord,G5B,39128,10,38.5,1,0
C011726,27.26,Genie,Montreal,H4L,50108,6,20.5,0,0
C006788,31.4,Arts et lettres,Capitale-Nationale,G3A,61824,5,20.7,0,1
C013426,25.71,Arts et lettres,Bas-Saint-Laurent,G5N,31218,20,258.4,1,0
C010156,26.86,Genie,Montreal,H2X,212714,12,39.6,0,1
C013568,29.91,Sante,Montreal,H4L,41709,8,22.3,0,1
C000785,32.76,Genie,Montreal,H1A,56747,8,8.6,1,1
C003607,23.71,Sante,Gaspesie-Iles-de-la-Madeleine,G5C,59580,11,149.1,1,0
C011704,27.72,Sciences,Montreal,H4L,28679,10,36.4,0,0
C006089,31.88,Sciences,Montreal,H4L,144940,7,20.1,0,1
C012976,27.84,Genie,Montreal,H3T,78459,11,10.8,0,0
C003585,30.11,Sante,Gaspesie-Iles-de-la-Madeleine,G5C,89735,16,203.2,1,1
C005106,26.43,Genie,Capitale-Nationale,G1R,37182,13,19.7,0,0
C002900,30.7,Sante,Capitale-Nationale,G1V,57725,16,1.1,1,1
C007307,29.06,Sciences sociales,Capitale-Nationale,G2E,58445,12,5.8,0,1
C010966,22.26,Arts et lettres,Gaspesie-Iles-de-la-Madeleine,G4X,54451,15,193.9,1,0
C008905,27.39,Genie,Capitale-Nationale,G1V,92292,8,21.6,0,1
C009184,32.08,Sciences,Montreal,H1A,64827,8,11.4,1,1
C003784,24.74,Arts et lettres,Bas-Saint-Laurent,G5L,71712,16,70.4,0,0
C009088,26.6,Sciences,Montreal,H3T,107807,7,25.8,0,0
C006121,22.81,Genie,Gaspesie-Iles-de-la-Madeleine,G4X,39552,13,117.9,0,0
C004147,26.45,Sciences sociales,Bas-Saint-Laurent,G5L,69703,19,198.8,0,0
C012991,21.47,Sciences,Montreal,H8N,83248,3,51.7,1,0
C010253,20.26,Genie,Capitale-Nationale,G1R,73606,9,15.3,0,0
C003723,23.36,Sante,Capitale-Nationale,G1V,32360,11,52.8,0,0
C004976,29.86,Sante,Montreal,H3T,50845,16,16.7,1,1
C001478,27.31,Sciences sociales,Montreal,H2X,45657,11,11.6,1,0
C013298,28.16,Arts et lettres,Montreal,H1A,74635,15,22.7,0,1
C013577,25.27,Sante,Gaspesie-Iles-de-la-Madeleine,G4X,59992,13,254.8,1,0
C005858,27.6,Arts et lettres,Montreal,H1A,99506,8,13.4,1,0
C000159,30.34,Sciences,Montreal,H4L,55000,5,16.0,1,0
C011173,22.32,Arts et lettres,Cote-Nord,G0G,78726,14,205.9,1,0
C003154,26.98,Sciences sociales,Cote-Nord,G5B,34060,12,164.8,0,0
C001352,32.91,Sciences,Gaspesie-Iles-de-la-Madeleine,G5C,110854,19,291.3,0,1
C002298,29.57,Sante,Gaspesie-Iles-de-la-Madeleine,G4X,98527,13,292.6,0,1
C004453,27.6,Arts et lettres,Cote-Nord,G4R,46453,11,322.7,1,0
C012956,24.6,Genie,Montreal,H8N,29993,12,33.1,0,0
C013972,25.99,Sciences sociales,Capitale-Nationale,G1V,117845,4,49.5,0,0
C008139,23.3,Genie,Gaspesie-Iles-de-la-Madeleine,G4X,114052,13,190.1,0,0
C012280,30.26,Sciences,Montreal,H8N,101001,6,12.3,0,1
C003939,24.73,Arts et lettres,Cote-Nord,G4R,53324,11,198.7,0,0
C007853,29.16,Sante,Montreal,H8N,115566,9,14.7,0,1
C013713,26.71,Sciences sociales,Montreal,H3T,62266,6,26.5,0,0
C001395,27.22,Genie,Capitale-Nationale,G2E,73396,7,3.6,1,0
C002252,27.94,Arts et lettres,Cote-Nord,G4R,127109,12,272.3,1,0
C005310,30.42,Sante,Gaspesie-Iles-de-la-Madeleine,G4X,35595,12,162.4,0,1
C009766,25.4,Sciences sociales,Montreal,H2X,44795,14,8.8,1,0
C010446,30.56,Sciences sociales,Bas-Saint-Laurent,G5L,113998,18,208.4,1,1
C011154,27.66,Genie,Bas-Saint-Laurent,G5L,68724,12,208.1,0,0
C012730,31.38,Sante,Capitale-Nationale,G2E,110888,12,1.6,0,1
C013311,28.1,Genie,Capitale-Nationale,G2E,18162,4,16.9,0,0
C006546,24.42,Genie,Montreal,H2X,82729,9,20.3,0,0
C005875,34.49,Arts et lettres,Cote-Nord,G4R,72013,10,326.4,0,1
C012174,27.72,Sante,Cote-Nord,G5B,24370,12,378.0,0,0
C006987,24.85,Sciences,Bas-Saint-Laurent,G0L,34646,12,355.9,0,0
C001506,30.15,Sante,Gaspesie-Iles-de-la-Madeleine,G0C,67221,12,247.7,1,1
C003300,31.5,Genie,Cote-Nord,G5B,128043,11,216.8,0,1
C011172,24.85,Sante,Gaspesie-Iles-de-la-Madeleine,G0C,64403,11,417.2,1,0
C010589,23.07,Sante,Montreal,H8N,62950,8,30.9,1,0
C000477,27.45,Genie,Capitale-Nationale,G1V,175240,17,23.3,0,1
C000273,29.15,Sciences,Montreal,H2X,98718,4,11.2,0,1
C013679,21.42,Genie,Capitale-Nationale,G2E,76129,13,21.6,1,0
C011944,27.65,Genie,Bas-Saint-Laurent,G0L,43762,20,330.7,0,1
C002399,27.23,Sante,Bas-Saint-Laurent,G0L,48053,12,413.5,1,0
C000373,33.16,Sciences sociales,Montreal,H4L,102833,13,21.9,0,1
C002335,30.85,Genie,Capitale-Nationale,G1V,88951,6,10.0,0,1
C006043,28.87,Sante,Capitale-Nationale,G1R,90244,7,23.2,1,1
C011855,25.83,Genie,Cote-Nord,G0G,65999,15,503.6,1,0
C009659,31.27,Sciences,Montreal,H1A,62681,10,38.0,0,1
C007938,28.97,Sciences sociales,Montreal,H4L,79532,8,23.1,0,0
C010713,25.97,Genie,Capitale-Nationale,G2E,132603,15,14.4,1,1
C000830,29.29,Genie,Montreal,H4L,47232,9,9.1,0,1
C004469,24.62,Arts et lettres,Montreal,H2X,84258,13,19.6,0,0
C003767,25.85,Arts et lettres,Montreal,H3T,102693,4,17.6,1,0
C006737,23.38,Sciences,Gaspesie-Iles-de-la-Madeleine,G0C,41430,16,114.2,1,0
C013552,27.22,Arts et lettres,Montreal,H4L,60393,5,33.9,1,0
C013388,27.81,Arts et lettres,Gaspesie-Iles-de-la-Madeleine,G5C,82567,10,124.8,0,0
C005313,26.58,Sciences,Montreal,H8N,86833,12,22.4,1,0
C011246,26.69,Sciences,Gaspesie-Iles-de-la-Madeleine,G4X,68437,9,125.1,1,0
C004070,32.76,Sciences sociales,Montreal,H8N,60027,8,29.7,1,1
C007073,27.47,Sciences,Capitale-Nationale,G2E,110841,10,6.8,0,0
C004267,31.39,Sante,Montreal,H1A,50607,8,18.5,0,1
C003076,24.91,Sciences,Gaspesie-Iles-de-la-Madeleine,G5C,31980,14,101.4,1,0
C002948,27.22,Sciences sociales,Gaspesie-Iles-de-la-Madeleine,G0C,34494,9,279.1,0,0
C012272,30.37,Sciences,Montreal,H4L,72789,7,46.9,0,1
C009710,27.96,Arts et lettres,Capitale-Nationale,G1R,100713,9,35.4,1,1
C011820,28.17,Genie,Capitale-Nationale,G2E,177412,15,46.7,0,1
C005063,27.86,Arts et lettres,Gaspesie-Iles-de-la-Madeleine,G0C,37228,12,208.7,1,0
C009220,31.29,Sante,Bas-Saint-Laurent,G0L,68228,8,22.4,1,1
C002539,26.33,Arts et lettres,Cote-Nord,G4R,34482,9,451.6,0,0
C005347,23.44,Sciences,Bas-Saint-Laurent,G5L,60833,13,315.3,1,0
C009743,25.6,Genie,Montreal,H2X,95564,15,6.9,1,1
C005698,29.62,Sciences,Montreal,H8N,72427,6,52.2,0,1
C005700,27.47,Sante,Cote-Nord,G5B,36906,11,382.2,0,0
C007193,28.16,Sciences sociales,Bas-Saint-Laurent,G5N,44952,17,282.7,1,0
C002574,27.5,Sciences sociales,Montreal,H4L,62004,8,4.7,0,0
C004082,22.9,Sciences sociales,Capitale-Nationale,G3A,121563,9,20.9,0,0
C009193,27.66,Sciences,Montreal,H4L,101558,9,23.2,0,0
C012908,26.8,Sciences sociales,Montreal,H1A,104736,10,11.8,0,1
C006315,27.34,Arts et lettres,Cote-Nord,G5B,51839,12,92.7,0,0
C010120,26.99,Sciences,Montreal,H2X,53869,8,35.2,1,0
C012420,21.38,Sciences sociales,Capitale-Nationale,G2E,99607,14,10.9,1,0
C009411,30.31,Sciences,Capitale-Nationale,G1R,76918,9,16.2,1,1
C004895,24.54,Sciences sociales,Gaspesie-Iles-de-la-Madeleine,G5C,29847,10,161.6,1,0
C004290,25.39,Sciences,Capitale-Nationale,G2E,82484,7,55.4,1,0
C010423,19.85,Sciences sociales,Capitale-Nationale,G2E,120687,7,31.4,0,0
C006091,26.23,Sciences sociales,Capitale-Nationale,G1V,59196,6,17.6,1,0
C002187,36.34,Sante,Bas-Saint-Laurent,G5L,42024,8,105.2,0,1
C009350,28.4,Sciences,Montreal,H4L,112818,8,20.1,0,0
C000248,24.84,Sciences,Cote-Nord,G5B,16793,10,28.0,1,0
C008786,26.59,Sante,Bas-Saint-Laurent,G0L,37316,11,241.8,1,0
C013413,26.16,Genie,Cote-Nord,G5B,44857,10,250.1,0,0
C002285,27.64,Sante,Gaspesie-Iles-de-la-Madeleine,G4X,20914,13,184.0,0,0
C003334,31.74,Genie,Capitale-Nationale,G1R,79221,9,11.6,0,1
C009013,29.52,Genie,Gaspesie-Iles-de-la-Madeleine,G0C,34880,18,283.9,0,0
C002647,31.15,Sante,Montreal,H3T,92282,7,30.1,0,1
C006890,27.47,Genie,Bas-Saint-Laurent,G5L,48607,13,241.1,1,0
C001211,25.04,Sante,Montreal,H1A,59084,12,30.3,0,0
C008035,26.3,Genie,Gaspesie-Iles-de-la-Madeleine,G0C,77396,19,131.7,1,0
C006634,24.51,Genie,Bas-Saint-Laurent,G0L,58027,10,272.8,0,0
C004642,31.07,Genie,Montreal,H2X,54592,10,15.0,1,1
C005443,28.52,Genie,Capitale-Nationale,G1R,66775,18,34.6,0,1
C001825,28.59,Sciences sociales,Capitale-Nationale,G3A,120583,3,32.6,1,0
C009634,26.96,Genie,Gaspesie-Iles-de-la-Madeleine,G4X,114701,11,313.4,1,0
C012834,25.15,Sciences sociales,Montreal,H3T,35129,6,4.5,0,0
C007512,25.94,Sante,Bas-Saint-Laurent,G5L,32831,12,73.9,1,0
C006567,29.15,Arts et lettres,Bas-Saint-Laurent,G5L,69894,11,211.9,1,1
C000245,26.22,Sante,Montreal,H4L,112426,4,35.1,1,0
C008297,31.89,Sciences,Capitale-Nationale,G3A,81621,7,15.4,0,1
C009113,23.85,Sciences sociales,Gaspesie-Iles-de-la-Madeleine,G0C,22007,17,510.8,0,0
C002561,27.87,Arts et lettres,Capitale-Nationale,G1V,77592,9,21.9,0,1
C010138,28.51,Arts et lettres,Cote-Nord,G0G,66857,9,319.9,0,0
C003516,26.09,Genie,Cote-Nord,G0G,55382,21,193.5,0,0
C012882,28.62,Sante,Montreal,H2X,63664,10,27.4,0,1
C001311,26.26,Sante,Montreal,H3T,48003,8,10.8,0,0
C006463,38.41,Sciences sociales,Montreal,H8N,38743,10,24.6,1,1
C001535,21.6,Sante,Cote-Nord,G5B,30457,8,271.7,0,0
C012185,24.27,Sciences sociales,Capitale-Nationale,G1R,46033,13,15.6,0,0
C000563,27.94,Arts et lettres,Montreal,H2X,65270,13,17.1,0,1
C007148,28.08,Sante,Capitale-Nationale,G3A,60299,10,13.6,0,0
C006995,32.13,Sante,Montreal,H4L,70535,9,9.6,0,1
C012562,29.93,Sante,Gaspesie-Iles-de-la-Madeleine,G5C,27828,11,149.5,1,0
C013384,27.05,Arts et lettres,Capitale-Nationale,G3A,51118,2,7.8,0,0
C001498,31.43,Sciences sociales,Gaspesie-Iles-de-la-Madeleine,G5C,36370,11,180.8,0,1
C008808,25.75,Sciences,Cote-Nord,G5B,65549,9,181.7,0,0
C004125,21.24,Sciences,Gaspesie-Iles-de-la-Madeleine,G4X,46918,6,258.6,0,0
C010238,32.38,Sciences sociales,Capitale-Nationale,G2E,62453,9,9.4,0,1
C004952,30.25,Genie,Montreal,H8N,54559,9,13.2,0,1
C005179,25.17,Sciences,Montreal,H2X,126025,9,9.0,0,0
C004927,25.41,Sante,Cote-Nord,G5B,56922,11,188.4,0,0
C006266,26.28,Sciences,Montreal,H1A,95148,10,23.6,1,0
C013820,28.09,Sciences sociales,Capitale-Nationale,G2E,47176,9,14.5,0,0
C005794,27.3,Sante,Montreal,H1A,43121,13,27.4,0,0
C009782,25.32,Sciences,Montreal,H3T,90245,4,18.9,0,0
C004487,27.42,Sciences,Montreal,H8N,63277,10,12.1,0,0
C002617,23.83,Genie,Gaspesie-Iles-de-la-Madeleine,G0C,64396,13,176.3,0,0
C009654,27.79,Sciences sociales,Cote-Nord,G0G,26051,13,151.0,0,0
C002618,22.96,Genie,Cote-Nord,G4R,100712,14,601.6,1,0
C000033,35.07,Sante,Montreal,H3T,92953,11,13.7,0,1
C009541,33.72,Genie,Cote-Nord,G5B,49822,14,191.6,0,1
C006729,28.61,Sciences,Cote-Nord,G0G,54451,12,523.6,0,0
C004566,20.94,Sciences,Gaspesie-Iles-de-la-Madeleine,G4X,45309,9,145.1,0,0
C009271,29.8,Sante,Montreal,H1A,86319,9,29.3,0,1
C003843,27.46,Sciences,Montreal,H2X,152145,7,9.7,0,1
C010335,22.4,Sciences sociales,Cote-Nord,G0G,105169,13,168.2,1,0
C006939,29.24,Genie,Montreal,H4L,46634,12,8.7,0,1
C008796,33.18,Sciences,Cote-Nord,G4R,64085,14,397.8,0,1
C009371,31.55,Sante,Capitale-Nationale,G2E,69308,7,33.7,0,1
C003390,29.92,Sciences,Capitale-Nationale,G2E,72102,11,23.5,0,1
C012824,26.24,Sciences sociales,Gaspesie-Iles-de-la-Madeleine,G4X,51470,16,155.1,0,0
C009267,22.66,Sciences sociales,Montreal,H3T,45336,18,21.1,0,0
C008920,27.09,Sciences,Cote-Nord,G0G,52500,14,314.7,0,0
C012587,26.43,Sante,Montreal,H1A,72570,9,44.1,1,1
C009473,29.8,Sciences,Gaspesie-Iles-de-la-Madeleine,G5C,47344,9,186.0,0,0
C002069,23.75,Genie,Montreal,H8N,141305,10,18.8,0,0
C006802,28.99,Sciences,Montreal,H2X,97363,8,21.6,0,0
C008934,27.39,Sciences sociales,Gaspesie-Iles-de-la-Madeleine,G5C,28798,12,205.9,0,0
C002050,27.66,Genie,Bas-Saint-Laurent,G5N,52996,14,315.9,0,0
C007533,25.74,Genie,Montreal,H2X,51410,7,10.7,1,0
C013027,25.57,Genie,Bas-Saint-Laurent,G5L,74557,20,355.7,0,0
C004569,30.18,Sciences,Montreal,H4L,87694,10,24.2,0,1
C000950,28.91,Arts et lettres,Montreal,H8N,36796,7,11.1,0,0
C003198,26.5,Arts et lettres,Capitale-Nationale,G2E,78645,15,30.2,0,0
C006044,27.87,Sante,Bas-Saint-Laurent,G0L,28025,10,303.4,1,0
C001273,31.64,Arts et lettres,Gaspesie-Iles-de-la-Madeleine,G0C,91917,12,295.5,0,1
C004182,31.08,Sante,Montreal,H1A,52427,7,33.2,0,1
C000226,23.96,Genie,Montreal,H1A,63236,7,5.1,0,0
C000507,27.4,Sante,Montreal,H3T,57475,13,2.9,0,1
C000818,25.99,Arts et lettres,Bas-Saint-Laurent,G5N,68792,13,285.6,0,0
C011590,24.7,Genie,Bas-Saint-Laurent,G5L,38894,11,197.2,1,0
C008451,27.29,Genie,Montreal,H4L,123303,9,21.0,0,0
C003168,31.1,Sciences,Montreal,H1A,104123,12,43.5,0,1
C003822,28.98,Genie,Capitale-Nationale,G1V,69409,9,14.9,0,1
C009742,26.34,Arts et lettres,Capitale-Nationale,G2E,161153,6,20.2,0,1
C004033,27.1,Arts et lettres,Capitale-Nationale,G3A,69446,12,25.5,0,1
C012983,25.16,Arts et lettres,Gaspesie-Iles-de-la-Madeleine,G4X,47250,19,76.4,0,0
C004772,21.96,Genie,Montreal,H1A,111008,12,7.7,0,0
C009403,26.73,Sciences sociales,Capitale-Nationale,G1R,105618,10,21.8,0,1
C001499,27.42,Sciences,Capitale-Nationale,G3A,96399,10,17.3,0,0
C003734,30.57,Sante,Montreal,H1A,109650,9,11.2,0,1
C008391,32.92,Sante,Montreal,H1A,101194,7,25.8,1,1
C009016,28.99,Arts et lettres,Gaspesie-Iles-de-la-Madeleine,G5C,48902,19,283.2,1,0
C004545,25.86,Sciences sociales,Bas-Saint-Laurent,G5L,63355,10,204.4,1,0
C001245,29.53,Genie,Bas-Saint-Laurent,G5N,47311,11,192.6,1,1
C000054,26.66,Sciences,Montreal,H3T,59208,9,9.7,0,0
C002542,25.25,Sciences,Montreal,H2X,110245,9,23.9,0,0
C009032,27.27,Sciences sociales,Gaspesie-Iles-de-la-Madeleine,G0C,101064,13,106.2,1,0
C003933,29.95,Genie,Capitale-Nationale,G1V,127860,6,30.3,0,1
C008006,30.83,Sciences,Gaspesie-Iles-de-la-Madeleine,G0C,100654,14,165.0,0,1
C003045,27.9,Arts et lettres,Montreal,H3T,42835,8,19.7,1,0
C008233,25.17,Arts et lettres,Bas-Saint-Laurent,G5L,52181,7,156.6,0,0
C009302,29.27,Sante,Montreal,H2X,51842,8,22.5,0,0
C003105,27.4,Arts et lettres,Capitale-Nationale,G2E,58649,12,17.1,1,1
C005007,30.6,Sante,Gaspesie-Iles-de-la-Madeleine,G5C,55306,13,333.6,0,1
C013591,22.14,Genie,Cote-Nord,G5B,82739,19,294.9,0,0
C004549,28.37,Arts et lettres,Montreal,H3T,82518,5,11.2,1,0
C001710,23.11,Sciences,Capitale-Nationale,G1V,116584,9,6.6,1,0
C007673,22.91,Sciences,Bas-Saint-Laurent,G5N,37549,9,185.6,1,0
C006229,29.66,Sciences,Bas-Saint-Laurent,G0L,55969,12,534.7,1,1
C000312,31.56,Arts et lettres,Montreal,H4L,65823,8,21.2,0,1
C010953,32.93,Sciences,Gaspesie-Iles-de-la-Madeleine,G4X,55232,12,163.1,1,1
C001758,23.17,Sciences,Montreal,H1A,81117,9,31.3,1,0
C010569,28.46,Sciences,Capitale-Nationale,G3A,65181,11,28.8,0,1
C008040,22.32,Sciences sociales,Montreal,H4L,99349,13,25.8,0,0
C006538,24.0,Sciences,Capitale-Nationale,G2E,102336,8,24.4,1,0
C001830,28.94,Sciences sociales,Gaspesie-Iles-de-la-Madeleine,G0C,63474,14,467.1,1,0
C006449,32.97,Genie,Montreal,H8N,44260,7,10.9,1,1
C008821,27.52,Genie,Montreal,H1A,86923,5,12.5,1,0
C002294,23.71,Sciences,Capitale-Nationale,G1V,71569,5,35.9,1,0
C004361,30.23,Sciences,Bas-Saint-Laurent,G5N,35808,15,154.2,1,1
C008276,26.89,Sante,Gaspesie-Iles-de-la-Madeleine,G5C,102329,14,221.5,1,0
C011577,28.44,Sciences,Montreal,H8N,100293,8,13.3,0,1
C012714,31.41,Sciences sociales,Montreal,H2X,118229,10,28.3,0,1
C005727,25.56,Sante,Montreal,H3T,32976,11,25.3,0,0
C013427,30.15,Sciences sociales,Bas-Saint-Laurent,G5N,40226,9,331.5,0,1
C002154,29.22,Genie,Montreal,H4L,89715,12,12.9,0,1
C011766,18.91,Sciences sociales,Montreal,H1A,42447,10,3.5,0,0
C003681,26.77,Arts et lettres,Cote-Nord,G4R,77036,11,291.5,1,0
C000813,25.06,Arts et lettres,Bas-Saint-Laurent,G5N,36385,16,266.5,0,0
C000334,23.63,Sante,Cote-Nord,G5B,59540,12,187.8,0,0
C002785,25.9,Sciences sociales,Bas-Saint-Laurent,G5L,41769,17,139.2,1,0
C011048,29.01,Sciences,Montreal,H8N,101430,11,43.9,0,1
C011412,32.27,Sciences,Montreal,H2X,89725,13,5.4,0,1
C012537,24.36,Sciences sociales,Bas-Saint-Laurent,G5N,24920,12,148.7,0,0
C004374,31.35,Sciences,Capitale-Nationale,G1R,50607,7,13.8,0,1
C007887,32.19,Sciences sociales,Cote-Nord,G5B,28702,10,399.5,1,1
C000545,24.19,Sante,Bas-Saint-Laurent,G5N,60404,13,256.9,1,0
C005602,26.16,Sante,Montreal,H8N,72086,10,35.6,1,0
C000787,30.15,Sante,Bas-Saint-Laurent,G0L,26429,14,222.0,1,0
C010237,23.32,Sciences sociales,Capitale-Nationale,G1R,71862,14,24.6,0,0
C012653,29.55,Sciences sociales,Bas-Saint-Laurent,G5L,41311,9,93.0,0,0
C009102,24.05,Genie,Bas-Saint-Laurent,G5N,47889,19,261.5,0,0
C001181,26.93,Sante,Bas-Saint-Laurent,G0L,58587,8,195.9,0,0
C001634,25.48,Arts et lettres,Cote-Nord,G0G,42779,10,179.1,0,0
C000598,27.96,Sciences,Montreal,H2X,30092,6,20.1,1,0
C005687,26.11,Arts et lettres,Cote-Nord,G0G,55749,11,109.9,0,0
C008698,23.5,Sante,Gaspesie-Iles-de-la-Madeleine,G0C,48420,10,256.1,1,0
C004213,29.49,Sciences sociales,Montreal,H2X,105114,10,29.0,0,1
C010499,26.44,Arts et lettres,Bas-Saint-Laurent,G5N,43916,13,162.2,0,0
C003358,26.26,Sciences sociales,Gaspesie-Iles-de-la-Madeleine,G0C,91206,4,114.7,0,0
C000122,21.35,Sciences,Capitale-Nationale,G1V,66965,4,8.4,0,0
C009394,25.16,Genie,Bas-Saint-Laurent,G0L,55159,13,215.4,1,0
C010530,33.11,Sante,Montreal,H8N,69072,6,18.1,0,1
C009343,30.87,Sante,Montreal,H3T,66150,8,4.5,1,1
C011364,29.15,Sciences sociales,Gaspesie-Iles-de-la-Madeleine,G4X,79787,11,277.9,0,1
C007412,26.82,Genie,Gaspesie-Iles-de-la-Madeleine,G4X,100997,11,134.9,1,0
C012134,29.52,Sante,Gaspesie-Iles-de-la-Madeleine,G5C,40450,13,251.9,1,0
C012813,31.71,Sciences,Gaspesie-Iles-de-la-Madeleine,G0C,72477,13,131.0,1,1
C005259,31.06,Sciences sociales,Capitale-Nationale,G1V,50369,5,33.7,0,1
C008028,23.34,Genie,Montreal,H1A,46048,7,26.8,1,0
C006590,20.89,Sciences,Cote-Nord,G4R,53101,12,118.2,1,0
C003657,25.51,Genie,Capitale-Nationale,G1V,46933,5,31.9,0,0
C008399,32.11,Sante,Capitale-Nationale,G2E,76337,13,13.9,0,1
C004139,26.07,Sante,Bas-Saint-Laurent,G5N,58090,12,377.2,1,0
C011601,27.94,Genie,Gaspesie-Iles-de-la-Madeleine,G5C,80344,14,244.0,0,1
C004807,29.95,Sciences,Montreal,H4L,38800,5,18.9,0,1
C011710,23.55,Sciences sociales,Gaspesie-Iles-de-la-Madeleine,G5C,68256,6,150.6,0,0
C000683,24.61,Sciences sociales,Montreal,H2X,101845,11,23.3,0,0
C013559,31.12,Sciences sociales,Capitale-Nationale,G3A,47536,3,45.9,0,1
C004183,32.79,Sciences sociales,Montreal,H3T,69992,11,21.3,0,1
C003526,24.56,Arts et lettres,Montreal,H8N,76834,6,24.7,1,0
C012974,26.4,Arts et lettres,Gaspesie-Iles-de-la-Madeleine,G5C,39940,15,277.2,1,0
C013410,29.62,Genie,Montreal,H1A,53494,11,24.8,1,1
C003427,26.44,Sciences sociales,Montreal,H4L,25334,8,4.9,0,0
C004890,27.37,Sante,Montreal,H3T,33248,15,18.3,0,0
C005704,27.38,Sante,Montreal,H1A,48711,5,17.2,0,0
C001108,23.75,Arts et lettres,Bas-Saint-Laurent,G0L,58192,12,313.2,0,0
C010141,23.75,Sante,Capitale-Nationale,G2E,72398,6,9.1,0,0
C010601,28.98,Sciences sociales,Bas-Saint-Laurent,G5N,51731,6,157.2,1,0
C000504,30.41,Arts et lettres,Montreal,H1A,70595,14,11.6,0,1
C005808,27.06,Arts et lettres,Montreal,H1A,47733,4,5.6,0,0
C007448,31.27,Sciences,Capitale-Nationale,G3A,36846,11,8.4,0,1
C000403,27.46,Sciences sociales,Gaspesie-Iles-de-la-Madeleine,G4X,30965,13,142.7,1,0
C010426,25.89,Sciences sociales,Bas-Saint-Laurent,G0L,71357,14,214.0,0,0
C009617,26.73,Arts et lettres,Capitale-Nationale,G3A,91036,6,15.1,0,0
C002832,22.84,Genie,Gaspesie-Iles-de-la-Madeleine,G4X,44319,10,229.0,0,0
C009881,27.09,Sante,Gaspesie-Iles-de-la-Madeleine,G0C,27143,9,173.9,0,0
C000761,26.6,Sciences sociales,Bas-Saint-Laurent,G5L,37039,13,94.3,0,0
C010521,28.16,Arts et lettres,Montreal,H3T,61381,6,21.2,0,0
C009017,27.18,Genie,Montreal,H1A,70479,6,16.4,0,0
C006116,28.68,Sante,Gaspesie-Iles-de-la-Madeleine,G0C,42238,9,238.9,0,1
C007315,31.25,Arts et lettres,Montreal,H1A,97695,9,6.7,0,1
C004089,24.01,Sciences sociales,Montreal,H1A,71099,10,5.4,0,0
C001748,24.93,Genie,Cote-Nord,G4R,82853,12,218.8,0,0
C005277,25.04,Sciences,Gaspesie-Iles-de-la-Madeleine,G0C,56810,16,249.8,1,0
C005001,25.47,Genie,Capitale-Nationale,G2E,111953,6,28.0,0,0
C011171,30.01,Genie,Capitale-Nationale,G2E,78057,7,22.0,0,1
C013011,31.8,Sante,Capitale-Nationale,G2E,65576,7,6.8,0,1
C008984,31.13,Sante,Capitale-Nationale,G1V,64996,7,9.1,0,1
C004925,27.49,Sciences sociales,Montreal,H1A,59762,12,35.7,0,0
C007808,27.31,Genie,Montreal,H4L,100173,8,13.7,0,1
C012231,30.66,Sciences sociales,Montreal,H1A,62362,11,20.6,0,1
C013545,27.28,Sciences,Bas-Saint-Laurent,G5N,43111,17,119.3,0,0
C002328,28.74,Sciences,Gaspesie-Iles-de-la-Madeleine,G5C,95560,10,210.1,0,1
C008779,27.05,Genie,Capitale-Nationale,G1R,81601,10,17.6,0,0
C006398,28.95,Arts et lettres,Gaspesie-Iles-de-la-Madeleine,G5C,29936,7,318.6,0,0
C000896,30.78,Sciences sociales,Montreal,H2X,95879,10,5.6,1,1
C000081,29.91,Sciences sociales,Cote-Nord,G5B,30592,8,377.0,0,0
C001812,28.15,Genie,Montreal,H1A,51450,8,15.0,0,0
C001137,32.05,Sante,Montreal,H8N,83027,9,13.1,0,1
C012103,22.98,Sciences,Montreal,H1A,82612,10,7.3,0,0
C009469,30.78,Sciences sociales,Montreal,H4L,62409,6,12.3,0,1
C004961,24.57,Sciences sociales,Gaspesie-Iles-de-la-Madeleine,G4X,52155,14,177.8,0,0
C009780,25.3,Sante,Capitale-Nationale,G1V,209351,9,29.7,0,0
C013864,29.84,Sciences,Montreal,H1A,86701,7,35.1,0,1
C005590,32.48,Arts et lettres,Capitale-Nationale,G1V,90196,13,17.5,1,1
C005796,24.7,Genie,Capitale-Nationale,G2E,104349,9,16.0,0,0
C001402,22.62,Sciences,Gaspesie-Iles-de-la-Madeleine,G5C,47339,9,125.4,1,0
C004407,27.45,Sciences,Capitale-Nationale,G1R,85546,6,16.9,0,1
C006945,25.67,Sciences sociales,Montreal,H8N,83199,3,35.1,0,0
C002482,29.34,Genie,Cote-Nord,G0G,42311,10,360.9,1,1
C001440,29.91,Arts et lettres,Cote-Nord,G0G,88904,11,269.1,0,0
C010822,25.51,Sciences sociales,Gaspesie-Iles-de-la-Madeleine,G0C,50552,13,381.9,0,0
C003100,32.08,Sante,Bas-Saint-Laurent,G5L,38264,13,356.2,1,1
C005142,33.87,Genie,Capitale-Nationale,G3A,62858,9,28.8,0,1
C008321,30.96,Sante,Bas-Saint-Laurent,G0L,39637,10,229.1,0,1
C010913,27.57,Arts et lettres,Capitale-Nationale,G2E,55088,5,6.1,0,0
C003222,24.05,Sante,Capitale-Nationale,G1R,76387,10,68.7,1,0
C001628,30.21,Genie,Cote-Nord,G5B,18369,9,62.2,0,1
C008111,32.63,Sante,Bas-Saint-Laurent,G5N,34253,18,433.0,0,1
C008846,27.98,Arts et lettres,Montreal,H1A,98227,5,23.7,0,0
C011104,28.93,Sciences,Gaspesie-Iles-de-la-Madeleine,G5C,43173,14,138.9,1,0
C012487,29.28,Genie,Montreal,H2X,68656,9,15.8,0,1
C012005,32.08,Genie,Montreal,H3T,37991,9,16.9,1,1
C009296,31.67,Genie,Cote-Nord,G4R,22310,15,467.4,0,1
C007702,28.64,Sante,Bas-Saint-Laurent,G5N,69780,8,101.4,0,0
C006852,25.26,Genie,Cote-Nord,G0G,101921,16,235.6,0,0
C003884,26.39,Genie,Bas-Saint-Laurent,G5N,63017,9,129.0,1,0
C007024,27.31,Sante,Montreal,H2X,47059,9,36.5,0,0
C007409,29.3,Sciences sociales,Gaspesie-Iles-de-la-Madeleine,G0C,46894,14,142.1,0,1
C005430,30.96,Genie,Bas-Saint-Laurent,G5L,64297,16,130.3,1,1
C010545,23.27,Arts et lettres,Cote-Nord,G0G,63560,10,442.5,0,0
C001855,28.08,Sante,Montreal,H4L,64881,5,45.6,0,0
C005140,28.8,Sciences,Gaspesie-Iles-de-la-Madeleine,G5C,18091,10,311.4,1,0
C007360,32.67,Arts et lettres,Gaspesie-Iles-de-la-Madeleine,G5C,55224,11,232.9,1,1
C011478,26.13,Sciences,Montreal,H2X,80295,7,34.1,1,0
C009964,28.66,Genie,Montreal,H8N,64065,6,16.8,0,0
C012212,30.21,Sciences sociales,Montreal,H2X,67022,7,2.3,0,1
C006841,23.54,Arts et lettres,Gaspesie-Iles-de-la-Madeleine,G4X,121751,16,114.3,1,0
C006310,32.49,Sante,Montreal,H4L,67941,7,15.4,0,1
C001929,25.75,Sciences,Montreal,H4L,52961,11,50.2,0,0
C006797,25.82,Sciences,Bas-Saint-Laurent,G5N,85207,9,205.2,1,0
C013872,27.78,Genie,Bas-Saint-Laurent,G0L,69626,15,505.8,0,0
C007470,24.16,Genie,Montreal,H4L,51207,6,18.6,1,0
C012079,28.75,Sciences,Capitale-Nationale,G1V,75960,8,6.6,0,1
C008226,24.33,Sciences sociales,Bas-Saint-Laurent,G5L,63375,16,431.6,0,0
C013734,27.48,Sciences sociales,Montreal,H4L,73497,4,17.5,1,0
C012576,25.66,Arts et lettres,Gaspesie-Iles-de-la-Madeleine,G5C,78566,11,252.1,0,0
C013230,28.6,Genie,Montreal,H3T,91745,11,22.6,1,1
C006079,30.38,Genie,Montreal,H4L,27631,9,38.8,1,1
C002293,29.56,Sciences sociales,Cote-Nord,G0G,13766,18,125.9,0,0
C012833,26.18,Sciences,Montreal,H4L,94023,11,20.9,0,0
C004295,26.74,Genie,Capitale-Nationale,G1R,106514,15,52.2,0,1
C012065,26.0,Sciences,Bas-Saint-Laurent,G5L,36809,13,268.7,0,0
C006592,30.39,Sciences,Gaspesie-Iles-de-la-Madeleine,G5C,31396,18,168.7,0,1
C009999,25.11,Genie,Montreal,H2X,101110,8,27.2,1,0
C009368,28.54,Sciences sociales,Gaspesie-Iles-de-la-Madeleine,G0C,34107,11,359.0,1,0
C006686,31.41,Sante,Gaspesie-Iles-de-la-Madeleine,G5C,56428,10,372.5,0,1
C008858,28.92,Sciences sociales,Gaspesie-Iles-de-la-Madeleine,G5C,54532,12,431.8,0,1
C000468,26.66,Sciences,Capitale-Nationale,G1V,87767,11,2.0,0,0
C000849,31.07,Sante,Capitale-Nationale,G3A,60977,6,34.5,1,1
C009798,27.11,Genie,Montreal,H3T,96524,9,12.3,0,0
C013195,23.78,Sciences sociales,Montreal,H2X,103340,11,32.7,0,0
C007866,29.46,Sciences,Bas-Saint-Laurent,G5N,46372,10,199.0,1,1
C012661,32.63,Sciences sociales,Montreal,H4L,145811,12,6.2,1,1
C005611,26.83,Arts et lettres,Montreal,H8N,91789,7,10.3,0,0
C001599,29.27,Genie,Montreal,H2X,86077,11,20.4,0,1
C012515,31.16,Genie,Cote-Nord,G5B,47809,19,288.0,1,1
C003196,29.42,Arts et lettres,Capitale-Nationale,G1V,32188,8,6.9,0,0
C007023,27.21,Sante,Cote-Nord,G4R,59498,13,289.7,0,1
C007868,26.87,Sciences,Montreal,H3T,72331,5,23.8,1,0
C001565,29.98,Sciences sociales,Gaspesie-Iles-de-la-Madeleine,G5C,105538,11,135.8,0,1
C003532,25.93,Genie,Cote-Nord,G5B,35334,13,88.2,1,0
C010918,26.7,Sciences,Capitale-Nationale,G1V,50469,11,9.9,0,0
C002786,33.7,Sciences,Montreal,H8N,116799,8,5.5,0,1
C013884,34.16,Sciences,Gaspesie-Iles-de-la-Madeleine,G5C,72709,14,112.9,0,1
C010756,28.11,Genie,Montreal,H1A,89991,8,5.9,0,0
C010989,25.96,Sciences sociales,Gaspesie-Iles-de-la-Madeleine,G5C,77326,12,89.3,0,0
C004136,32.19,Genie,Bas-Saint-Laurent,G0L,46838,11,239.8,0,1
C009941,28.47,Sciences,Capitale-Nationale,G1R,65063,6,11.2,0,0
C008804,29.4,Arts et lettres,Gaspesie-Iles-de-la-Madeleine,G4X,70037,19,146.5,1,1
C007102,27.37,Sciences sociales,Gaspesie-Iles-de-la-Madeleine,G0C,54369,16,222.9,1,0
C010517,27.13,Genie,Capitale-Nationale,G1R,51872,8,15.4,0,0
C004990,31.34,Sciences sociales,Montreal,H1A,89560,3,29.9,0,1
C000362,30.68,Genie,Capitale-Nationale,G1R,46404,9,4.6,0,1
C007183,28.04,Arts et lettres,Montreal,H4L,103742,16,31.5,0,0
C012334,28.63,Genie,Capitale-Nationale,G3A,102413,7,31.5,0,0
C006760,29.12,Genie,Gaspesie-Iles-de-la-Madeleine,G4X,33577,12,190.4,1,0
C001596,26.94,Sciences,Cote-Nord,G4R,66043,16,323.4,1,0
C009885,30.13,Sciences,Gaspesie-Iles-de-la-Madeleine,G0C,43440,10,287.4,0,1
C001135,27.16,Sciences sociales,Cote-Nord,G4R,128831,15,236.4,1,1
C005552,25.64,Sciences,Bas-Saint-Laurent,G5L,53283,9,196.9,0,0
C002218,32.93,Sciences,Montreal,H1A,103277,8,16.9,0,1
C001591,29.83,Sciences sociales,Cote-Nord,G4R,16779,12,307.1,1,0
C005395,27.17,Arts et lettres,Montreal,H2X,68546,12,29.5,0,0
C004711,28.13,Sciences sociales,Montreal,H3T,75034,10,19.0,0,1
C004897,29.71,Sciences,Bas-Saint-Laurent,G5L,30415,19,329.4,1,1
C005860,28.29,Sciences sociales,Capitale-Nationale,G1V,55663,9,22.8,1,1
C009502,28.02,Sante,Montreal,H2X,63044,11,19.0,1,0
C000004,29.71,Arts et lettres,Montreal,H2X,111376,10,7.7,1,1
C002666,30.76,Genie,Montreal,H3T,49089,6,16.2,1,1
C009661,28.47,Genie,Gaspesie-Iles-de-la-Madeleine,G5C,28905,9,56.1,0,0
C000577,23.45,Arts et lettres,Gaspesie-Iles-de-la-Madeleine,G4X,93259,17,341.8,0,0
C013921,31.39,Sciences sociales,Montreal,H1A,81377,11,12.1,0,1
C003112,30.1,Sciences sociales,Montreal,H2X,66457,8,3.6,0,1
C003794,29.63,Sante,Gaspesie-Iles-de-la-Madeleine,G0C,40697,16,280.2,1,1
C000283,31.77,Arts et lettres,Montreal,H1A,100940,8,27.8,1,1
C005353,29.29,Genie,Montreal,H1A,171104,10,8.8,1,1
C000702,25.19,Genie,Montreal,H1A,73706,2,25.4,1,0
C010481,26.09,Genie,Montreal,H8N,177515,12,7.9,0,1
C008731,26.66,Arts et lettres,Montreal,H4L,64744,10,14.5,0,0
C012545,29.08,Sciences sociales,Capitale-Nationale,G1V,68560,6,56.2,0,0
C006947,30.45,Sciences sociales,Gaspesie-Iles-de-la-Madeleine,G5C,99831,12,152.0,0,1
C003226,28.06,Genie,Montreal,H2X,76361,7,9.8,0,0
C011743,23.06,Arts et lettres,Gaspesie-Iles-de-la-Madeleine,G4X,58832,17,87.0,1,0
C006307,23.5,Sciences,Montreal,H4L,89852,7,13.6,1,0
C011691,33.78,Arts et lettres,Capitale-Nationale,G2E,119086,8,11.6,1,1
C012713,24.69,Genie,Cote-Nord,G4R,71445,17,341.4,1,0
C000531,25.95,Sciences sociales,Montreal,H4L,52438,4,32.6,1,0
C011608,25.87,Genie,Montreal,H2X,67971,11,8.3,1,0
C000735,26.13,Sante,Cote-Nord,G4R,59949,17,485.6,0,0
C005062,25.09,Genie,Bas-Saint-Laurent,G5L,65708,10,300.1,0,0
C001928,27.37,Sciences,Bas-Saint-Laurent,G0L,48915,12,293.6,0,0
C007981,27.07,Arts et lettres,Gaspesie-Iles-de-la-Madeleine,G5C,47316,13,150.6,1,0
C003204,26.58,Genie,Montreal,H2X,104033,12,14.5,0,0
C012372,26.26,Sante,Montreal,H3T,51980,7,8.0,0,0
C005709,30.34,Sciences,Montreal,H8N,34150,7,65.9,1,1
C008926,27.11,Arts et lettres,Capitale-Nationale,G3A,105115,8,21.6,0,0
C009873,29.53,Sante,Bas-Saint-Laurent,G5L,58016,7,241.5,0,1
C004144,26.73,Sciences,Bas-Saint-Laurent,G0L,56816,19,102.8,1,0
C005258,22.38,Sante,Montreal,H1A,46423,5,21.4,0,0
C009033,30.69,Sciences sociales,Capitale-Nationale,G3A,47233,7,17.1,0,1
C005567,29.03,Sciences,Capitale-Nationale,G3A,53318,5,9.6,1,1
C008367,24.48,Sciences,Montreal,H2X,74073,11,6.7,0,0
C007644,31.43,Genie,Montreal,H8N,85662,14,34.0,0,1
C010778,23.5,Sciences sociales,Capitale-Nationale,G3A,59175,8,6.4,1,0
C004707,27.77,Sciences,Gaspesie-Iles-de-la-Madeleine,G4X,39631,10,306.3,0,1
C004320,29.56,Sciences,Montreal,H4L,69579,12,7.9,0,1
C009251,27.92,Genie,Montreal,H8N,80014,12,4.3,0,1
C011928,29.25,Sciences sociales,Gaspesie-Iles-de-la-Madeleine,G4X,86667,17,226.6,0,1
C004134,25.74,Sciences,Montreal,H4L,84858,7,6.4,1,0
C007054,29.43,Sciences sociales,Montreal,H1A,39898,9,8.7,0,1
C008065,27.88,Sante,Capitale-Nationale,G3A,59617,7,13.7,1,0
C004735,30.49,Sciences sociales,Capitale-Nationale,G2E,49867,6,11.7,0,1
C000955,25.47,Sciences,Montreal,H4L,54132,9,17.8,0,0
C002512,30.14,Sciences sociales,Cote-Nord,G4R,51888,19,83.8,1,0
C007542,25.71,Sciences,Capitale-Nationale,G1R,58837,9,11.3,0,0
C004386,27.11,Sciences sociales,Capitale-Nationale,G3A,40737,13,21.6,0,0
C001586,32.95,Genie,Gaspesie-Iles-de-la-Madeleine,G0C,40477,6,323.7,1,1
C001080,29.05,Sante,Montreal,H8N,76634,10,12.8,1,0
C006269,23.04,Sante,Capitale-Nationale,G2E,68013,8,7.0,0,0
C009294,26.87,Genie,Montreal,H3T,48231,12,11.4,0,0
C005293,28.97,Sciences sociales,Montreal,H8N,36517,10,10.4,0,0
C006284,24.87,Arts et lettres,Montreal,H4L,121767,5,5.1,0,0
C006875,24.22,Sciences,Bas-Saint-Laurent,G5N,55468,16,74.6,1,0
C008258,34.18,Arts et lettres,Gaspesie-Iles-de-la-Madeleine,G4X,87022,19,230.9,1,1
C003880,23.89,Sciences sociales,Montreal,H8N,56927,7,18.4,0,0
C011512,31.75,Sante,Montreal,H8N,97240,8,15.4,0,1
C007504,24.4,Sciences sociales,Gaspesie-Iles-de-la-Madeleine,G5C,23963,14,278.7,1,0
C007546,29.23,Sciences,Cote-Nord,G4R,34359,17,124.2,1,0
C007573,27.16,Sciences sociales,Capitale-Nationale,G3A,47458,7,24.9,0,1
C000087,26.32,Genie,Cote-Nord,G4R,22816,19,126.4,1,0
C008853,25.37,Sciences sociales,Montreal,H1A,73851,7,29.6,0,0
C007914,33.21,Sciences,Bas-Saint-Laurent,G5N,77058,7,230.1,0,1
C006159,28.83,Arts et lettres,Gaspesie-Iles-de-la-Madeleine,G0C,53250,13,108.2,1,1
C011279,29.14,Genie,Capitale-Nationale,G3A,54316,11,69.6,0,1
C001365,25.33,Sciences,Montreal,H4L,82167,10,61.7,0,0
C006428,30.35,Sciences sociales,Gaspesie-Iles-de-la-Madeleine,G0C,67938,12,314.3,0,1
C004206,33.06,Sciences sociales,Gaspesie-Iles-de-la-Madeleine,G5C,51201,16,450.4,0,1
C009265,29.31,Sciences,Montreal,H8N,64328,6,16.9,1,1
C005253,32.66,Genie,Bas-Saint-Laurent,G5L,59850,16,214.1,1,1
C003961,20.38,Genie,Gaspesie-Iles-de-la-Madeleine,G4X,62285,18,78.7,0,0
C005791,30.27,Sciences,Capitale-Nationale,G1V,87230,8,23.7,0,1
C007662,34.12,Genie,Capitale-Nationale,G2E,54590,6,7.1,0,1
C007641,23.37,Sante,Montreal,H4L,69402,11,58.9,0,0
C010667,26.93,Sciences sociales,Gaspesie-Iles-de-la-Madeleine,G0C,49523,12,74.5,0,0
C012614,27.17,Sciences sociales,Montreal,H3T,188453,7,9.1,0,1
C005471,28.93,Sante,Capitale-Nationale,G2E,64833,7,4.2,1,1
C013110,29.47,Sciences,Montreal,H4L,43941,5,11.9,0,1
C003254,31.02,Arts et lettres,Gaspesie-Iles-de-la-Madeleine,G4X,185965,11,207.4,0,1
C012317,26.72,Sante,Montreal,H2X,106263,9,15.9,0,0
C010844,28.37,Arts et lettres,Montreal,H8N,75184,6,13.3,1,0
C005173,29.57,Genie,Bas-Saint-Laurent,G0L,129879,15,138.4,1,1
C010525,27.14,Sciences sociales,Capitale-Nationale,G1R,65494,7,3.1,0,0
C009014,24.04,Genie,Capitale-Nationale,G1R,60831,14,5.0,1,0
C009153,28.42,Sciences sociales,Montreal,H3T,143583,10,21.3,0,1
C004766,28.06,Sciences,Montreal,H3T,62243,8,3.2,0,1
C007554,23.81,Sciences,Gaspesie-Iles-de-la-Madeleine,G0C,30711,18,438.4,0,0
C012775,29.77,Arts et lettres,Montreal,H2X,79264,9,35.8,0,1
C005722,34.23,Genie,Montreal,H4L,39528,12,14.6,0,1
C004776,30.77,Sciences sociales,Capitale-Nationale,G3A,99837,16,4.9,0,1
C012259,28.32,Genie,Montreal,H8N,107339,7,57.2,0,1
C003158,29.49,Sante,Gaspesie-Iles-de-la-Madeleine,G0C,64821,24,83.4,0,1
C008096,24.48,Sante,Capitale-Nationale,G3A,115449,17,13.0,0,0
C005551,23.9,Sante,Gaspesie-Iles-de-la-Madeleine,G5C,42274,12,186.4,0,0
C006404,25.18,Genie,Gaspesie-Iles-de-la-Madeleine,G5C,66085,14,335.4,1,0
C002689,33.05,Sciences,Montreal,H8N,49822,9,34.3,0,1
C003064,29.19,Genie,Capitale-Nationale,G1R,53270,5,13.0,0,1
C012849,30.66,Sciences sociales,Capitale-Nationale,G1R,45652,9,24.5,1,1
C008679,29.22,Sante,Montreal,H1A,98321,3,20.3,0,0
C009423,26.15,Arts et lettres,Capitale-Nationale,G1V,81202,4,7.3,1,0
C010167,29.39,Sciences,Bas-Saint-Laurent,G0L,68901,18,352.0,0,0
C004755,27.39,Sciences,Capitale-Nationale,G1R,62823,15,17.7,0,1
C006643,24.24,Sante,Montreal,H8N,60124,12,27.7,0,0
C013300,24.93,Sante,Montreal,H8N,63136,12,25.7,1,0
C007483,24.89,Sciences sociales,Capitale-Nationale,G1R,98590,5,20.7,1,0
C011458,26.52,Arts et lettres,Gaspesie-Iles-de-la-Madeleine,G4X,77916,12,370.5,0,0
C006268,27.23,Genie,Montreal,H1A,81381,10,23.5,1,1
C008735,34.94,Sciences,Capitale-Nationale,G1V,56132,8,40.3,0,1
C012374,27.01,Genie,Bas-Saint-Laurent,G5N,51415,22,198.0,0,0
C011039,21.59,Genie,Bas-Saint-Laurent,G5N,41986,13,248.1,0,0
C001376,32.47,Sciences sociales,Gaspesie-Iles-de-la-Madeleine,G0C,59199,12,68.5,1,0
C001954,28.36,Genie,Montreal,H4L,95504,10,14.2,0,1
C013718,30.11,Sante,Gaspesie-Iles-de-la-Madeleine,G5C,68457,9,48.3,0,0
C006007,34.19,Sante,Cote-Nord,G4R,76903,16,172.2,0,1
C013232,27.18,Arts et lettres,Bas-Saint-Laurent,G5L,61667,10,182.2,0,0
C003491,25.75,Genie,Montreal,H8N,98798,7,8.6,1,0
C004705,24.38,Arts et lettres,Montreal,H2X,81632,4,25.4,0,0
C000821,26.0,Sante,Bas-Saint-Laurent,G5L,38906,15,208.0,1,0
C004793,26.13,Sante,Capitale-Nationale,G1R,49563,9,6.7,0,0
C012918,22.38,Sciences,Cote-Nord,G0G,50238,10,153.3,1,0
C001370,30.21,Sciences sociales,Montreal,H3T,80337,6,27.2,0,1
C004786,28.86,Genie,Bas-Saint-Laurent,G5L,88951,12,246.0,0,0
C009207,30.0,Arts et lettres,Montreal,H2X,32045,8,8.2,0,1
C011519,30.5,Sante,Montreal,H4L,71220,7,12.1,0,1
C009204,29.24,Sciences sociales,Montreal,H4L,68250,11,6.8,0,1
C013405,25.74,Sciences sociales,Bas-Saint-Laurent,G5N,44813,8,330.6,0,0
C001807,31.37,Sante,Capitale-Nationale,G1R,101500,8,11.8,0,1
C005110,28.03,Arts et lettres,Bas-Saint-Laurent,G5L,41785,12,115.8,1,0
C007940,27.11,Genie,Montreal,H3T,97749,5,9.1,1,0
C010890,30.39,Arts et lettres,Montreal,H3T,46660,9,21.8,0,1
C001548,27.72,Sciences,Bas-Saint-Laurent,G5N,58617,18,136.4,1,0
C001405,25.56,Sciences,Gaspesie-Iles-de-la-Madeleine,G0C,27632,16,251.4,0,0
C010606,24.8,Arts et lettres,Cote-Nord,G4R,77757,10,114.4,1,0
C011611,27.06,Sante,Gaspesie-Iles-de-la-Madeleine,G5C,56475,11,188.7,0,0
C007880,27.1,Sante,Montreal,H1A,64494,11,6.5,0,0
C011639,26.39,Sante,Bas-Saint-Laurent,G5N,45564,16,193.4,0,0
C011830,20.72,Genie,Capitale-Nationale,G3A,74893,13,4.6,0,0
C008784,25.52,Arts et lettres,Cote-Nord,G0G,54547,20,187.0,0,0
C010605,24.24,Arts et lettres,Montreal,H4L,52740,4,19.1,0,0
C013117,31.84,Sciences,Capitale-Nationale,G3A,63200,12,33.9,1,1
C000643,27.09,Arts et lettres,Montreal,H3T,51995,10,10.0,0,1
C000668,29.73,Sciences,Bas-Saint-Laurent,G5N,56521,15,206.8,0,1
C010672,24.39,Genie,Montreal,H1A,72845,12,41.3,0,0
C010005,29.38,Sciences sociales,Montreal,H1A,24835,12,26.0,0,1
C003772,30.08,Sciences,Montreal,H1A,27300,10,29.1,0,1
C001056,26.89,Arts et lettres,Bas-Saint-Laurent,G5L,30170,9,259.7,1,0
C007153,29.84,Sciences,Montreal,H4L,58621,10,29.3,0,1
C001621,27.16,Sante,Gaspesie-Iles-de-la-Madeleine,G0C,51402,9,133.0,1,0
C012823,25.35,Genie,Bas-Saint-Laurent,G5L,43043,11,288.8,0,0
C006485,27.92,Arts et lettres,Montreal,H8N,119527,13,16.7,0,1
C005948,28.3,Sciences sociales,Cote-Nord,G0G,68989,18,183.2,0,1
C009946,26.91,Sciences,Montreal,H2X,75837,10,2.9,0,0
C006352,24.98,Sante,Montreal,H3T,82696,6,46.5,1,0
C002665,24.25,Genie,Montreal,H1A,107737,8,19.3,0,0
C004104,27.44,Arts et lettres,Cote-Nord,G0G,31994,16,247.1,0,0
C009177,26.29,Sciences sociales,Montreal,H4L,44973,12,9.3,0,0
C007231,28.42,Sciences,Capitale-Nationale,G1V,74642,12,16.1,0,0
C004428,28.71,Genie,Montreal,H3T,47005,6,19.1,0,0
C000966,27.41,Sante,Gaspesie-Iles-de-la-Madeleine,G0C,35368,11,236.3,0,0
C000449,28.63,Sciences sociales,Montreal,H8N,46579,14,35.8,0,1
C001354,28.77,Sciences sociales,Montreal,H2X,45810,6,42.3,0,1
C000650,25.08,Sciences,Montreal,H2X,145233,21,40.5,1,1
C008001,25.49,Sciences sociales,Montreal,H8N,148617,11,32.8,0,0
C008027,30.22,Sante,Gaspesie-Iles-de-la-Madeleine,G0C,32794,14,228.7,1,0
C005790,28.98,Genie,Montreal,H1A,44219,5,35.4,0,0
C009043,26.41,Sciences,Gaspesie-Iles-de-la-Madeleine,G0C,71193,14,337.3,1,0
C010586,26.79,Arts et lettres,Gaspesie-Iles-de-la-Madeleine,G4X,62036,14,274.4,1,1
C005214,29.2,Arts et lettres,Montreal,H8N,93732,4,47.6,0,1
C011942,24.07,Genie,Montreal,H4L,61824,8,18.8,0,0
C005143,26.53,Arts et lettres,Capitale-Nationale,G1V,29325,10,18.2,0,0
C003967,23.51,Genie,Gaspesie-Iles-de-la-Madeleine,G5C,69914,15,352.0,1,0
C006103,30.28,Sciences,Montreal,H4L,118484,13,22.9,0,1
C004245,27.36,Genie,Capitale-Nationale,G3A,101328,7,14.2,0,1
C009246,21.65,Sciences,Bas-Saint-Laurent,G5N,48386,15,479.5,1,0
C008579,28.07,Genie,Bas-Saint-Laurent,G5N,27180,15,369.8,1,0
C003588,26.08,Genie,Capitale-Nationale,G2E,64243,9,7.3,1,0
C008342,30.91,Genie,Capitale-Nationale,G1R,77514,8,0.8,1,1
C000234,30.96,Genie,Bas-Saint-Laurent,G5N,103788,5,366.2,0,1
C001619,24.31,Arts et lettres,Montreal,H4L,63760,10,16.6,1,0
C012105,24.82,Sciences,Montreal,H3T,87454,8,20.0,0,0
C006149,26.59,Genie,Montreal,H4L,48504,4,19.8,0,0
C004109,30.35,Genie,Capitale-Nationale,G1V,85071,9,26.8,0,1
C007201,25.96,Sciences sociales,Gaspesie-Iles-de-la-Madeleine,G0C,89141,15,263.7,1,0
C004471,30.3,Genie,Cote-Nord,G4R,51581,18,204.1,0,1
C006259,22.56,Sciences,Gaspesie-Iles-de-la-Madeleine,G4X,73941,11,183.9,1,0
C009944,25.19,Sciences,Capitale-Nationale,G1V,26896,9,39.8,1,0
C007556,24.01,Arts et lettres,Capitale-Nationale,G1R,84063,9,8.0,0,0
C013039,28.15,Genie,Gaspesie-Iles-de-la-Madeleine,G4X,66069,21,87.7,1,1
C010430,31.04,Sante,Capitale-Nationale,G3A,46808,5,10.6,0,1
C009606,27.07,Sciences,Bas-Saint-Laurent,G5L,83704,7,260.4,1,0
C012693,28.31,Sciences sociales,Montreal,H4L,88785,13,34.6,0,1
C013526,29.85,Genie,Capitale-Nationale,G1V,71885,12,2.1,0,1
C000018,27.32,Sante,Bas-Saint-Laurent,G5L,102549,18,244.5,1,0
C007432,25.46,Arts et lettres,Cote-Nord,G5B,69664,16,237.7,1,0
C008645,23.63,Genie,Montreal,H8N,48467,14,46.4,0,0
C013522,26.43,Genie,Montreal,H3T,98599,7,31.8,0,0
C013602,23.51,Sante,Capitale-Nationale,G2E,68157,9,3.7,1,0
C011545,29.99,Genie,Bas-Saint-Laurent,G5N,38836,15,225.3,1,1
C003511,28.53,Genie,Montreal,H1A,71209,13,17.4,1,1
C008177,27.74,Sciences sociales,Bas-Saint-Laurent,G5N,85895,11,425.4,1,0
C008673,28.77,Genie,Capitale-Nationale,G1V,64335,12,5.0,0,1
C008743,28.96,Sciences,Bas-Saint-Laurent,G5N,76819,9,270.6,1,0
C004137,30.2,Arts et lettres,Capitale-Nationale,G1R,56939,9,8.0,0,0
C010558,22.24,Arts et lettres,Montreal,H1A,50761,10,18.4,0,0
C003724,32.1,Sciences sociales,Montreal,H4L,44818,8,18.4,1,1
C001292,27.36,Arts et lettres,Bas-Saint-Laurent,G5L,49180,14,464.3,0,0
C000475,24.15,Sante,Capitale-Nationale,G1R,86533,10,18.5,1,0
C011525,23.55,Sciences,Bas-Saint-Laurent,G5L,38431,16,265.7,0,0
C002212,27.77,Arts et lettres,Montreal,H4L,133937,4,13.2,1,1
C006904,27.83,Arts et lettres,Gaspesie-Iles-de-la-Madeleine,G0C,28748,13,192.9,1,0
C007175,30.19,Sante,Montreal,H2X,61084,9,22.0,1,1
C007452,29.03,Sciences sociales,Capitale-Nationale,G3A,52216,8,23.7,1,1
C009687,28.75,Sciences,Montreal,H4L,27451,5,4.6,1,1
C005795,23.37,Sciences sociales,Capitale-Nationale,G2E,102746,13,17.8,0,0
C006077,25.66,Sciences,Bas-Saint-Laurent,G5N,31335,10,213.5,0,0
C008468,34.45,Sciences sociales,Bas-Saint-Laurent,G5N,26426,15,202.4,0,1
C012196,28.52,Sciences sociales,Capitale-Nationale,G3A,114921,3,13.8,0,1
C002442,33.02,Sante,Montreal,H2X,60722,7,5.8,1,1
C013339,23.26,Sciences sociales,Cote-Nord,G0G,69647,8,288.4,0,0
C013099,26.7,Genie,Bas-Saint-Laurent,G0L,43657,12,135.3,1,0
C009139,29.38,Sciences,Cote-Nord,G5B,48822,14,66.2,1,0
C007027,26.13,Arts et lettres,Bas-Saint-Laurent,G5L,31105,11,129.7,0,0
C004516,26.52,Sciences sociales,Capitale-Nationale,G2E,63816,12,8.8,0,0
C006431,25.7,Arts et lettres,Capitale-Nationale,G3A,48901,14,8.8,1,0
C009162,29.33,Sante,Capitale-Nationale,G1V,46417,11,6.4,1,0
C003535,29.65,Sante,Cote-Nord,G4R,24699,6,277.1,0,0
C004997,24.54,Sciences,Montreal,H1A,51218,8,56.6,0,0
C001744,28.53,Sante,Capitale-Nationale,G3A,48504,11,11.6,0,0
C002180,25.08,Arts et lettres,Montreal,H3T,78900,14,7.2,0,0
C011230,29.19,Genie,Montreal,H1A,58232,9,21.1,1,0
C000179,27.45,Genie,Gaspesie-Iles-de-la-Madeleine,G0C,121431,17,203.0,0,0
C011596,30.56,Genie,Capitale-Nationale,G2E,42459,8,7.4,0,1
C008325,24.56,Arts et lettres,Gaspesie-Iles-de-la-Madeleine,G0C,48222,10,137.9,1,0
C005715,25.97,Sante,Cote-Nord,G4R,46818,12,200.2,0,0
C008344,21.71,Sciences,Bas-Saint-Laurent,G0L,55607,8,289.8,0,0
C012468,24.99,Genie,Montreal,H4L,74927,8,13.8,1,0
C012922,31.69,Arts et lettres,Montreal,H3T,67723,7,4.9,0,1
C007738,35.79,Sante,Montreal,H2X,49384,7,10.2,0,1
C000305,26.54,Sciences,Capitale-Nationale,G1R,172312,7,21.5,1,0
C000910,26.19,Arts et lettres,Bas-Saint-Laurent,G0L,110122,18,140.9,1,0
C013759,21.48,Genie,Montreal,H2X,47519,14,23.5,0,0
C005097,27.12,Sante,Cote-Nord,G0G,65570,14,144.7,0,0
C006446,28.61,Sante,Montreal,H1A,50724,5,4.2,1,0
C009755,30.31,Sciences,Montreal,H3T,41156,12,7.7,1,1
C012578,27.13,Genie,Cote-Nord,G4R,56434,14,138.7,1,0
C008554,24.85,Sante,Capitale-Nationale,G2E,161175,5,25.9,0,0
C007792,27.41,Sante,Capitale-Nationale,G1V,26932,5,10.1,0,0
C009636,26.52,Arts et lettres,Montreal,H4L,95155,7,13.7,0,0
C009875,31.73,Sante,Gaspesie-Iles-de-la-Madeleine,G5C,93124,9,104.5,0,1
C012529,25.2,Arts et lettres,Cote-Nord,G4R,110847,15,255.0,1,0
C011080,25.17,Genie,Montreal,H4L,100899,6,31.5,0,0
C013168,26.53,Genie,Montreal,H8N,131457,10,4.1,1,1
C009767,26.11,Sante,Capitale-Nationale,G1V,39663,8,18.3,1,0
C005736,26.22,Genie,Montreal,H1A,115881,7,59.5,0,0
C003417,25.85,Sciences,Montreal,H2X,79027,8,16.0,0,0
C000442,28.43,Sciences,Capitale-Nationale,G2E,57938,11,8.5,0,0
C011692,28.09,Arts et lettres,Montreal,H4L,92599,9,11.8,0,1
C009571,29.26,Sante,Gaspesie-Iles-de-la-Madeleine,G5C,66390,12,204.1,0,0
C012599,21.76,Genie,Bas-Saint-Laurent,G5N,60496,11,217.7,1,0
C001343,24.35,Sciences,Capitale-Nationale,G2E,49351,9,13.0,0,0
C013131,26.63,Genie,Montreal,H2X,57347,13,19.9,1,1
C011933,29.13,Sciences sociales,Montreal,H3T,58379,6,13.1,0,0
C004745,30.44,Sante,Capitale-Nationale,G2E,54027,9,24.9,0,1
C004288,27.16,Genie,Cote-Nord,G4R,87681,14,145.4,0,0
C011241,23.87,Arts et lettres,Montreal,H2X,62153,8,4.0,0,0
C005351,23.69,Genie,Gaspesie-Iles-de-la-Madeleine,G4X,25789,10,280.2,1,0
C008217,25.88,Genie,Capitale-Nationale,G2E,33004,9,21.6,1,0
C013815,26.24,Sante,Capitale-Nationale,G3A,51469,2,8.4,0,0
C002932,29.59,Sciences,Capitale-Nationale,G1V,72645,11,7.5,0,1
C010311,23.24,Sante,Cote-Nord,G4R,28525,20,378.5,0,0
C008490,30.46,Genie,Bas-Saint-Laurent,G5L,68037,15,141.7,1,1
C004466,24.07,Arts et lettres,Cote-Nord,G0G,53660,9,333.6,1,0
C008137,20.94,Sciences sociales,Bas-Saint-Laurent,G0L,59866,11,139.6,0,0
C012417,32.41,Sciences,Montreal,H1A,157735,11,13.1,0,1
C008857,31.66,Sciences,Montreal,H1A,55686,9,43.2,0,1
C004667,28.92,Sciences,Capitale-Nationale,G2E,65684,12,48.8,1,1
C005612,26.84,Arts et lettres,Capitale-Nationale,G1V,77063,10,6.0,0,0
C012667,28.58,Sciences,Montreal,H1A,35068,6,32.2,0,0
C013334,26.56,Genie,Capitale-Nationale,G1V,109858,11,17.9,0,0
C005224,29.69,Genie,Montreal,H2X,53775,7,18.2,0,0
C003006,19.56,Genie,Bas-Saint-Laurent,G0L,38091,7,270.2,1,0
C002514,30.12,Sciences sociales,Montreal,H2X,74777,5,12.3,0,1
C000513,28.98,Sante,Bas-Saint-Laurent,G5L,27312,12,162.2,1,0
C005885,30.05,Genie,Montreal,H1A,108978,9,25.3,0,1
C005479,26.9,Sciences,Gaspesie-Iles-de-la-Madeleine,G0C,48278,13,237.4,0,0
C002961,22.77,Sante,Capitale-Nationale,G2E,102589,8,28.9,0,0
C000139,28.74,Sante,Montreal,H4L,88511,17,28.9,0,1
C004645,22.88,Sante,Capitale-Nationale,G1V,120853,11,15.5,0,0
C013057,29.02,Sante,Montreal,H1A,131404,13,7.8,1,1
C006314,23.61,Sciences,Montreal,H1A,71188,11,25.0,0,0
C007236,21.01,Sciences sociales,Bas-Saint-Laurent,G0L,33486,10,200.0,0,0
C012110,31.14,Genie,Bas-Saint-Laurent,G5L,59083,10,468.8,0,1
C008899,31.58,Sciences,Montreal,H1A,125356,4,15.1,0,1
C013463,26.3,Sciences sociales,Montreal,H8N,81187,8,86.1,0,0
C001110,28.32,Sciences,Montreal,H3T,106865,9,39.0,0,1
C007423,28.0,Sciences sociales,Montreal,H1A,57424,9,24.3,0,0
C003143,21.0,Sciences sociales,Gaspesie-Iles-de-la-Madeleine,G0C,45506,17,254.8,1,0
C009945,29.72,Genie,Bas-Saint-Laurent,G0L,80742,11,326.4,1,1
C001681,31.07,Sciences sociales,Capitale-Nationale,G3A,69451,9,15.9,0,1
C011372,24.06,Sante,Bas-Saint-Laurent,G0L,60105,12,329.1,0,0
C005752,30.16,Sciences,Capitale-Nationale,G3A,64789,12,14.9,0,1
C009134,29.74,Sante,Cote-Nord,G4R,53726,12,271.0,1,1
C001610,34.5,Genie,Bas-Saint-Laurent,G5L,40247,15,310.6,0,1
C001143,20.8,Arts et lettres,Cote-Nord,G5B,36931,18,162.3,0,0
C011809,30.23,Sciences,Capitale-Nationale,G1V,60282,6,25.4,1,1
C003687,35.71,Sciences sociales,Capitale-Nationale,G1V,100619,16,6.7,1,1
C008530,27.35,Sciences,Montreal,H8N,45914,13,13.2,0,0
C010468,24.41,Sante,Gaspesie-Iles-de-la-Madeleine,G4X,86497,10,213.0,0,0
C012501,27.97,Sciences,Cote-Nord,G5B,52429,9,242.5,0,1
C006892,24.22,Sciences,Gaspesie-Iles-de-la-Madeleine,G0C,70748,8,247.8,0,0
C007753,28.7,Arts et lettres,Montreal,H3T,47997,13,17.1,0,1
C010785,32.87,Arts et lettres,Montreal,H3T,62248,9,32.2,0,1
C010197,24.78,Sciences sociales,Bas-Saint-Laurent,G5N,57833,14,193.3,0,0
C008335,32.01,Sante,Capitale-Nationale,G1R,51094,7,30.8,0,1
C013955,30.22,Sciences sociales,Gaspesie-Iles-de-la-Madeleine,G5C,50759,12,351.0,0,1
C013172,25.58,Sciences,Capitale-Nationale,G3A,26799,10,6.2,1,0
C004088,27.51,Sciences,Gaspesie-Iles-de-la-Madeleine,G5C,37408,5,195.2,0,0
C000119,27.24,Sciences,Montreal,H3T,45990,6,41.3,1,0
C005092,26.91,Sante,Bas-Saint-Laurent,G5N,21440,8,214.5,1,0
C010572,29.33,Sciences,Montreal,H3T,67460,12,4.4,0,0
C009806,29.01,Sciences sociales,Capitale-Nationale,G2E,87466,8,31.7,0,1
C013417,29.88,Arts et lettres,Capitale-Nationale,G3A,46470,7,44.0,1,1
C013450,28.98,Sciences,Montreal,H1A,80391,11,12.5,1,1
C010684,25.51,Genie,Capitale-Nationale,G2E,32427,9,25.7,0,0
C009598,23.02,Genie,Montreal,H8N,51305,10,14.9,0,0
C003715,26.87,Sciences,Capitale-Nationale,G1V,78700,10,22.5,0,0
C006974,24.67,Sciences sociales,Cote-Nord,G0G,44206,12,109.4,1,0
C010877,26.01,Sante,Cote-Nord,G4R,46220,12,331.8,1,0
C011322,27.74,Genie,Capitale-Nationale,G1R,125095,14,7.6,0,1
C012269,24.62,Sciences sociales,Cote-Nord,G4R,15550,16,154.5,0,0
C000323,28.79,Genie,Gaspesie-Iles-de-la-Madeleine,G0C,48667,11,213.5,0,1
C009676,26.19,Genie,Cote-Nord,G4R,67361,12,39.2,0,0
C002376,28.72,Genie,Montreal,H2X,53563,12,6.9,0,1
C002747,30.2,Arts et lettres,Cote-Nord,G0G,36659,14,205.1,0,0
C001973,33.67,Sciences sociales,Capitale-Nationale,G1V,95900,11,12.4,0,1
C008417,29.04,Sciences sociales,Cote-Nord,G5B,80454,11,302.9,0,1
C013821,25.56,Sciences sociales,Gaspesie-Iles-de-la-Madeleine,G4X,89966,10,322.1,1,0
C006821,29.4,Genie,Montreal,H8N,100128,6,23.8,1,1
C005927,27.87,Sante,Montreal,H8N,41814,18,46.7,1,1
C009514,34.09,Arts et lettres,Cote-Nord,G0G,31992,13,54.5,0,1
C000514,26.88,Arts et lettres,Montreal,H1A,61959,8,36.8,0,0
C005980,22.2,Arts et lettres,Montreal,H2X,91067,6,1.8,0,0
C007793,28.13,Sciences sociales,Montreal,H4L,110524,12,7.8,0,1
C004060,33.44,Sciences sociales,Gaspesie-Iles-de-la-Madeleine,G0C,94953,15,160.3,0,1
C004953,25.01,Sante,Cote-Nord,G5B,44014,14,56.7,1,0
C012934,23.35,Sciences,Montreal,H2X,123844,12,7.6,0,0
C010520,34.54,Sciences sociales,Capitale-Nationale,G1V,79301,5,30.6,0,1
C000724,31.75,Arts et lettres,Montreal,H8N,75555,8,4.7,0,1
C011302,28.05,Sante,Bas-Saint-Laurent,G5L,47679,16,263.8,0,1
C011001,27.7,Sante,Bas-Saint-Laurent,G5N,122293,9,75.2,0,0
C000141,29.63,Arts et lettres,Bas-Saint-Laurent,G0L,19004,17,132.5,0,0
C008264,29.77,Genie,Cote-Nord,G5B,107218,10,249.0,1,1
C011865,29.38,Genie,Capitale-Nationale,G3A,81457,10,23.9,0,1
C012989,27.03,Sante,Montreal,H3T,158815,17,14.1,0,1
C004207,25.8,Sante,Capitale-Nationale,G1R,88763,8,23.2,0,0
C002005,27.78,Sciences,Gaspesie-Iles-de-la-Madeleine,G4X,63678,10,697.1,1,0
C000957,21.09,Sante,Cote-Nord,G4R,41884,8,361.1,0,0
C011108,30.6,Sciences sociales,Montreal,H1A,73551,7,18.1,1,1
C009792,29.84,Sciences,Bas-Saint-Laurent,G5L,68939,13,42.4,1,0
C009802,24.15,Genie,Capitale-Nationale,G2E,52808,11,10.5,1,0
C002323,22.88,Arts et lettres,Capitale-Nationale,G1R,74498,12,8.9,0,0
C003199,28.3,Arts et lettres,Montreal,H1A,40939,5,13.1,1,0
C012967,27.63,Arts et lettres,Montreal,H1A,94310,9,9.3,1,1
C010258,26.35,Sciences,Gaspesie-Iles-de-la-Madeleine,G5C,60012,8,249.8,0,0
C004064,23.53,Sante,Capitale-Nationale,G1V,103692,11,10.5,1,0
C008800,29.44,Genie,Capitale-Nationale,G3A,60204,11,5.1,1,1
C006213,30.65,Sciences,Gaspesie-Iles-de-la-Madeleine,G5C,45801,16,169.7,1,1
C009185,31.67,Sciences,Montreal,H4L,41877,6,28.4,0,1
C004242,26.69,Sante,Gaspesie-Iles-de-la-Madeleine,G5C,24030,13,291.2,1,0
C007232,25.34,Sciences sociales,Gaspesie-Iles-de-la-Madeleine,G4X,73846,24,234.1,1,0
C009354,30.57,Sciences,Montreal,H3T,33121,9,4.6,0,1
C000814,26.01,Arts et lettres,Capitale-Nationale,G1R,96353,5,21.1,0,0
C000255,25.75,Sciences sociales,Montreal,H4L,40800,8,19.9,0,0
C008390,26.1,Sciences,Gaspesie-Iles-de-la-Madeleine,G5C,53596,17,154.4,0,0
C008791,29.01,Genie,Montreal,H4L,64040,8,19.9,0,0
C003859,23.77,Genie,Bas-Saint-Laurent,G0L,87474,10,404.7,0,0
C011077,27.19,Arts et lettres,Montreal,H1A,82620,13,21.9,0,0
C009038,27.53,Genie,Montreal,H4L,70552,17,129.7,1,1
C013462,31.28,Genie,Montreal,H8N,36761,6,5.2,0,1
C001175,28.49,Sante,Montreal,H3T,119639,12,7.7,0,1
C004608,28.65,Genie,Montreal,H1A,46087,15,12.9,0,1
C003302,21.56,Sciences sociales,Bas-Saint-Laurent,G5L,56552,16,178.4,0,0
C002760,33.6,Sciences,Montreal,H4L,54962,15,4.7,1,1
C006662,24.66,Sante,Montreal,H4L,56495,12,4.9,0,0
C010744,27.37,Arts et lettres,Montreal,H3T,122423,4,25.1,0,0
C004121,29.14,Sciences,Montreal,H3T,56307,6,33.9,0,0
C003124,24.02,Sciences sociales,Montreal,H1A,54872,6,11.9,0,0
C007872,29.1,Arts et lettres,Capitale-Nationale,G2E,29951,7,38.4,0,0
C005930,23.6,Genie,Bas-Saint-Laurent,G0L,73182,13,98.5,0,0
C013900,26.42,Arts et lettres,Capitale-Nationale,G3A,84615,9,18.9,1,0
C005577,29.02,Sciences,Montreal,H3T,66221,4,28.6,0,1
C000000,31.82,Sciences,Montreal,H4L,49440,12,24.3,0,1
C006878,25.72,Arts et lettres,Gaspesie-Iles-de-la-Madeleine,G0C,50348,14,272.4,0,0
C011310,31.93,Sciences sociales,Montreal,H4L,59545,11,43.8,1,1
C012839,32.38,Genie,Montreal,H2X,137096,7,7.6,0,1
C002175,30.8,Sciences,Gaspesie-Iles-de-la-Madeleine,G0C,88735,16,226.1,1,1
C004039,28.41,Sciences,Bas-Saint-Laurent,G5N,42813,13,364.2,1,0
C001342,28.69,Arts et lettres,Cote-Nord,G0G,63665,9,270.8,1,0
C001811,25.26,Sciences sociales,Cote-Nord,G4R,24105,12,164.4,0,0
C001817,28.83,Arts et lettres,Cote-Nord,G0G,69150,17,52.3,0,1
C009279,29.83,Genie,Capitale-Nationale,G1V,59907,9,11.5,0,1
C004084,27.81,Sciences sociales,Montreal,H1A,102208,11,16.5,0,0
C007170,26.29,Arts et lettres,Gaspesie-Iles-de-la-Madeleine,G4X,47646,18,198.7,0,0
C009631,23.59,Sciences,Montreal,H8N,86419,7,46.8,0,0
C011414,34.05,Arts et lettres,Cote-Nord,G0G,121894,12,222.5,0,1
C006090,26.39,Sante,Bas-Saint-Laurent,G5N,26142,16,281.9,1,0
C011724,25.14,Arts et lettres,Bas-Saint-Laurent,G5N,48068,14,65.5,1,0
C011082,27.23,Sciences,Montreal,H4L,80858,7,5.8,1,0
C004832,26.67,Sante,Gaspesie-Iles-de-la-Madeleine,G5C,43995,9,401.6,0,0
C004595,31.81,Sciences,Capitale-Nationale,G3A,74696,12,13.1,1,1
C006541,27.54,Sciences,Cote-Nord,G5B,74673,12,194.8,0,0
C008124,29.53,Arts et lettres,Gaspesie-Iles-de-la-Madeleine,G4X,65541,16,453.3,0,1
C008379,25.04,Arts et lettres,Montreal,H2X,69925,8,23.4,0,0
C001747,32.08,Genie,Montreal,H3T,39758,7,25.6,0,1
C005185,22.42,Sciences,Gaspesie-Iles-de-la-Madeleine,G4X,32548,15,79.4,1,0
C009834,29.25,Sciences sociales,Gaspesie-Iles-de-la-Madeleine,G5C,35706,14,126.6,0,0
C005802,29.05,Sciences sociales,Montreal,H1A,60649,13,14.1,0,1
C011770,25.25,Sciences sociales,Cote-Nord,G0G,88058,25,267.4,1,1
C003161,27.11,Sciences,Bas-Saint-Laurent,G0L,54989,18,308.5,0,0
C002472,26.13,Arts et lettres,Bas-Saint-Laurent,G5N,42840,10,287.0,0,0
C009618,21.97,Sciences sociales,Bas-Saint-Laurent,G5L,64813,15,258.4,0,0
C008629,32.1,Sciences sociales,Bas-Saint-Laurent,G5L,63440,7,337.7,0,1
C011273,26.93,Sante,Cote-Nord,G5B,24662,10,336.9,1,0
C006234,23.85,Arts et lettres,Bas-Saint-Laurent,G5N,36805,10,264.4,0,0
C002849,26.49,Arts et lettres,Bas-Saint-Laurent,G5L,42191,13,118.4,1,0
C006256,23.29,Arts et lettres,Montreal,H2X,33366,16,5.3,1,0
C010147,30.58,Sciences,Cote-Nord,G4R,72602,17,243.5,0,1
C003298,25.77,Arts et lettres,Capitale-Nationale,G3A,70522,7,19.6,0,0
C009904,30.06,Sciences,Capitale-Nationale,G1V,65912,13,12.2,0,1
C008702,26.05,Sciences,Gaspesie-Iles-de-la-Madeleine,G4X,43960,16,175.4,0,0
C010710,28.37,Genie,Montreal,H1A,64734,2,27.5,0,1
C009559,26.57,Arts et lettres,Montreal,H2X,57309,13,30.0,0,0
C006132,28.82,Sciences sociales,Montreal,H1A,67890,12,14.2,1,1
C009174,28.85,Arts et lettres,Capitale-Nationale,G3A,80414,12,36.6,0,1
C001700,28.85,Sante,Montreal,H1A,44601,3,43.1,0,0
C003559,28.87,Genie,Cote-Nord,G4R,50837,10,93.4,0,0
C013640,32.49,Arts et lettres,Cote-Nord,G5B,19335,5,144.9,0,1
C011295,26.07,Arts et lettres,Bas-Saint-Laurent,G5N,32867,10,127.5,1,0
C001859,24.95,Arts et lettres,Montreal,H1A,47441,10,22.3,0,0
C002369,20.37,Arts et lettres,Capitale-Nationale,G2E,51876,10,34.8,1,0
C002269,28.4,Sciences,Gaspesie-Iles-de-la-Madeleine,G0C,62386,14,284.0,1,0
C009439,23.14,Arts et lettres,Capitale-Nationale,G1R,70953,11,7.9,0,0
C004583,25.91,Sante,Cote-Nord,G0G,95680,11,324.2,0,0
C012495,26.41,Sciences sociales,Gaspesie-Iles-de-la-Madeleine,G4X,33536,10,209.7,1,0
C012277,24.85,Sciences sociales,Gaspesie-Iles-de-la-Madeleine,G0C,28083,20,68.4,1,0
C012756,22.9,Sante,Capitale-Nationale,G1V,27998,14,22.3,0,0
C007790,26.84,Genie,Capitale-Nationale,G1R,130007,11,1.8,0,1
C005585,36.64,Arts et lettres,Gaspesie-Iles-de-la-Madeleine,G0C,60975,15,245.2,1,1
C010973,22.3,Sciences sociales,Montreal,H4L,40965,7,13.2,0,0
C003402,25.25,Sante,Bas-Saint-Laurent,G5L,25170,12,158.1,1,0
C011347,22.55,Sciences sociales,Capitale-Nationale,G2E,78436,11,34.4,0,0
C008092,27.14,Sciences sociales,Bas-Saint-Laurent,G5L,68562,13,239.5,1,0
C005195,26.28,Arts et lettres,Montreal,H2X,56206,7,12.6,0,0
C010107,34.03,Sciences sociales,Montreal,H4L,52758,10,14.2,1,1
C002820,29.37,Genie,Montreal,H2X,56868,11,11.6,0,1
C000418,27.6,Genie,Bas-Saint-Laurent,G5L,39968,13,275.7,1,0
C001443,32.52,Sciences,Montreal,H1A,113720,7,15.8,0,1
C008892,37.75,Genie,Montreal,H8N,128718,13,21.2,0,1
C006779,21.42,Arts et lettres,Gaspesie-Iles-de-la-Madeleine,G4X,20635,18,353.9,0,0
C003237,23.51,Genie,Montreal,H3T,275806,8,21.6,0,0
C001172,24.17,Sciences sociales,Cote-Nord,G4R,17792,11,281.9,0,0
C010687,28.65,Sciences sociales,Capitale-Nationale,G2E,40511,11,28.9,1,0
C007388,28.72,Sciences sociales,Bas-Saint-Laurent,G5L,77955,5,169.3,0,1
C006618,19.54,Sciences,Bas-Saint-Laurent,G0L,92467,15,140.2,0,0
C010640,27.03,Sciences sociales,Cote-Nord,G0G,68947,8,320.7,0,0
C006773,27.35,Arts et lettres,Bas-Saint-Laurent,G5L,49741,14,113.6,0,0
C001314,24.21,Arts et lettres,Gaspesie-Iles-de-la-Madeleine,G5C,70070,8,82.4,0,0
C010850,24.68,Arts et lettres,Montreal,H2X,52941,16,34.5,0,0
C002870,26.42,Sciences sociales,Bas-Saint-Laurent,G5N,33375,14,82.4,1,0
C010358,31.66,Genie,Gaspesie-Iles-de-la-Madeleine,G4X,57178,13,438.3,0,1
C004275,24.77,Sciences sociales,Bas-Saint-Laurent,G5N,115196,12,109.3,0,0
C010352,26.36,Arts et lettres,Bas-Saint-Laurent,G5L,65660,15,199.5,0,0
C000425,28.66,Arts et lettres,Montreal,H2X,63507,9,15.4,1,0
C000778,25.51,Sante,Bas-Saint-Laurent,G5N,80167,17,397.3,0,0
C000196,30.48,Sciences,Montreal,H3T,37649,12,2.8,0,0
C004013,30.28,Genie,Montreal,H1A,163243,13,20.0,0,1
C002522,21.14,Sciences,Bas-Saint-Laurent,G0L,115211,14,105.0,0,0
C013655,24.41,Arts et lettres,Montreal,H4L,60468,9,35.1,0,0
C009044,35.24,Arts et lettres,Montreal,H4L,53061,7,17.5,0,1
C002962,27.69,Sciences,Montreal,H2X,73510,9,12.0,0,1
C000920,28.65,Arts et lettres,Cote-Nord,G4R,45296,11,184.9,1,0
C009957,30.35,Sciences sociales,Bas-Saint-Laurent,G5L,23136,13,231.1,0,1
C005960,27.68,Genie,Montreal,H8N,46047,7,7.5,0,0
C007676,25.8,Sciences sociales,Capitale-Nationale,G3A,85946,6,10.1,0,0
C003942,30.48,Genie,Bas-Saint-Laurent,G5L,45454,8,246.0,1,1
C012988,26.87,Genie,Montreal,H8N,63963,8,58.1,0,0
C007155,26.52,Sciences sociales,Gaspesie-Iles-de-la-Madeleine,G5C,56412,17,407.2,1,0
C002642,26.26,Sciences sociales,Gaspesie-Iles-de-la-Madeleine,G5C,66773,16,139.9,1,0
C008060,23.55,Sciences,Cote-Nord,G5B,32513,17,431.2,0,0
C006836,21.13,Genie,Cote-Nord,G4R,30202,7,687.6,0,0
C008221,30.46,Sciences,Gaspesie-Iles-de-la-Madeleine,G4X,38166,14,284.4,1,1
C010219,33.41,Sciences,Bas-Saint-Laurent,G5N,64068,10,151.3,1,1
C008822,25.09,Sciences,Cote-Nord,G5B,89930,9,88.5,1,0
C010478,25.78,Sciences,Bas-Saint-Laurent,G0L,45540,15,114.5,1,0
C000799,23.94,Genie,Capitale-Nationale,G2E,92152,8,9.3,1,0
C008470,32.31,Sciences sociales,Montreal,H2X,77982,6,14.6,0,1
C006151,33.66,Sciences,Montreal,H4L,148898,10,7.3,1,1
C000091,26.16,Sciences sociales,Capitale-Nationale,G1V,80990,8,7.7,1,0
C005714,27.76,Sciences sociales,Gaspesie-Iles-de-la-Madeleine,G5C,47664,15,91.9,0,0
C008158,30.79,Genie,Montreal,H1A,60328,7,20.0,1,1
C010816,27.02,Genie,Bas-Saint-Laurent,G0L,43612,21,230.1,1,0
C006126,30.65,Arts et lettres,Montreal,H1A,82431,8,22.2,0,1
C000340,24.68,Arts et lettres,Cote-Nord,G4R,32068,8,392.8,0,0
C002679,25.81,Sciences sociales,Capitale-Nationale,G1V,39167,3,21.7,0,0
C001828,28.96,Sciences sociales,Capitale-Nationale,G3A,119321,7,3.5,0,0
C007704,22.14,Arts et lettres,Cote-Nord,G4R,36612,8,435.3,0,0
C008642,23.78,Sante,Capitale-Nationale,G1R,180341,9,4.2,1,0
C007278,31.34,Genie,Montreal,H2X,53394,7,23.3,1,1
C001635,28.19,Arts et lettres,Montreal,H8N,58010,8,11.2,0,0
C010883,20.58,Genie,Cote-Nord,G0G,143784,16,462.8,1,0
C006738,27.93,Sante,Montreal,H8N,101582,8,29.2,1,0
C005621,27.86,Sciences sociales,Capitale-Nationale,G1R,67224,8,14.3,1,0
C009194,23.72,Genie,Montreal,H4L,115913,10,13.4,0,0
C005701,26.04,Sciences sociales,Gaspesie-Iles-de-la-Madeleine,G5C,89244,11,67.7,1,0
C007569,31.75,Genie,Montreal,H3T,55045,12,8.0,0,1
C008472,28.95,Sciences sociales,Montreal,H2X,193294,7,28.6,0,1
C001407,22.95,Arts et lettres,Montreal,H2X,53916,12,2.3,0,0
C005355,31.34,Genie,Gaspesie-Iles-de-la-Madeleine,G5C,48835,17,132.7,0,1
C007550,29.26,Sante,Gaspesie-Iles-de-la-Madeleine,G5C,36903,14,127.2,0,0
C012691,24.37,Arts et lettres,Capitale-Nationale,G1V,86923,9,46.8,1,0
C004443,26.2,Sciences sociales,Capitale-Nationale,G2E,70288,10,40.9,0,0
C004234,32.98,Genie,Montreal,H2X,52635,10,6.7,1,1
C005188,29.97,Sciences sociales,Gaspesie-Iles-de-la-Madeleine,G5C,20560,17,143.6,1,1
C011979,27.13,Sante,Montreal,H4L,112730,7,14.3,1,1
C007967,26.23,Sciences,Gaspesie-Iles-de-la-Madeleine,G0C,96917,14,382.9,0,0
C012489,32.44,Sciences sociales,Montreal,H1A,54566,8,4.6,0,1
C012584,24.57,Sciences sociales,Montreal,H8N,32253,9,31.7,1,0
C006648,28.27,Sante,Capitale-Nationale,G1R,86447,10,3.0,0,1
C005429,26.72,Sante,Bas-Saint-Laurent,G0L,36907,13,236.3,1,0
C000005,26.68,Sante,Cote-Nord,G4R,36033,12,560.1,0,0
C013133,26.28,Sante,Capitale-Nationale,G2E,83071,4,16.5,0,1
C012807,27.28,Sante,Bas-Saint-Laurent,G0L,124419,14,212.4,1,0
C009849,32.58,Genie,Capitale-Nationale,G1R,66312,12,24.9,0,1
C001763,26.34,Sciences,Montreal,H2X,80588,12,17.7,0,1
C004364,25.44,Sante,Montreal,H2X,34125,10,12.5,0,1
C011207,31.56,Genie,Montreal,H8N,71230,9,34.0,1,1
C012773,23.2,Genie,Capitale-Nationale,G2E,71441,6,41.4,1,0
C008198,26.05,Arts et lettres,Montreal,H4L,138490,7,15.3,1,1
C000640,31.13,Sciences sociales,Montreal,H3T,67341,10,18.2,1,1
C004230,26.03,Sciences sociales,Gaspesie-Iles-de-la-Madeleine,G5C,36100,13,145.5,0,0
C000444,26.62,Sante,Gaspesie-Iles-de-la-Madeleine,G4X,61872,10,111.8,0,0
C011607,26.33,Arts et lettres,Bas-Saint-Laurent,G5N,44854,15,315.9,0,0
C011301,29.58,Arts et lettres,Cote-Nord,G5B,29422,13,200.9,0,0
C002846,24.95,Sciences,Capitale-Nationale,G1R,55287,8,75.5,0,0
C004558,23.92,Genie,Capitale-Nationale,G1R,67054,10,34.6,0,0
C005403,33.52,Sciences,Gaspesie-Iles-de-la-Madeleine,G5C,84434,9,192.0,0,1
C012949,27.99,Arts et lettres,Gaspesie-Iles-de-la-Madeleine,G0C,51183,15,53.3,0,1
C001947,31.53,Genie,Montreal,H4L,60154,12,9.6,0,1
C006057,28.67,Genie,Capitale-Nationale,G2E,69697,8,14.6,0,1
C000338,28.97,Sciences,Montreal,H1A,65168,13,20.1,0,1
C006399,28.78,Sciences,Montreal,H3T,61085,5,6.9,0,0
C011738,29.95,Sciences,Capitale-Nationale,G1R,52967,10,32.2,1,1
C007549,26.4,Sante,Bas-Saint-Laurent,G5N,149353,8,187.6,0,0
C012389,28.48,Genie,Montreal,H3T,82269,12,16.2,0,1
C010688,24.91,Genie,Bas-Saint-Laurent,G5L,72761,14,294.5,1,0
C003467,23.98,Sante,Montreal,H8N,132767,13,12.7,0,0
C000936,31.28,Genie,Gaspesie-Iles-de-la-Madeleine,G5C,82600,9,190.6,1,1
C007303,28.14,Sciences,Gaspesie-Iles-de-la-Madeleine,G4X,24472,9,237.7,1,0
C002272,25.69,Sante,Cote-Nord,G0G,20719,14,292.6,1,0
C012552,24.53,Sciences,Cote-Nord,G4R,71689,16,195.8,1,0
C000721,34.53,Sciences sociales,Capitale-Nationale,G1V,37856,12,20.1,0,1
C003448,29.43,Sante,Gaspesie-Iles-de-la-Madeleine,G4X,51322,10,53.2,1,0
C012066,27.54,Genie,Montreal,H1A,31182,6,18.4,0,0
C011576,31.57,Genie,Montreal,H2X,140912,12,68.8,0,1
C006682,26.93,Sciences sociales,Gaspesie-Iles-de-la-Madeleine,G4X,56597,14,107.4,0,0
C003764,29.55,Arts et lettres,Gaspesie-Iles-de-la-Madeleine,G0C,47844,11,148.2,1,1
C005286,29.62,Sciences,Gaspesie-Iles-de-la-Madeleine,G5C,65338,14,288.3,1,0
C004300,26.45,Sciences sociales,Montreal,H2X,79729,7,15.6,0,0
C012293,26.3,Sciences,Cote-Nord,G4R,30314,12,190.2,1,0
C012881,28.62,Genie,Capitale-Nationale,G2E,88217,12,36.2,0,1
C006445,25.59,Genie,Bas-Saint-Laurent,G0L,52063,9,243.1,0,0
C009801,31.83,Sciences,Bas-Saint-Laurent,G5L,56132,15,98.6,0,1
C002017,24.43,Sante,Cote-Nord,G5B,48700,13,253.4,0,0
C001399,27.52,Sciences,Capitale-Nationale,G2E,63149,14,9.7,1,1
C008996,26.78,Genie,Montreal,H3T,52562,9,22.6,0,0
C008171,28.99,Arts et lettres,Bas-Saint-Laurent,G0L,42522,15,266.4,0,0
C006951,29.54,Genie,Capitale-Nationale,G2E,45862,13,3.0,0,1
C005170,25.08,Genie,Capitale-Nationale,G1V,33649,9,5.5,0,0
C008985,31.28,Sciences sociales,Capitale-Nationale,G2E,45230,10,18.8,0,1
C005749,22.71,Sciences sociales,Bas-Saint-Laurent,G5L,38597,13,106.0,1,0
C011802,26.88,Sante,Gaspesie-Iles-de-la-Madeleine,G0C,46447,5,168.7,0,0
C006157,29.1,Arts et lettres,Gaspesie-Iles-de-la-Madeleine,G0C,47882,17,261.4,0,0
C007308,32.13,Sciences sociales,Capitale-Nationale,G3A,89074,9,5.8,0,1
C007486,27.61,Sante,Gaspesie-Iles-de-la-Madeleine,G5C,81390,11,170.2,0,0
C013532,27.74,Sciences sociales,Capitale-Nationale,G1V,53259,14,2.8,0,0
C011723,27.97,Sciences sociales,Capitale-Nationale,G1V,198187,12,14.9,0,1
C011131,31.31,Sciences,Montreal,H3T,71422,8,8.4,1,1
C007754,26.26,Genie,Montreal,H2X,56780,10,33.8,0,0
C012089,21.57,Sciences,Bas-Saint-Laurent,G5N,29886,25,227.9,0,0
C010207,27.97,Sciences sociales,Capitale-Nationale,G2E,60318,7,1.2,0,0
C011122,30.45,Sciences sociales,Gaspesie-Iles-de-la-Madeleine,G0C,35752,16,497.9,0,1
C002980,23.98,Genie,Gaspesie-Iles-de-la-Madeleine,G0C,53269,12,117.2,1,0
C007698,31.44,Sciences,Gaspesie-Iles-de-la-Madeleine,G5C,91891,18,144.0,1,1
C011906,32.57,Sciences sociales,Montreal,H4L,58021,5,9.8,0,1
C008486,26.04,Sciences sociales,Cote-Nord,G0G,39179,22,313.2,1,0
C005762,29.69,Arts et lettres,Montreal,H2X,76692,10,9.9,0,1
C008603,27.95,Arts et lettres,Montreal,H4L,76352,8,14.8,0,1
C008460,30.93,Sciences,Montreal,H8N,110660,6,15.2,1,1
C007181,22.76,Arts et lettres,Bas-Saint-Laurent,G0L,25476,9,288.8,0,0
C002151,30.96,Sciences sociales,Gaspesie-Iles-de-la-Madeleine,G4X,50502,14,40.8,1,1
C004402,28.65,Arts et lettres,Cote-Nord,G5B,66008,9,149.8,1,0
C005240,26.78,Sante,Bas-Saint-Laurent,G5L,46088,12,228.6,0,0
C001257,27.97,Sciences sociales,Montreal,H1A,74581,7,24.5,0,0
C004154,24.14,Sciences sociales,Montreal,H4L,61976,10,10.0,1,0
C009993,30.16,Genie,Bas-Saint-Laurent,G0L,35913,17,244.7,1,0
C001492,30.08,Sante,Bas-Saint-Laurent,G0L,56573,8,601.5,1,1
C004494,27.79,Sciences,Montreal,H3T,85824,8,32.9,1,0
C005994,25.89,Sciences,Bas-Saint-Laurent,G5L,51347,7,194.3,0,0
C003050,29.26,Sante,Bas-Saint-Laurent,G0L,87541,13,98.3,1,1
C003714,27.41,Sciences,Capitale-Nationale,G1V,78083,10,14.7,0,0
C013378,26.98,Sante,Cote-Nord,G4R,108656,19,162.0,0,0
C003220,28.51,Sciences sociales,Montreal,H8N,65449,5,23.3,0,1
C009034,21.57,Arts et lettres,Cote-Nord,G0G,77519,23,109.6,0,0
C001967,32.13,Sciences sociales,Capitale-Nationale,G3A,60269,13,50.8,0,1
C007427,24.2,Arts et lettres,Montreal,H3T,47257,5,30.6,0,0
C000333,28.86,Sciences sociales,Bas-Saint-Laurent,G5L,47149,17,344.9,1,1
C006840,23.75,Sante,Montreal,H2X,32603,6,6.3,1,0
C001276,28.72,Sciences sociales,Montreal,H4L,70299,13,18.6,0,1
C011356,25.05,Genie,Montreal,H1A,76035,4,16.5,0,0
C003096,25.05,Sante,Montreal,H2X,64335,14,32.7,0,0
C012678,26.67,Sante,Gaspesie-Iles-de-la-Madeleine,G5C,69709,8,196.5,0,0
C009098,25.63,Sante,Capitale-Nationale,G1V,35375,6,15.9,1,0
C011160,27.2,Genie,Bas-Saint-Laurent,G5N,20684,11,198.0,1,0
C006239,20.41,Genie,Montreal,H1A,60230,7,5.2,0,0
C001040,28.59,Genie,Capitale-Nationale,G2E,82917,10,17.9,0,1
C011482,33.71,Arts et lettres,Capitale-Nationale,G1V,88586,9,12.8,0,1
C002683,30.57,Sciences sociales,Capitale-Nationale,G3A,47928,14,14.5,0,1
C007560,27.2,Genie,Montreal,H1A,57618,4,35.6,0,0
C004419,21.15,Sante,Gaspesie-Iles-de-la-Madeleine,G5C,74029,15,260.5,1,0
C009464,27.59,Arts et lettres,Montreal,H4L,139738,8,8.9,1,1
C001279,23.22,Arts et lettres,Gaspesie-Iles-de-la-Madeleine,G5C,57387,9,258.8,0,0
C006473,27.66,Sciences,Capitale-Nationale,G1V,50345,7,9.5,0,1
C010543,29.22,Sciences sociales,Capitale-Nationale,G3A,38959,13,7.3,1,1
C000765,27.67,Sciences,Gaspesie-Iles-de-la-Madeleine,G4X,55747,12,283.5,1,0
C003233,28.87,Arts et lettres,Capitale-Nationale,G3A,42867,7,12.9,1,1
C002292,26.58,Sciences,Capitale-Nationale,G3A,92104,10,13.1,1,1
C009517,30.46,Sciences sociales,Bas-Saint-Laurent,G5L,45789,14,286.5,1,1
C002475,26.74,Genie,Montreal,H1A,66316,6,13.2,0,0
C003582,28.1,Sciences sociales,Cote-Nord,G4R,55384,8,58.1,1,0
C001707,28.93,Genie,Cote-Nord,G4R,84342,13,294.4,1,1
C013836,25.1,Sciences sociales,Montreal,H3T,91038,7,6.7,0,0
C010282,29.41,Sciences sociales,Gaspesie-Iles-de-la-Madeleine,G5C,194260,20,273.9,1,0
C006650,29.07,Sciences,Gaspesie-Iles-de-la-Madeleine,G0C,38590,11,118.2,0,1
C011194,29.96,Sante,Montreal,H2X,87387,7,34.8,0,1
C011363,22.4,Arts et lettres,Bas-Saint-Laurent,G5L,16019,12,127.2,1,0
C006370,25.35,Sciences,Cote-Nord,G4R,53873,12,293.9,1,0
C012560,21.53,Genie,Capitale-Nationale,G2E,45832,3,17.4,0,0
C001235,26.83,Sciences sociales,Bas-Saint-Laurent,G5L,49556,19,144.7,1,0
C012721,24.7,Sciences,Montreal,H2X,105150,13,31.8,0,0
C002477,24.73,Arts et lettres,Gaspesie-Iles-de-la-Madeleine,G5C,49170,13,166.0,1,0
C005806,30.68,Sciences sociales,Gaspesie-Iles-de-la-Madeleine,G0C,54955,14,153.8,1,1
C002856,27.77,Sciences,Montreal,H8N,47992,13,13.5,0,0
C007283,30.65,Sante,Montreal,H1A,53442,10,11.8,0,1
C001457,28.93,Sante,Bas-Saint-Laurent,G0L,52771,12,249.3,1,0
C007220,31.29,Arts et lettres,Bas-Saint-Laurent,G5N,71201,15,135.6,0,1
C007555,23.69,Sciences,Cote-Nord,G0G,85186,10,181.4,1,0
C000356,30.38,Arts et lettres,Montreal,H4L,111949,10,1.9,0,1
C011714,27.08,Arts et lettres,Capitale-Nationale,G1V,162240,6,29.1,0,0
C012982,29.58,Sciences sociales,Montreal,H3T,45789,9,37.3,0,1
C004167,28.6,Sante,Montreal,H8N,89185,8,8.6,0,1
C001531,30.11,Sciences sociales,Montreal,H3T,57216,9,17.7,0,1
C000829,29.88,Sciences,Montreal,H4L,68133,12,16.2,0,1
C012444,33.56,Genie,Montreal,H8N,124974,4,8.9,0,1
C005809,26.1,Sciences,Montreal,H1A,97890,12,18.6,1,0
C011821,31.51,Genie,Montreal,H4L,140403,7,13.1,0,1
C003017,30.67,Sciences,Capitale-Nationale,G3A,76672,10,23.9,1,1
C001059,29.45,Sciences,Bas-Saint-Laurent,G5N,39499,16,211.4,0,1
C000696,30.74,Genie,Montreal,H3T,102237,12,34.8,0,1
C010614,34.53,Genie,Capitale-Nationale,G2E,60103,8,7.3,0,1
C003910,27.68,Sciences,Capitale-Nationale,G2E,66810,7,34.1,0,0
C009434,29.56,Sciences,Bas-Saint-Laurent,G0L,49119,14,192.6,1,1
C008955,28.19,Sante,Capitale-Nationale,G1V,81263,7,11.1,1,0
C001781,29.13,Sciences sociales,Cote-Nord,G4R,47890,10,173.9,0,1
C005419,31.14,Sciences sociales,Montreal,H8N,40601,10,37.9,0,1
C008407,29.05,Sante,Montreal,H8N,75129,14,17.3,0,1
C012925,31.55,Arts et lettres,Montreal,H8N,100546,8,25.9,0,1
C001978,30.85,Arts et lettres,Capitale-Nationale,G2E,34211,5,9.9,1,1
C012818,31.23,Genie,Montreal,H4L,40064,10,11.9,0,1
C002381,26.73,Sciences,Montreal,H1A,108942,11,50.3,0,0
C004101,29.11,Genie,Montreal,H4L,130750,2,14.5,0,1
C000067,22.5,Sciences,Capitale-Nationale,G2E,42173,9,6.1,0,0
C009340,28.85,Sciences,Capitale-Nationale,G1V,44868,7,4.5,1,1
C013994,26.39,Sciences,Montreal,H2X,61166,10,21.3,0,0
C004508,31.83,Sciences,Montreal,H8N,51662,6,11.6,0,1
C000772,33.9,Sante,Capitale-Nationale,G2E,102692,12,23.2,0,1
C007124,28.82,Sciences sociales,Gaspesie-Iles-de-la-Madeleine,G0C,39183,12,356.9,1,0
C013913,32.94,Sciences,Capitale-Nationale,G1V,71609,8,30.0,0,1
C000008,25.39,Sciences,Montreal,H3T,46348,6,18.8,0,0
C005504,27.47,Arts et lettres,Gaspesie-Iles-de-la-Madeleine,G0C,37365,15,127.6,0,0
C002267,27.17,Arts et lettres,Montreal,H4L,82711,10,9.2,0,0
C006171,23.76,Sciences sociales,Cote-Nord,G5B,30039,10,393.9,0,0
C001622,29.42,Sciences,Montreal,H3T,45968,7,9.5,0,0
C000124,29.44,Sciences sociales,Montreal,H4L,83010,7,40.0,1,1
C004880,27.65,Sante,Montreal,H3T,44219,13,6.8,0,0
C003938,26.19,Sciences sociales,Capitale-Nationale,G3A,89494,9,25.8,1,0
C005909,31.0,Arts et lettres,Capitale-Nationale,G3A,89934,19,10.0,0,1
C010874,30.29,Sante,Capitale-Nationale,G1R,69816,4,4.8,0,0
C009091,31.11,Sciences sociales,Montreal,H4L,50202,16,23.5,1,1
C000739,27.97,Sciences,Bas-Saint-Laurent,G5N,57414,9,149.2,1,0
C004557,31.37,Sciences sociales,Montreal,H4L,69374,10,23.9,0,1
C000392,31.14,Sciences sociales,Montreal,H3T,75592,11,18.6,0,1
C001615,28.29,Sante,Montreal,H4L,98873,12,13.4,1,0
C008617,24.62,Arts et lettres,Montreal,H4L,30698,5,21.0,0,0
C007513,27.07,Arts et lettres,Cote-Nord,G5B,35383,13,213.3,0,0
C003267,24.79,Sante,Gaspesie-Iles-de-la-Madeleine,G0C,142820,9,45.2,0,0
C013219,29.02,Genie,Cote-Nord,G4R,24700,9,159.7,1,1
C011474,33.22,Genie,Montreal,H3T,79063,9,10.7,0,1
C011124,33.06,Genie,Capitale-Nationale,G1R,137887,8,22.8,0,1
C001377,29.37,Sciences sociales,Gaspesie-Iles-de-la-Madeleine,G0C,22701,13,183.9,0,0
C011199,28.22,Arts et lettres,Capitale-Nationale,G1R,85359,12,13.2,0,1
C002806,32.41,Genie,Bas-Saint-Laurent,G0L,41669,10,176.3,1,1
C001902,30.84,Genie,Montreal,H4L,56819,6,23.0,0,1
C011136,25.54,Arts et lettres,Bas-Saint-Laurent,G5N,54872,18,289.9,1,0
C002342,30.56,Arts et lettres,Montreal,H1A,82955,6,4.5,1,1
C002214,28.21,Sciences sociales,Cote-Nord,G4R,58220,15,109.8,0,0
C013092,24.09,Sciences,Montreal,H8N,94851,9,43.3,1,0
C009363,24.89,Sante,Montreal,H4L,63744,8,11.8,1,0
C013853,25.97,Sciences sociales,Gaspesie-Iles-de-la-Madeleine,G0C,77601,16,394.6,0,0
C008956,27.14,Genie,Montreal,H3T,46744,11,16.9,1,0
C005548,29.14,Sciences sociales,Gaspesie-Iles-de-la-Madeleine,G0C,27904,9,122.0,0,0
C010371,20.86,Arts et lettres,Gaspesie-Iles-de-la-Madeleine,G0C,31909,11,227.3,1,0
C009921,33.28,Sciences,Montreal,H4L,49465,3,10.5,0,1
C000191,32.02,Genie,Capitale-Nationale,G1R,48732,11,9.2,1,1
C009057,24.73,Sciences sociales,Montreal,H2X,139711,8,9.5,1,0
C013947,25.03,Arts et lettres,Montreal,H8N,57316,8,5.3,0,0
C009081,28.93,Arts et lettres,Cote-Nord,G4R,36981,9,135.9,1,1
C002002,28.19,Genie,Montreal,H4L,86074,10,32.4,0,0
C010127,25.97,Sciences,Cote-Nord,G4R,46176,14,146.5,0,0
C004283,28.61,Sciences,Capitale-Nationale,G3A,94575,9,39.2,1,1
C013866,28.98,Sciences sociales,Gaspesie-Iles-de-la-Madeleine,G5C,57273,22,211.2,1,1
C001330,28.14,Genie,Gaspesie-Iles-de-la-Madeleine,G0C,36874,9,204.9,0,0
C008447,25.34,Genie,Montreal,H2X,54417,10,9.1,1,0
C013446,25.87,Genie,Montreal,H1A,72586,8,19.7,0,0
C000292,31.91,Sante,Gaspesie-Iles-de-la-Madeleine,G5C,96958,13,147.1,1,1
C009781,27.88,Sciences sociales,Montreal,H8N,64656,16,17.1,0,0
C003092,24.92,Sciences sociales,Montreal,H4L,42078,8,4.9,1,0
C008069,19.59,Sante,Gaspesie-Iles-de-la-Madeleine,G5C,28296,20,283.5,1,0
C001982,30.81,Sante,Gaspesie-Iles-de-la-Madeleine,G0C,53556,16,73.2,1,1
C001858,26.83,Sciences,Bas-Saint-Laurent,G0L,117804,8,197.8,1,0
C002817,26.49,Genie,Montreal,H2X,121183,6,8.7,0,0
C004311,32.83,Genie,Montreal,H4L,46603,14,7.8,0,1
C002270,31.33,Sante,Montreal,H2X,43009,19,24.8,0,1
C001078,28.67,Arts et lettres,Bas-Saint-Laurent,G0L,26129,15,190.6,1,0
C008202,26.24,Sante,Capitale-Nationale,G3A,55207,8,37.8,0,0
C012172,23.88,Genie,Cote-Nord,G0G,36024,21,478.6,1,0
C005720,25.79,Sciences,Gaspesie-Iles-de-la-Madeleine,G0C,41376,17,107.6,0,0
C012975,24.39,Arts et lettres,Cote-Nord,G4R,40996,12,172.6,1,0
C005409,29.94,Sciences,Montreal,H2X,102675,9,18.1,0,1
C001996,29.12,Sciences sociales,Montreal,H3T,31691,8,29.3,0,1
C001192,32.41,Sciences,Montreal,H1A,81786,8,32.7,1,1
C001550,25.71,Genie,Capitale-Nationale,G1V,184428,7,32.7,0,0
C004192,28.18,Sante,Cote-Nord,G4R,49382,20,210.2,0,0
C010579,26.23,Sciences,Bas-Saint-Laurent,G0L,57921,15,146.6,0,0
C008942,29.1,Sciences sociales,Bas-Saint-Laurent,G5N,39016,19,220.0,1,1
C004171,24.69,Sciences,Montreal,H3T,110148,5,18.5,0,0
C013385,29.97,Sciences sociales,Capitale-Nationale,G1V,81987,6,24.0,1,1
C004112,28.22,Sciences,Capitale-Nationale,G3A,73790,9,13.3,0,1
C009503,29.53,Sante,Cote-Nord,G0G,45671,15,271.9,0,1
C003162,22.97,Sante,Capitale-Nationale,G3A,65375,11,10.0,0,0
C009329,29.04,Sciences,Cote-Nord,G0G,42844,17,303.8,0,1
C007700,26.88,Sante,Montreal,H2X,78237,7,36.7,0,0
C013624,23.4,Sciences,Bas-Saint-Laurent,G5N,35289,12,178.3,1,0
C001574,28.18,Genie,Capitale-Nationale,G2E,69022,12,22.8,0,1
C006163,30.02,Genie,Montreal,H8N,57440,13,10.4,0,1
C012536,30.59,Sciences,Montreal,H4L,60915,9,24.9,1,1
C011803,26.25,Genie,Gaspesie-Iles-de-la-Madeleine,G4X,58829,18,377.6,0,0
C011988,25.9,Sciences sociales,Montreal,H1A,62021,10,10.9,1,0
C012285,23.74,Genie,Bas-Saint-Laurent,G5L,42356,9,279.4,1,0
C011438,28.25,Sciences sociales,Gaspesie-Iles-de-la-Madeleine,G5C,43066,19,319.1,1,1
C012914,23.11,Sante,Gaspesie-Iles-de-la-Madeleine,G0C,26963,20,331.3,1,0
C004130,22.65,Sciences,Montreal,H2X,122895,11,38.6,0,0
C008893,24.24,Sciences sociales,Montreal,H1A,68835,6,2.2,0,0
C012409,22.24,Genie,Gaspesie-Iles-de-la-Madeleine,G4X,98993,13,222.1,0,0
C005972,24.93,Sciences,Bas-Saint-Laurent,G5L,55728,13,242.0,0,0
C002045,24.26,Sante,Cote-Nord,G5B,44864,11,243.7,1,0
C002020,34.38,Arts et lettres,Gaspesie-Iles-de-la-Madeleine,G5C,32359,11,186.1,0,1
C001131,24.56,Arts et lettres,Cote-Nord,G5B,21087,17,378.2,1,0
C001459,24.25,Sciences sociales,Bas-Saint-Laurent,G5L,29063,6,384.8,1,0
C008117,28.0,Sante,Montreal,H1A,50484,10,15.1,0,0
C000093,30.1,Sciences,Montreal,H3T,45640,9,4.6,0,1
C012648,29.23,Sante,Cote-Nord,G0G,30764,9,240.7,1,0
C004744,23.05,Genie,Montreal,H8N,63140,5,34.2,1,0
C010508,26.92,Sante,Montreal,H4L,44187,15,30.8,1,1
C001682,30.83,Sante,Montreal,H4L,43624,8,25.9,0,1
C011163,27.69,Genie,Capitale-Nationale,G2E,62119,9,8.2,1,0
C011685,27.78,Genie,Montreal,H8N,65620,9,18.1,1,0
C006675,30.82,Sciences,Montreal,H2X,62375,10,14.8,0,1
C000614,28.07,Genie,Capitale-Nationale,G1V,68091,6,21.1,0,1
C011216,23.99,Arts et lettres,Gaspesie-Iles-de-la-Madeleine,G4X,44961,10,220.4,1,0
C004536,30.96,Arts et lettres,Montreal,H8N,117302,10,6.7,0,1
C002445,22.47,Genie,Gaspesie-Iles-de-la-Madeleine,G5C,45875,9,90.6,0,0
C011591,26.65,Sciences,Montreal,H1A,76373,7,1.3,0,0
C004211,29.25,Sciences,Montreal,H1A,62434,13,15.8,1,1
C004639,33.09,Sciences sociales,Gaspesie-Iles-de-la-Madeleine,G4X,41362,15,216.1,1,1
C005967,24.52,Arts et lettres,Capitale-Nationale,G1R,50241,10,10.3,1,0
C002441,27.41,Sante,Montreal,H2X,62655,10,9.7,0,0
C001642,30.24,Sciences sociales,Montreal,H1A,49336,5,62.4,1,1
C001222,31.7,Genie,Montreal,H8N,74173,11,21.4,0,1
C001046,23.95,Sciences,Bas-Saint-Laurent,G0L,58284,9,190.3,0,0
C002094,26.9,Sciences,Capitale-Nationale,G3A,108588,11,5.4,0,0
C010597,25.7,Arts et lettres,Capitale-Nationale,G3A,63117,10,19.7,0,0
C011680,31.14,Genie,Capitale-Nationale,G3A,24083,24,12.2,0,1
C004954,26.45,Genie,Capitale-Nationale,G3A,56763,19,1.2,0,1
C005918,28.57,Genie,Montreal,H8N,92673,6,2.1,0,1
C009855,32.3,Sciences,Montreal,H8N,70441,8,21.5,0,1
C011469,23.93,Sciences sociales,Bas-Saint-Laurent,G5N,35976,12,156.3,0,0
C006316,25.4,Arts et lettres,Montreal,H2X,105741,11,46.7,0,0
C001927,27.71,Sante,Montreal,H4L,53605,10,14.7,0,0
C003599,25.86,Sciences,Capitale-Nationale,G2E,56110,10,10.2,0,0
C005137,22.67,Sante,Gaspesie-Iles-de-la-Madeleine,G4X,122980,12,306.5,0,0
C013505,26.45,Genie,Montreal,H2X,74308,11,2.1,1,0
C009664,26.0,Sante,Cote-Nord,G0G,63213,16,369.4,0,0
C005631,32.04,Sciences sociales,Capitale-Nationale,G1V,116224,13,16.5,0,1
C012812,29.34,Sciences,Bas-Saint-Laurent,G5L,53566,5,273.2,1,1
C012140,25.73,Arts et lettres,Cote-Nord,G0G,63952,19,190.7,1,0
C001607,31.64,Sciences,Capitale-Nationale,G2E,64505,7,23.7,0,1
C001032,27.96,Sante,Capitale-Nationale,G3A,124311,9,23.5,0,0
C010831,30.85,Sante,Montreal,H2X,58492,4,45.6,0,1
C005452,28.4,Sciences sociales,Capitale-Nationale,G1V,122191,13,32.1,0,1
C004164,28.16,Arts et lettres,Cote-Nord,G0G,70636,16,339.0,1,0
C003476,27.79,Arts et lettres,Cote-Nord,G5B,52332,13,84.2,0,0
C000498,28.33,Sciences sociales,Montreal,H1A,56407,12,10.4,0,1
C011024,24.17,Sante,Gaspesie-Iles-de-la-Madeleine,G0C,54421,15,148.7,0,0
C011486,29.24,Sciences,Montreal,H8N,94588,12,25.0,0,1
C000941,24.29,Sciences sociales,Cote-Nord,G0G,83064,12,345.6,0,0
C009752,28.52,Sante,Gaspesie-Iles-de-la-Madeleine,G5C,22399,10,160.7,0,0
C013689,24.7,Genie,Capitale-Nationale,G1R,241586,15,49.0,0,0
C012008,30.6,Arts et lettres,Cote-Nord,G4R,56079,17,310.3,1,1
C000357,28.8,Sante,Capitale-Nationale,G3A,94168,4,12.1,0,0
C008557,26.64,Genie,Cote-Nord,G0G,73416,18,260.4,1,0
C011134,30.66,Sciences sociales,Cote-Nord,G5B,68270,18,338.2,0,1
C005853,24.83,Sante,Montreal,H2X,77908,8,32.0,1,0
C005317,27.46,Sciences,Montreal,H8N,134006,8,3.1,0,1
C002447,24.43,Arts et lettres,Montreal,H3T,66928,5,37.6,0,0
C010942,28.59,Genie,Capitale-Nationale,G1R,117859,6,20.7,1,1
C006385,32.49,Sciences,Montreal,H2X,52790,7,26.8,0,1
C007415,30.74,Sciences sociales,Gaspesie-Iles-de-la-Madeleine,G5C,62056,15,101.0,1,1
C009192,25.96,Sciences,Cote-Nord,G4R,69202,16,104.1,0,0
C009586,30.2,Genie,Montreal,H1A,66586,4,8.3,0,1
C003837,28.65,Arts et lettres,Montreal,H4L,104581,4,13.1,0,1
C003846,32.47,Arts et lettres,Capitale-Nationale,G2E,27668,14,15.8,0,1
C006172,26.37,Genie,Montreal,H8N,65030,8,21.4,0,0
C008107,28.74,Sciences,Montreal,H8N,72247,7,10.2,1,1
C010965,27.07,Sciences,Montreal,H2X,21875,4,15.4,0,0
C001951,24.71,Genie,Montreal,H3T,116344,7,15.2,0,0
C000689,25.71,Arts et lettres,Montreal,H1A,32244,8,32.7,1,0
C005832,26.72,Sciences sociales,Capitale-Nationale,G3A,80121,4,27.1,0,0
C006242,26.16,Sciences sociales,Gaspesie-Iles-de-la-Madeleine,G0C,39902,7,317.8,0,0
C005366,30.07,Sciences sociales,Bas-Saint-Laurent,G5L,86184,13,161.7,1,1
C002623,36.39,Arts et lettres,Montreal,H4L,85798,13,60.5,0,1
C001436,30.8,Sciences sociales,Capitale-Nationale,G2E,36120,12,16.0,0,1
C013826,28.54,Sciences sociales,Montreal,H1A,42766,11,11.9,1,0
C010882,31.34,Genie,Capitale-Nationale,G1V,70322,7,20.0,0,1
C012063,26.55,Sciences sociales,Montreal,H2X,46861,9,35.1,0,0
C006360,29.86,Sante,Montreal,H8N,87563,6,10.3,0,1
C000497,25.03,Arts et lettres,Cote-Nord,G4R,99046,10,295.0,1,0
C011046,22.1,Sciences sociales,Montreal,H2X,68212,10,48.2,0,0
C011637,26.37,Sciences sociales,Montreal,H8N,98719,9,0.9,0,0
C003052,24.38,Genie,Cote-Nord,G5B,66029,11,134.1,1,0
C004698,33.21,Sciences sociales,Cote-Nord,G5B,68991,11,172.9,1,1
C011730,32.57,Genie,Montreal,H4L,74659,10,28.0,0,1
C009009,28.26,Arts et lettres,Montreal,H4L,107188,6,9.0,0,1
C003581,26.55,Sante,Montreal,H8N,89708,10,37.1,1,0
C010854,29.69,Sciences,Cote-Nord,G4R,56278,11,162.0,1,1
C013239,26.3,Sciences,Montreal,H1A,66715,8,9.6,0,0
C000901,25.37,Sciences,Bas-Saint-Laurent,G5N,48742,14,197.1,0,0
C000981,24.49,Genie,Montreal,H4L,117841,7,23.8,0,0
C004594,29.86,Sciences sociales,Capitale-Nationale,G1R,46291,10,19.0,0,1
C011552,27.69,Arts et lettres,Gaspesie-Iles-de-la-Madeleine,G5C,69658,15,285.0,0,1
C009075,23.37,Arts et lettres,Capitale-Nationale,G1V,50444,4,35.0,1,0
C003523,28.42,Genie,Capitale-Nationale,G2E,123765,12,37.4,0,1
C008474,28.39,Sante,Montreal,H2X,49302,8,35.3,1,1
C006835,27.16,Genie,Cote-Nord,G0G,65065,11,210.6,1,1
C006782,25.12,Sciences,Montreal,H3T,169156,9,31.9,1,0
C004937,21.72,Sciences,Montreal,H8N,75575,7,15.7,1,0
C007294,27.39,Sciences,Montreal,H2X,171750,9,28.8,0,1
C003521,27.74,Sciences,Montreal,H4L,63014,5,31.2,0,0
C009144,26.21,Arts et lettres,Montreal,H8N,71579,8,12.1,0,0
C004463,25.2,Arts et lettres,Bas-Saint-Laurent,G0L,30553,18,234.5,1,0
C009083,24.98,Sante,Montreal,H1A,86056,1,23.7,0,0
C001497,25.8,Arts et lettres,Montreal,H2X,48531,11,7.5,0,0
C000451,27.51,Sciences,Montreal,H1A,93820,7,28.6,0,1
C000688,26.12,Sciences sociales,Capitale-Nationale,G1V,34035,12,21.1,1,0
C003419,29.46,Sciences,Montreal,H3T,54444,14,4.4,0,1
C004418,24.56,Arts et lettres,Cote-Nord,G0G,133483,15,242.6,0,0
C010123,25.3,Genie,Montreal,H8N,51905,9,21.2,1,0
C006179,33.98,Sciences,Bas-Saint-Laurent,G0L,150407,10,177.2,1,1
C002508,27.83,Sciences sociales,Montreal,H4L,46140,11,15.0,0,1
C008728,22.6,Genie,Capitale-Nationale,G1V,112390,14,6.7,1,0
C000021,29.42,Sante,Capitale-Nationale,G1V,28229,15,11.2,1,1
C003022,28.41,Sciences,Montreal,H4L,137640,15,24.9,1,0
C011218,27.65,Arts et lettres,Capitale-Nationale,G1R,71191,6,6.9,0,0
C009105,29.74,Genie,Montreal,H4L,45134,6,32.6,0,1
C003400,30.36,Sante,Gaspesie-Iles-de-la-Madeleine,G5C,55828,13,128.4,0,1
C001549,28.81,Arts et lettres,Montreal,H8N,115773,8,2.3,0,1
C011543,28.94,Sciences,Montreal,H4L,40173,9,7.4,0,1
C008567,24.7,Sciences,Capitale-Nationale,G3A,93481,12,35.6,0,0
C004162,30.03,Genie,Capitale-Nationale,G1R,80159,5,4.5,0,1
C004091,30.39,Sciences sociales,Capitale-Nationale,G1V,76805,11,9.7,0,1
C000036,29.31,Sante,Montreal,H8N,71615,6,31.8,0,1
C006210,30.3,Sciences sociales,Montreal,H3T,55635,11,6.7,1,1
C009391,27.02,Genie,Montreal,H1A,99874,12,13.9,1,1
C009283,29.87,Genie,Gaspesie-Iles-de-la-Madeleine,G0C,164450,11,135.4,0,1
C010354,28.36,Sante,Gaspesie-Iles-de-la-Madeleine,G0C,103593,13,157.0,0,1
C012466,28.3,Sciences sociales,Capitale-Nationale,G1V,78880,6,30.5,1,0
C007401,32.17,Sciences,Montreal,H3T,96486,10,25.9,0,1
C005652,27.17,Sante,Montreal,H3T,128922,8,11.7,0,0
C000218,28.73,Arts et lettres,Capitale-Nationale,G3A,70575,4,29.5,0,0
C004702,33.93,Sciences,Capitale-Nationale,G1V,66804,10,13.2,0,1
C006781,25.91,Sciences sociales,Montreal,H3T,70484,11,15.8,0,0
C004748,26.63,Genie,Montreal,H3T,135107,14,19.8,1,1
C000835,29.62,Sciences,Bas-Saint-Laurent,G5N,47480,9,141.2,1,1
C003228,24.21,Genie,Montreal,H8N,72610,6,9.0,0,0
C011120,26.9,Genie,Cote-Nord,G4R,98126,13,72.0,0,0
C001073,29.77,Sciences sociales,Montreal,H8N,120062,9,20.1,0,1
C003963,23.73,Sciences sociales,Capitale-Nationale,G2E,49027,7,17.1,0,0
C012978,28.57,Arts et lettres,Cote-Nord,G0G,48224,16,151.3,1,1
C002171,27.83,Arts et lettres,Montreal,H1A,38947,12,5.0,1,0
C004186,28.35,Sante,Gaspesie-Iles-de-la-Madeleine,G0C,51010,12,284.1,0,0
C009544,29.61,Arts et lettres,Bas-Saint-Laurent,G0L,58730,14,205.9,0,1
C006363,28.53,Sciences,Capitale-Nationale,G1R,98214,6,24.9,1,1
C003481,30.14,Arts et lettres,Montreal,H2X,51164,8,13.2,0,1
C009708,29.05,Sante,Cote-Nord,G4R,46207,11,120.5,1,0
C007356,31.05,Sante,Gaspesie-Iles-de-la-Madeleine,G4X,64632,17,279.4,0,1
C009114,31.81,Sciences sociales,Montreal,H3T,50177,7,20.9,1,1
C008880,32.16,Sante,Montreal,H4L,93694,7,11.1,1,1
C012198,27.54,Genie,Capitale-Nationale,G1V,56615,11,10.4,0,1
C006299,31.75,Sciences sociales,Montreal,H1A,108718,12,6.4,0,1
C003515,25.77,Genie,Gaspesie-Iles-de-la-Madeleine,G5C,63084,5,443.1,1,0
C004079,28.65,Sciences sociales,Montreal,H2X,46873,7,21.1,0,1
C007864,25.39,Sciences,Montreal,H1A,61295,8,12.1,1,0
C008013,26.75,Genie,Montreal,H3T,68378,10,20.6,0,0
C006202,26.63,Sante,Gaspesie-Iles-de-la-Madeleine,G5C,77836,12,278.3,1,0
C003330,29.54,Sciences,Cote-Nord,G4R,52035,12,187.3,0,0
C004900,27.62,Sciences,Gaspesie-Iles-de-la-Madeleine,G5C,40411,16,230.7,1,0
C009693,30.21,Genie,Capitale-Nationale,G1R,271176,7,11.3,0,1
C002855,24.12,Sciences,Montreal,H8N,68036,11,25.3,1,0
C007022,35.31,Sciences sociales,Capitale-Nationale,G1V,82992,10,32.3,1,1
C010968,28.26,Genie,Montreal,H4L,237637,8,21.9,1,1
C000148,26.23,Genie,Bas-Saint-Laurent,G5N,51944,15,137.8,0,0
C000928,27.13,Sciences,Montreal,H3T,26314,13,14.9,0,1
C004080,21.21,Arts et lettres,Cote-Nord,G0G,50724,15,87.4,1,0
C007741,22.58,Sciences,Bas-Saint-Laurent,G5L,99205,11,441.7,0,0
C010855,28.06,Sciences,Bas-Saint-Laurent,G5N,29022,21,154.6,0,0
C006912,27.55,Genie,Capitale-Nationale,G2E,78556,6,3.5,0,0
C000921,31.22,Sciences,Montreal,H8N,102121,8,3.7,0,1
C008794,29.31,Genie,Montreal,H8N,44470,8,11.6,1,1
C013415,26.5,Sciences,Cote-Nord,G5B,61533,16,273.3,1,0
C010945,30.06,Sciences,Montreal,H1A,97338,11,15.0,0,1
C004552,26.99,Sciences sociales,Bas-Saint-Laurent,G5L,34203,13,59.4,0,0
C007722,31.2,Genie,Capitale-Nationale,G3A,58739,12,29.7,0,1
C010564,26.58,Sciences,Montreal,H3T,55838,8,20.6,0,0
C007846,32.22,Genie,Capitale-Nationale,G1R,67476,5,23.8,0,1
C007161,30.18,Genie,Montreal,H1A,81103,6,24.6,0,1
C004791,25.24,Sciences sociales,Bas-Saint-Laurent,G5N,41836,24,227.1,1,0
C005999,26.48,Sciences,Montreal,H8N,30279,5,4.4,0,0
C013318,32.06,Genie,Montreal,H3T,45931,6,43.3,1,1
C000744,26.42,Genie,Bas-Saint-Laurent,G5L,39533,15,408.1,1,0
C009765,26.59,Arts et lettres,Capitale-Nationale,G1R,113557,10,11.6,1,0
C010000,24.63,Sante,Gaspesie-Iles-de-la-Madeleine,G4X,31620,17,317.7,1,0
C002780,25.01,Sante,Bas-Saint-Laurent,G5L,92433,7,17.1,0,0
C007067,25.47,Sciences,Bas-Saint-Laurent,G0L,41808,17,131.2,1,0
C008533,23.82,Genie,Capitale-Nationale,G1R,87256,8,7.2,0,0
C006482,24.12,Sciences,Capitale-Nationale,G1V,64857,7,11.7,0,0
C007786,31.76,Sciences,Capitale-Nationale,G1V,88186,14,15.8,1,1
C008759,29.25,Arts et lettres,Montreal,H2X,66430,8,14.0,0,1
C008936,26.78,Sciences sociales,Bas-Saint-Laurent,G5N,17720,13,321.1,0,0
C010340,29.01,Sciences,Capitale-Nationale,G1V,83912,11,34.4,1,1
C001672,25.72,Arts et lettres,Montreal,H4L,53978,10,13.3,0,0
C011481,28.4,Arts et lettres,Bas-Saint-Laurent,G0L,80828,8,338.9,1,0
C001709,29.98,Sciences sociales,Bas-Saint-Laurent,G5N,69886,11,231.6,1,0
C004568,23.0,Genie,Gaspesie-Iles-de-la-Madeleine,G4X,55893,15,145.6,0,0
C012855,24.77,Genie,Gaspesie-Iles-de-la-Madeleine,G5C,38770,18,198.1,0,0
C011856,32.21,Genie,Capitale-Nationale,G1R,32417,11,29.5,0,1
C010611,30.33,Arts et lettres,Gaspesie-Iles-de-la-Madeleine,G5C,78533,15,152.1,0,1
C001917,30.38,Sante,Montreal,H8N,69937,9,11.3,1,1
C002660,26.22,Sciences,Montreal,H1A,59518,8,12.2,0,0
C006454,27.04,Sciences sociales,Montreal,H4L,108236,11,7.3,1,0
C004197,30.45,Sante,Gaspesie-Iles-de-la-Madeleine,G4X,56893,13,367.6,0,1
C008523,27.04,Sciences,Montreal,H8N,36103,10,17.7,1,0
C004851,22.11,Sciences,Capitale-Nationale,G1V,162853,11,17.3,0,0
C010907,30.42,Genie,Gaspesie-Iles-de-la-Madeleine,G0C,31770,14,185.3,1,1
C013737,28.17,Sante,Montreal,H8N,63856,11,14.7,1,1
C012789,29.34,Sante,Gaspesie-Iles-de-la-Madeleine,G0C,45065,15,183.1,0,0
C010087,29.15,Sciences sociales,Montreal,H3T,39877,8,46.7,0,1
C012290,26.17,Sciences sociales,Montreal,H2X,88405,5,6.5,0,0
C010796,29.76,Genie,Capitale-Nationale,G1V,65160,6,3.4,1,1
C008559,28.84,Sciences,Cote-Nord,G4R,57235,14,137.0,1,1
C004202,29.85,Sciences sociales,Capitale-Nationale,G1V,35154,7,12.1,0,1
C008732,27.03,Genie,Capitale-Nationale,G1R,95514,8,10.1,1,1
C012942,24.52,Sante,Cote-Nord,G4R,47744,9,211.5,1,0
C002835,33.25,Arts et lettres,Montreal,H2X,118143,8,8.0,1,1
C005589,29.37,Arts et lettres,Gaspesie-Iles-de-la-Madeleine,G5C,49472,12,319.3,1,0
C012030,28.2,Sante,Gaspesie-Iles-de-la-Madeleine,G5C,26245,12,119.1,1,0
C003561,28.88,Genie,Montreal,H8N,51436,5,6.0,1,0
C001442,23.43,Sciences sociales,Bas-Saint-Laurent,G0L,29780,13,165.7,1,0
C003546,23.97,Arts et lettres,Capitale-Nationale,G1V,60949,6,12.3,1,0
C009558,28.51,Sciences sociales,Cote-Nord,G4R,43926,21,342.8,0,0
C003817,26.7,Sciences,Bas-Saint-Laurent,G5L,47709,16,178.6,0,0
C006455,23.95,Sante,Cote-Nord,G4R,29664,14,288.3,1,0
C006521,29.4,Arts et lettres,Bas-Saint-Laurent,G5L,45183,11,107.0,1,0
C012778,24.78,Sciences sociales,Gaspesie-Iles-de-la-Madeleine,G4X,87425,15,521.3,1,0
C004442,24.35,Genie,Montreal,H8N,136163,3,22.6,0,0
C005442,30.09,Sante,Montreal,H4L,113034,7,37.5,0,1
C013013,30.28,Arts et lettres,Gaspesie-Iles-de-la-Madeleine,G4X,27567,13,153.4,0,1
C009460,23.37,Arts et lettres,Gaspesie-Iles-de-la-Madeleine,G0C,56284,10,250.6,0,0
C006593,26.51,Sante,Montreal,H4L,74177,7,12.8,0,0
C004008,30.2,Sciences,Cote-Nord,G0G,62045,11,116.3,0,1
C001271,28.13,Arts et lettres,Montreal,H2X,99113,9,16.7,1,0
C012091,29.23,Arts et lettres,Capitale-Nationale,G3A,106307,5,11.1,1,0
C004853,32.15,Sciences,Bas-Saint-Laurent,G5N,56640,12,281.8,1,1
C013728,24.92,Sante,Gaspesie-Iles-de-la-Madeleine,G0C,27659,15,186.8,1,0
C001636,22.92,Genie,Cote-Nord,G5B,31227,12,282.5,0,0
C007634,33.59,Sciences,Montreal,H3T,67026,9,11.4,0,1
C002230,23.25,Sciences,Bas-Saint-Laurent,G0L,72082,13,53.0,0,0
C004038,27.71,Sante,Montreal,H1A,33092,7,8.7,1,0
C012776,28.68,Sante,Capitale-Nationale,G2E,28617,6,13.9,0,0
C009136,29.82,Sante,Cote-Nord,G4R,41243,9,232.0,0,1
C006620,23.31,Sciences sociales,Montreal,H1A,153139,8,36.7,1,0
C008168,26.35,Sante,Capitale-Nationale,G3A,178920,10,11.1,1,1
C013134,30.27,Genie,Montreal,H4L,36713,8,14.2,0,1
C010976,30.78,Sciences sociales,Montreal,H3T,124925,8,7.6,1,1
C010592,28.94,Sciences,Capitale-Nationale,G1R,71563,5,20.1,0,1
C001008,20.1,Sciences,Bas-Saint-Laurent,G5L,60356,10,227.1,0,0
C003707,28.65,Genie,Capitale-Nationale,G3A,33059,11,22.1,0,0
C010133,33.0,Genie,Montreal,H2X,78463,8,1.4,0,1
C001391,30.5,Sante,Cote-Nord,G5B,47963,11,293.8,0,1
C002996,23.79,Arts et lettres,Bas-Saint-Laurent,G5L,22823,10,106.6,0,0
C004532,32.58,Genie,Capitale-Nationale,G2E,34370,13,27.3,0,1
C007422,31.84,Sante,Cote-Nord,G4R,29914,13,129.5,0,0
C001282,29.17,Arts et lettres,Cote-Nord,G4R,71633,6,210.9,0,1
C010345,29.73,Arts et lettres,Montreal,H1A,98805,6,19.3,0,0
C004445,23.57,Sciences sociales,Montreal,H1A,54864,5,47.0,0,0
C008245,28.23,Genie,Montreal,H4L,38756,8,3.6,1,0
C012898,28.3,Sante,Capitale-Nationale,G1R,40181,6,19.1,0,0
C010885,26.23,Sciences sociales,Bas-Saint-Laurent,G5L,31086,13,204.7,1,0
C007508,27.07,Sante,Capitale-Nationale,G3A,67701,3,13.0,1,1
C011650,26.26,Arts et lettres,Bas-Saint-Laurent,G5N,57885,7,348.2,1,0
C003960,29.82,Sciences sociales,Montreal,H8N,147379,7,6.6,0,1
C000089,30.62,Genie,Capitale-Nationale,G1V,115167,7,13.5,0,1
C007246,31.95,Sciences sociales,Montreal,H4L,66814,11,9.9,0,1
C007992,22.68,Arts et lettres,Montreal,H4L,79813,5,11.0,0,0
C002586,26.88,Genie,Capitale-Nationale,G3A,64828,6,26.7,0,1
C001738,28.84,Sciences,Bas-Saint-Laurent,G5N,33378,13,298.6,0,0
C000161,26.42,Genie,Gaspesie-Iles-de-la-Madeleine,G0C,38800,9,350.6,0,0
C002914,25.71,Genie,Montreal,H1A,43497,6,19.1,0,0
C002334,29.65,Genie,Montreal,H2X,78241,13,24.4,0,1
C013885,23.01,Sante,Capitale-Nationale,G3A,88667,5,4.6,1,0
C010626,27.27,Sante,Montreal,H2X,27613,5,10.1,0,0
C006180,23.69,Sante,Cote-Nord,G5B,75479,12,166.5,1,0
C002828,26.16,Sante,Gaspesie-Iles-de-la-Madeleine,G4X,61057,19,205.6,1,0
C003552,29.53,Sciences,Montreal,H8N,90441,12,12.3,0,1
C011266,29.86,Sante,Gaspesie-Iles-de-la-Madeleine,G5C,85277,11,320.6,0,1
C003993,27.78,Sciences,Montreal,H3T,73509,13,9.9,0,0
C012582,32.11,Sciences sociales,Montreal,H1A,82077,10,15.1,1,1
C013432,29.14,Sciences sociales,Cote-Nord,G5B,33184,12,255.5,1,0
C013711,31.66,Genie,Montreal,H4L,59370,8,17.6,0,1
C006601,24.61,Arts et lettres,Gaspesie-Iles-de-la-Madeleine,G5C,39676,13,341.0,0,0
C005383,31.2,Sante,Capitale-Nationale,G1V,71889,6,20.8,0,1
C009779,19.94,Arts et lettres,Bas-Saint-Laurent,G5L,31874,10,335.1,0,0
C010370,24.66,Sciences sociales,Montreal,H3T,123500,7,29.6,0,0
C012892,31.02,Genie,Cote-Nord,G5B,63249,11,82.4,1,1
C010327,37.57,Genie,Montreal,H1A,112624,8,10.1,0,1
C006448,27.34,Arts et lettres,Gaspesie-Iles-de-la-Madeleine,G5C,55511,12,194.9,0,0
C009234,32.53,Arts et lettres,Gaspesie-Iles-de-la-Madeleine,G4X,18496,11,265.2,0,1
C004467,21.38,Sciences sociales,Bas-Saint-Laurent,G5L,114331,10,195.8,0,0
C009825,29.68,Sante,Cote-Nord,G4R,43358,19,276.3,1,1
C008929,22.61,Sante,Capitale-Nationale,G1R,118835,9,66.2,0,0
C003751,28.3,Sante,Capitale-Nationale,G3A,63070,12,15.0,0,1
C002081,33.79,Sciences sociales,Cote-Nord,G5B,53959,15,199.5,0,1
C008662,30.99,Sciences,Capitale-Nationale,G2E,64855,12,34.1,0,1
C007479,21.89,Sciences,Capitale-Nationale,G1R,89003,11,3.8,0,0
C006992,29.18,Sante,Montreal,H8N,88034,6,13.2,0,0
C001895,27.02,Sciences,Montreal,H4L,58630,4,16.2,0,0
C009266,26.36,Sciences sociales,Montreal,H3T,53466,8,11.0,1,0
C001193,23.14,Arts et lettres,Cote-Nord,G4R,75344,9,150.1,1,0
C003744,27.43,Sciences,Montreal,H8N,120683,10,15.5,0,1
C000027,30.36,Genie,Cote-Nord,G0G,49022,14,275.2,0,1
C008681,23.28,Genie,Capitale-Nationale,G3A,75586,9,8.9,0,0
C000101,22.48,Sciences sociales,Montreal,H1A,119660,11,9.0,0,0
C002458,25.82,Genie,Montreal,H1A,102491,8,16.5,0,0
C001371,28.92,Sciences sociales,Cote-Nord,G0G,31342,11,335.9,1,0
C003119,25.88,Genie,Cote-Nord,G0G,19164,8,73.4,0,0
C009214,26.27,Genie,Gaspesie-Iles-de-la-Madeleine,G4X,34472,13,82.5,0,0
C005829,29.68,Arts et lettres,Capitale-Nationale,G3A,54604,9,6.0,0,0
C004540,25.55,Genie,Montreal,H4L,63999,7,12.8,0,0
C007320,29.84,Sciences sociales,Gaspesie-Iles-de-la-Madeleine,G4X,61021,19,325.4,0,1
C002936,28.52,Genie,Bas-Saint-Laurent,G5N,31537,23,124.9,1,0
C006058,25.43,Arts et lettres,Cote-Nord,G5B,49778,13,167.3,1,0
C000893,28.1,Sciences sociales,Capitale-Nationale,G1V,32330,5,21.4,0,0
C013162,28.8,Genie,Gaspesie-Iles-de-la-Madeleine,G0C,30520,18,118.7,1,0
C006286,31.09,Sciences,Montreal,H3T,43451,8,19.1,1,1
C011329,28.53,Arts et lettres,Gaspesie-Iles-de-la-Madeleine,G4X,83875,13,149.3,1,0
C005772,27.96,Genie,Cote-Nord,G0G,59419,14,393.6,0,0
C002515,26.93,Arts et lettres,Cote-Nord,G5B,47793,16,64.9,1,0
C013503,27.96,Sante,Capitale-Nationale,G2E,86712,8,32.9,0,0
C002989,28.72,Sciences,Bas-Saint-Laurent,G5L,62976,11,136.9,0,0
C007168,22.67,Sciences sociales,Bas-Saint-Laurent,G0L,52025,13,137.3,1,0
C005346,25.8,Sciences sociales,Capitale-Nationale,G1R,125847,10,47.7,0,0
C002461,20.39,Arts et lettres,Gaspesie-Iles-de-la-Madeleine,G5C,50296,11,212.4,0,0
C001305,27.82,Sciences sociales,Capitale-Nationale,G1V,82699,11,15.8,0,1
C007008,32.26,Arts et lettres,Montreal,H8N,71941,12,44.4,0,1
C012816,30.54,Arts et lettres,Cote-Nord,G5B,44072,11,523.6,0,1
C004802,30.1,Sciences sociales,Bas-Saint-Laurent,G5L,43904,15,165.9,1,0
C010789,26.48,Sciences,Montreal,H8N,100077,9,38.0,0,0
C009775,28.47,Sciences,Montreal,H3T,63146,10,19.6,0,1
C003475,30.33,Sciences sociales,Montreal,H1A,185119,10,10.6,1,1
C005200,30.09,Sante,Capitale-Nationale,G1V,51267,8,22.2,0,1
C013075,23.14,Arts et lettres,Bas-Saint-Laurent,G0L,60125,13,84.9,0,0
C005155,22.6,Sante,Bas-Saint-Laurent,G5L,47305,14,88.7,0,0
C012519,29.68,Sciences sociales,Montreal,H3T,77884,5,9.7,0,1
C001578,32.87,Sciences,Cote-Nord,G4R,68631,12,72.3,1,1
C011231,27.75,Sciences sociales,Bas-Saint-Laurent,G0L,44513,8,159.7,1,0
C002271,30.02,Sciences sociales,Montreal,H8N,67660,10,28.2,0,1
C013764,30.74,Sciences,Montreal,H1A,162851,10,57.7,0,1
C002831,30.85,Genie,Gaspesie-Iles-de-la-Madeleine,G0C,50036,12,132.9,1,1
C005882,25.08,Sante,Cote-Nord,G0G,40263,16,29.9,1,0
C009584,24.18,Genie,Cote-Nord,G4R,96930,12,340.7,0,0
C003177,23.32,Sciences,Montreal,H3T,31372,16,14.0,0,0
C008680,34.91,Arts et lettres,Montreal,H3T,92685,8,35.1,0,1
C004296,28.5,Sciences sociales,Capitale-Nationale,G1R,48560,11,8.9,1,1
C008508,19.92,Sante,Cote-Nord,G4R,41489,8,85.4,0,0
C013167,30.15,Sciences,Gaspesie-Iles-de-la-Madeleine,G0C,72892,10,172.5,0,0
C000656,30.12,Sciences sociales,Cote-Nord,G4R,30803,12,163.6,1,0
C005600,21.48,Sciences sociales,Cote-Nord,G5B,61534,13,162.6,1,0
C005685,30.15,Sante,Bas-Saint-Laurent,G5N,35834,13,147.2,1,1
C010007,25.17,Arts et lettres,Gaspesie-Iles-de-la-Madeleine,G0C,97821,9,151.1,0,0
C009951,30.86,Sciences sociales,Montreal,H1A,73979,14,7.5,1,1
C007154,32.74,Sante,Montreal,H2X,67207,3,31.8,0,1
C001822,30.94,Sciences,Cote-Nord,G5B,32058,9,472.8,0,1
C006715,27.15,Genie,Montreal,H1A,119183,5,6.9,0,0
C010487,29.59,Arts et lettres,Gaspesie-Iles-de-la-Madeleine,G0C,71625,9,216.1,0,1
C007944,25.63,Sciences sociales,Cote-Nord,G0G,49732,11,285.6,0,0
C010654,31.93,Arts et lettres,Montreal,H4L,88879,2,12.5,1,1
C012239,24.26,Sciences,Montreal,H4L,57862,8,30.1,0,0
C004212,26.78,Genie,Montreal,H3T,39191,5,19.6,0,0
C013942,28.47,Sante,Montreal,H1A,91449,9,8.6,0,1
C001657,30.31,Genie,Capitale-Nationale,G1R,47929,7,11.1,0,1
C003122,26.71,Genie,Gaspesie-Iles-de-la-Madeleine,G5C,75995,14,61.1,0,0
C008612,29.04,Sciences sociales,Capitale-Nationale,G2E,92502,10,7.2,0,1
C004683,28.7,Sciences sociales,Capitale-Nationale,G3A,18924,8,42.3,1,1
C005724,24.33,Sciences,Montreal,H4L,86919,11,5.9,1,0
C013766,25.77,Genie,Montreal,H3T,36229,10,38.0,0,0
C012707,25.56,Arts et lettres,Gaspesie-Iles-de-la-Madeleine,G4X,52241,11,404.6,0,0
C001278,29.0,Sciences sociales,Capitale-Nationale,G2E,55276,9,15.3,0,1
C008348,30.31,Sciences sociales,Bas-Saint-Laurent,G5N,26564,9,115.2,1,1
C005306,25.71,Genie,Montreal,H2X,67898,7,14.1,1,0
C008136,24.56,Sante,Bas-Saint-Laurent,G5L,43523,9,216.0,1,0
C007584,30.49,Sciences,Montreal,H8N,62711,14,19.0,0,1
C013249,28.62,Genie,Cote-Nord,G5B,17418,16,168.2,1,0
C006681,25.98,Sciences sociales,Capitale-Nationale,G2E,57568,10,33.4,0,0
C004555,23.93,Sciences,Montreal,H1A,64734,9,0.6,0,0
C013510,27.0,Arts et lettres,Cote-Nord,G5B,39269,17,186.1,1,0
C005826,28.56,Genie,Montreal,H2X,86823,8,14.1,0,0
C003148,25.61,Sciences sociales,Cote-Nord,G4R,72107,10,295.5,0,0
C004872,26.82,Arts et lettres,Capitale-Nationale,G3A,78751,8,3.0,1,0
C006741,26.67,Sciences sociales,Capitale-Nationale,G1R,42915,8,63.0,0,0
C007587,27.9,Sciences sociales,Gaspesie-Iles-de-la-Madeleine,G0C,24842,8,365.9,1,0
C008408,27.36,Arts et lettres,Capitale-Nationale,G2E,67100,11,7.5,1,0
C012690,24.36,Sante,Montreal,H4L,69570,10,15.6,1,0
C013712,27.15,Genie,Gaspesie-Iles-de-la-Madeleine,G5C,99810,13,345.2,1,0
C013050,24.42,Sciences,Montreal,H1A,57989,3,9.5,0,0
C005368,25.13,Sante,Montreal,H8N,86369,9,6.1,0,0
C005270,26.32,Arts et lettres,Capitale-Nationale,G1R,99909,6,38.2,1,0
C000368,26.48,Genie,Montreal,H8N,116998,8,12.5,1,0
C012202,28.87,Sciences,Montreal,H8N,68475,5,22.2,0,0
C005319,32.61,Sciences,Capitale-Nationale,G1V,58679,11,15.5,0,1
C012923,29.72,Genie,Montreal,H3T,43785,11,21.0,0,1
C010305,30.95,Sciences,Capitale-Nationale,G1R,75227,8,32.2,0,1
C005593,24.11,Sante,Gaspesie-Iles-de-la-Madeleine,G0C,35895,13,74.9,0,0
C011338,23.84,Sciences sociales,Gaspesie-Iles-de-la-Madeleine,G5C,51481,8,260.1,0,0
C002012,27.11,Sciences sociales,Cote-Nord,G4R,83640,8,166.2,1,0
C005653,23.67,Genie,Cote-Nord,G5B,55823,8,201.3,0,0
C004282,25.03,Sciences,Gaspesie-Iles-de-la-Madeleine,G0C,35498,12,240.2,1,0
C006469,31.22,Sciences,Capitale-Nationale,G1R,98659,12,11.0,0,1
C005677,27.21,Sante,Cote-Nord,G5B,89968,15,223.8,1,0
C011813,31.2,Arts et lettres,Montreal,H1A,71270,13,6.3,0,1
C007363,32.66,Sante,Capitale-Nationale,G1V,61552,13,33.1,0,1
C005560,28.17,Sciences,Gaspesie-Iles-de-la-Madeleine,G4X,44955,14,141.8,0,0
C011271,31.18,Sciences,Gaspesie-Iles-de-la-Madeleine,G5C,72180,14,383.2,0,1
C013535,26.35,Sante,Bas-Saint-Laurent,G0L,111675,15,257.0,0,0
C000883,28.68,Arts et lettres,Cote-Nord,G4R,48375,10,308.2,0,0
C009295,28.73,Sciences sociales,Capitale-Nationale,G2E,62338,10,20.7,0,0
C011315,33.1,Arts et lettres,Montreal,H4L,72099,9,14.6,1,1
C007926,26.8,Genie,Gaspesie-Iles-de-la-Madeleine,G5C,21654,19,303.5,0,0
C006008,27.56,Sciences,Montreal,H1A,64088,8,2.9,1,1
C013474,25.97,Sante,Gaspesie-Iles-de-la-Madeleine,G0C,35984,18,237.8,1,0
C003333,31.44,Sciences sociales,Capitale-Nationale,G2E,101739,5,7.2,0,1
C004159,26.21,Sciences sociales,Montreal,H1A,71394,8,6.9,1,0
C009197,24.51,Sante,Montreal,H8N,58999,8,16.0,1,0
C003979,27.7,Sciences,Montreal,H2X,47610,9,38.4,1,1
C002276,27.54,Sciences sociales,Bas-Saint-Laurent,G5L,88555,14,126.9,0,0
C007392,26.96,Sciences,Gaspesie-Iles-de-la-Madeleine,G0C,37801,15,285.0,0,0
C007947,25.56,Sciences,Cote-Nord,G4R,35052,14,303.7,0,0
C007438,25.47,Sante,Montreal,H4L,50320,7,19.3,0,0
C010201,26.62,Sante,Montreal,H8N,60621,10,1.8,1,0
C003504,31.75,Arts et lettres,Bas-Saint-Laurent,G5N,59692,10,109.5,1,1
C003675,24.72,Sciences sociales,Montreal,H8N,77560,11,57.6,0,0
C005413,29.72,Sciences sociales,Montreal,H1A,61251,9,18.4,0,1
C001102,29.9,Genie,Cote-Nord,G4R,81630,14,151.3,1,1
C013504,27.33,Genie,Montreal,H2X,129160,7,27.4,0,1
C002628,30.83,Genie,Bas-Saint-Laurent,G5L,58681,13,289.4,0,0
C012878,32.51,Sciences sociales,Montreal,H4L,132916,8,8.2,1,1
C010489,24.3,Sciences,Montreal,H1A,45448,5,20.0,0,0
C011240,26.63,Sciences sociales,Gaspesie-Iles-de-la-Madeleine,G0C,43185,10,430.3,1,0
C009510,25.83,Genie,Montreal,H2X,98574,11,27.3,1,0
C006168,28.69,Genie,Montreal,H4L,113337,6,8.0,1,1
C006978,28.08,Genie,Capitale-Nationale,G2E,58844,5,12.6,0,1
C000651,26.18,Arts et lettres,Capitale-Nationale,G2E,135050,7,28.9,1,0
C009072,24.76,Genie,Cote-Nord,G5B,33077,9,179.6,0,0
C001036,28.5,Sciences sociales,Montreal,H3T,38683,5,74.1,0,1
C008175,33.53,Sciences,Montreal,H4L,56587,8,15.5,0,1
C008793,26.46,Sante,Bas-Saint-Laurent,G5L,170845,13,75.5,0,0
C001433,30.29,Genie,Cote-Nord,G5B,44034,14,94.0,0,0
C000661,26.95,Sciences sociales,Capitale-Nationale,G2E,80122,11,34.9,0,0
C003235,24.92,Sante,Gaspesie-Iles-de-la-Madeleine,G5C,82434,14,383.6,1,0
C004904,26.06,Arts et lettres,Gaspesie-Iles-de-la-Madeleine,G4X,76043,12,181.6,0,0
C003061,27.84,Sciences sociales,Cote-Nord,G0G,69039,13,98.4,0,0
C013605,26.53,Sciences sociales,Montreal,H3T,106314,9,25.9,0,0
C007068,24.54,Genie,Bas-Saint-Laurent,G5N,39778,13,345.8,0,0
C006972,29.79,Sciences,Montreal,H8N,80387,8,6.7,0,1
C009429,28.58,Sante,Cote-Nord,G5B,47216,13,271.8,1,0
C009578,24.68,Sante,Montreal,H8N,60998,8,13.0,0,0
C010146,28.98,Genie,Montreal,H1A,33490,11,64.5,0,0
C012738,29.82,Sciences,Capitale-Nationale,G1V,110645,9,10.8,0,1
C003184,28.18,Sciences sociales,Gaspesie-Iles-de-la-Madeleine,G4X,41058,6,165.8,1,0
C010493,26.54,Sciences,Bas-Saint-Laurent,G0L,45077,12,218.0,1,0
C005262,24.29,Sciences,Cote-Nord,G4R,44667,12,210.6,0,0
C009292,23.12,Sciences,Gaspesie-Iles-de-la-Madeleine,G5C,31482,14,49.4,1,0
C002038,26.45,Genie,Gaspesie-Iles-de-la-Madeleine,G4X,70969,17,381.4,0,0
C012126,23.36,Sante,Cote-Nord,G0G,45018,16,118.0,1,0
C006930,29.9,Sante,Gaspesie-Iles-de-la-Madeleine,G5C,80324,14,395.4,0,1
C013903,26.51,Sante,Bas-Saint-Laurent,G5L,58200,11,124.5,1,0
C011559,32.54,Sciences,Cote-Nord,G5B,24241,8,83.3,0,1
C002598,21.92,Arts et lettres,Bas-Saint-Laurent,G0L,60441,16,187.0,0,0
C008403,29.59,Sciences sociales,Montreal,H3T,37143,12,14.6,0,1
C003690,32.21,Sciences,Montreal,H2X,69569,9,2.8,0,1
C002560,29.11,Arts et lettres,Cote-Nord,G0G,64335,20,257.5,0,1
C011425,26.85,Sante,Cote-Nord,G5B,69357,16,421.9,1,0
C000759,27.38,Sciences,Montreal,H2X,146572,15,3.8,1,1
C009086,33.71,Sciences sociales,Capitale-Nationale,G1R,136331,9,8.0,0,1
C003068,26.3,Arts et lettres,Montreal,H4L,53004,9,21.4,0,0
C013833,31.05,Arts et lettres,Montreal,H2X,199883,11,11.4,0,1
C002349,30.65,Sciences,Montreal,H1A,71001,9,9.2,0,1
C013212,29.29,Sciences,Montreal,H4L,40094,8,0.5,0,1
C001893,31.19,Sante,Capitale-Nationale,G1R,80320,7,39.4,0,1
C004958,30.8,Sciences,Capitale-Nationale,G3A,104864,5,36.4,0,1
C008962,25.02,Sciences,Montreal,H8N,37525,6,3.6,0,0
C008923,25.15,Sciences sociales,Gaspesie-Iles-de-la-Madeleine,G0C,74158,15,295.9,1,0
C009929,29.49,Sante,Cote-Nord,G4R,53807,11,29.7,1,0
C004405,25.65,Arts et lettres,Cote-Nord,G5B,94891,13,398.7,0,0
C005132,24.64,Sante,Cote-Nord,G0G,52919,9,187.0,0,0
C010037,26.72,Sciences sociales,Montreal,H2X,70019,10,56.3,0,0
C002478,27.27,Arts et lettres,Capitale-Nationale,G2E,32212,10,42.0,0,0
C010416,22.72,Sciences sociales,Montreal,H1A,37643,4,36.8,0,0
C011252,22.07,Arts et lettres,Montreal,H4L,84272,10,38.0,0,0
C001852,22.11,Sante,Gaspesie-Iles-de-la-Madeleine,G5C,27824,10,298.9,1,0
C003774,27.66,Genie,Montreal,H1A,79858,11,10.2,0,0
C009485,28.93,Genie,Montreal,H4L,54055,6,25.8,0,1
C008418,28.0,Genie,Montreal,H1A,78681,4,6.5,0,0
C001093,31.46,Arts et lettres,Capitale-Nationale,G1V,63369,9,16.1,0,1
C012438,25.69,Sante,Montreal,H8N,83945,11,16.0,1,0
C008446,24.3,Genie,Montreal,H1A,65407,11,18.0,0,0
C003789,30.74,Sante,Capitale-Nationale,G3A,146780,10,20.3,0,1
C006041,29.08,Genie,Montreal,H2X,126672,8,44.3,0,1
C001344,34.77,Genie,Montreal,H8N,131035,14,43.8,0,1
C002250,29.47,Arts et lettres,Montreal,H1A,47596,9,17.1,1,1
C005676,27.95,Arts et lettres,Gaspesie-Iles-de-la-Madeleine,G0C,25928,17,172.3,1,0
C010856,24.73,Arts et lettres,Capitale-Nationale,G1R,110184,13,14.2,0,0
C007043,22.87,Sciences sociales,Montreal,H8N,61020,6,15.8,0,0
C008940,27.64,Sante,Gaspesie-Iles-de-la-Madeleine,G5C,86553,12,241.7,0,0
C011029,29.77,Genie,Montreal,H4L,71172,10,28.6,0,0
C012800,19.24,Arts et lettres,Gaspesie-Iles-de-la-Madeleine,G0C,51687,13,356.6,0,0
C008887,24.71,Sante,Montreal,H8N,33601,10,10.9,0,0
C012020,25.3,Arts et lettres,Gaspesie-Iles-de-la-Madeleine,G0C,53132,12,174.4,0,0
C004331,32.41,Sciences,Capitale-Nationale,G1V,56881,4,36.7,1,1
C012098,26.99,Sante,Montreal,H3T,60374,7,10.3,0,0
C010652,28.17,Genie,Montreal,H2X,40352,9,24.9,1,1
C000685,27.61,Genie,Montreal,H3T,119702,9,25.6,0,0
C008843,30.03,Sante,Montreal,H4L,91214,10,20.9,1,1
C006842,23.02,Sciences,Montreal,H3T,112265,10,12.4,1,0
C001315,33.07,Sciences,Montreal,H8N,52597,11,34.6,0,1
C010763,28.01,Genie,Montreal,H1A,258162,11,6.6,0,1
C004665,26.69,Sante,Montreal,H4L,69668,10,7.0,0,0
C004204,22.29,Sciences,Bas-Saint-Laurent,G5N,167427,11,216.9,0,0
C002608,30.08,Genie,Capitale-Nationale,G3A,38528,7,16.8,0,1
C001326,29.29,Genie,Gaspesie-Iles-de-la-Madeleine,G4X,39759,20,415.7,1,1
C002110,24.78,Sciences sociales,Montreal,H8N,55866,12,28.1,0,0
C011996,25.76,Sante,Montreal,H8N,66206,9,1.0,0,0
C012092,25.55,Sciences sociales,Montreal,H1A,55676,5,23.8,1,0
C010696,25.82,Sciences sociales,Cote-Nord,G5B,29322,10,299.3,0,0
C013187,31.81,Genie,Bas-Saint-Laurent,G5L,75134,12,237.9,0,1
C012243,21.68,Sante,Capitale-Nationale,G1R,90698,5,30.8,0,0
C002887,30.87,Sante,Montreal,H1A,51455,9,12.5,0,1
C008246,27.47,Sante,Gaspesie-Iles-de-la-Madeleine,G0C,61669,10,151.5,0,0
C005183,26.27,Sante,Montreal,H2X,46730,5,33.3,0,0
C002498,29.13,Genie,Capitale-Nationale,G1R,180199,9,15.6,1,1
C010630,30.35,Sciences sociales,Montreal,H2X,32322,7,12.8,0,1
C002596,31.17,Sciences sociales,Capitale-Nationale,G3A,70305,9,9.2,0,1
C013109,21.65,Sante,Cote-Nord,G5B,57963,20,312.2,0,0
C000969,28.4,Sciences sociales,Capitale-Nationale,G3A,81244,8,11.4,0,0
C003627,25.63,Arts et lettres,Gaspesie-Iles-de-la-Madeleine,G5C,37545,17,79.4,0,0
C013009,31.57,Arts et lettres,Montreal,H3T,97628,10,14.4,0,1
C009356,28.16,Genie,Montreal,H4L,25203,9,21.5,0,0
C010445,27.19,Genie,Capitale-Nationale,G3A,110359,8,21.6,0,0
C004303,24.87,Arts et lettres,Montreal,H1A,100140,6,44.7,1,0
C008902,28.55,Arts et lettres,Bas-Saint-Laurent,G5N,31845,15,313.4,1,0
C011386,27.03,Sciences sociales,Capitale-Nationale,G3A,74839,16,13.2,0,1
C012494,25.86,Sciences,Montreal,H2X,41096,7,9.8,1,0
C012449,27.41,Arts et lettres,Montreal,H2X,125376,8,34.9,0,1
C013182,27.03,Sciences sociales,Cote-Nord,G0G,30891,15,213.7,1,0
C001774,25.7,Sciences sociales,Gaspesie-Iles-de-la-Madeleine,G4X,38411,12,299.6,0,0
C002911,28.06,Arts et lettres,Cote-Nord,G0G,72285,12,379.6,0,0
C007536,26.23,Sciences sociales,Gaspesie-Iles-de-la-Madeleine,G0C,46110,14,117.0,0,0
C004795,31.35,Sciences sociales,Cote-Nord,G0G,43468,11,290.7,0,1
C008116,25.03,Genie,Montreal,H2X,88039,15,18.3,1,0
C011157,23.14,Genie,Cote-Nord,G5B,33440,13,111.4,0,0
C006696,28.59,Sciences,Capitale-Nationale,G1R,81712,9,16.7,0,1
C003812,29.65,Genie,Capitale-Nationale,G1V,45082,9,27.6,0,1
C000644,27.18,Arts et lettres,Cote-Nord,G0G,42123,16,160.4,1,0
C005841,29.48,Sciences sociales,Capitale-Nationale,G2E,50933,12,32.8,0,1
C000539,28.38,Genie,Montreal,H8N,72190,10,26.0,0,1
C012121,29.01,Sciences sociales,Cote-Nord,G5B,44503,16,152.0,1,0
C007806,32.83,Genie,Montreal,H3T,40165,6,11.3,0,1
C005996,30.06,Arts et lettres,Capitale-Nationale,G1V,130757,4,24.7,0,1
C012766,23.14,Sciences,Gaspesie-Iles-de-la-Madeleine,G4X,48927,16,197.8,1,0
C008030,27.67,Sciences,Montreal,H8N,62541,3,10.6,0,1
C008481,28.56,Genie,Cote-Nord,G4R,44661,14,300.8,0,0
C009737,29.0,Sciences sociales,Cote-Nord,G5B,36873,6,339.1,1,0
C002979,27.98,Genie,Capitale-Nationale,G1R,69172,11,38.2,0,0
C013222,25.93,Genie,Montreal,H2X,88681,14,15.4,0,0
C007305,26.09,Arts et lettres,Montreal,H4L,42115,10,1.9,1,1
C008749,32.13,Sciences sociales,Capitale-Nationale,G2E,41915,11,14.1,0,1
C010004,24.81,Genie,Bas-Saint-Laurent,G5L,25553,13,215.2,0,0
C004934,32.42,Sante,Montreal,H4L,32923,9,34.8,1,1
C003867,25.6,Genie,Cote-Nord,G4R,55652,16,251.6,0,0
C009112,27.77,Genie,Montreal,H1A,71931,5,41.9,0,1
C013801,23.13,Genie,Bas-Saint-Laurent,G0L,35274,9,111.2,0,0
C005217,31.24,Sciences sociales,Montreal,H4L,157538,10,8.6,0,1
C010465,23.94,Arts et lettres,Bas-Saint-Laurent,G0L,45781,13,229.8,1,0
C000361,23.98,Sante,Montreal,H3T,102742,8,13.4,1,0
C005085,26.69,Genie,Gaspesie-Iles-de-la-Madeleine,G0C,46478,9,87.5,0,1
C000206,25.4,Sciences,Gaspesie-Iles-de-la-Madeleine,G4X,59173,10,248.4,0,0
C013745,18.03,Sciences,Cote-Nord,G0G,36517,13,175.9,1,0
C004127,28.66,Genie,Capitale-Nationale,G3A,44225,6,7.0,0,1
C009984,25.57,Sante,Cote-Nord,G5B,44253,17,177.3,1,0
C005402,23.96,Sante,Montreal,H4L,55480,10,29.9,0,0
C011392,26.99,Genie,Montreal,H1A,26795,12,43.5,0,0
C004984,26.54,Arts et lettres,Capitale-Nationale,G3A,70099,9,5.0,0,0
C003002,28.45,Sante,Montreal,H3T,68511,10,12.0,0,1
C000619,23.76,Arts et lettres,Cote-Nord,G0G,45214,8,310.8,0,0
C000570,25.77,Sciences,Gaspesie-Iles-de-la-Madeleine,G0C,52380,12,256.5,1,0
C004029,25.27,Sciences,Gaspesie-Iles-de-la-Madeleine,G5C,32380,13,211.1,0,0
C001481,30.12,Sciences,Montreal,H2X,46287,11,22.8,1,1
C000774,35.37,Sciences,Capitale-Nationale,G2E,70910,13,24.6,0,1
C005627,27.74,Sciences,Gaspesie-Iles-de-la-Madeleine,G0C,51365,11,115.9,0,0
C001260,24.54,Sciences,Gaspesie-Iles-de-la-Madeleine,G4X,62742,10,246.8,1,0
C005657,32.84,Sante,Montreal,H8N,62869,13,9.5,1,1
C000205,29.85,Genie,Montreal,H3T,88994,8,16.1,0,1
C005922,22.13,Sciences sociales,Montreal,H8N,60850,13,43.1,0,0
C007129,26.11,Sante,Gaspesie-Iles-de-la-Madeleine,G0C,49932,10,422.7,1,0
C008301,28.26,Sciences,Montreal,H1A,68699,9,13.4,0,0
C009442,27.14,Sciences,Cote-Nord,G0G,83949,8,397.3,0,0
C011732,27.81,Sante,Bas-Saint-Laurent,G5N,84781,18,163.7,0,1
C000264,28.84,Sciences,Montreal,H4L,70244,7,25.2,0,1
C013226,31.71,Genie,Cote-Nord,G4R,43821,20,158.5,0,1
C004737,23.82,Genie,Capitale-Nationale,G3A,57745,11,34.2,0,0
C011484,28.33,Sciences sociales,Bas-Saint-Laurent,G5L,34628,11,219.3,1,0
C009932,28.22,Sciences,Montreal,H4L,28485,9,10.4,1,0
C001387,26.09,Sciences,Cote-Nord,G4R,69893,14,301.8,0,0
C005543,25.68,Genie,Montreal,H3T,177552,10,13.7,0,0
C010552,27.2,Sciences sociales,Cote-Nord,G5B,30994,10,197.0,0,0
C008919,27.85,Sciences,Montreal,H4L,50339,8,21.1,1,1
C007376,25.85,Sciences sociales,Cote-Nord,G0G,103157,12,165.9,0,0
C003403,28.56,Arts et lettres,Cote-Nord,G0G,49982,8,316.5,0,0
C005512,24.72,Sante,Montreal,H3T,115812,7,27.4,0,0
C003651,32.25,Arts et lettres,Montreal,H1A,108637,11,23.0,0,1
C001627,26.39,Sciences sociales,Capitale-Nationale,G2E,67284,4,20.8,0,0
C006811,27.23,Genie,Gaspesie-Iles-de-la-Madeleine,G0C,24010,23,308.7,0,0
C001529,21.11,Sante,Capitale-Nationale,G1V,41979,10,7.5,0,0
C003446,25.17,Arts et lettres,Montreal,H3T,68776,12,12.1,1,0
C003540,31.81,Sante,Montreal,H2X,93635,13,17.4,0,1
C012097,26.46,Sciences sociales,Cote-Nord,G0G,38427,20,141.3,1,0
C002488,29.22,Genie,Bas-Saint-Laurent,G5N,22862,16,277.3,0,0
C002083,31.22,Arts et lettres,Bas-Saint-Laurent,G5N,87763,17,193.6,1,1
C012086,27.21,Arts et lettres,Bas-Saint-Laurent,G0L,27590,19,291.2,1,0
C004003,31.06,Genie,Montreal,H3T,75163,9,3.1,0,1
C010334,27.56,Genie,Montreal,H4L,44265,6,1.1,0,0
C003841,31.0,Genie,Capitale-Nationale,G1V,42142,10,11.9,0,1
C012342,29.26,Sciences sociales,Gaspesie-Iles-de-la-Madeleine,G0C,47116,16,67.8,1,1
C002802,29.22,Sciences sociales,Cote-Nord,G0G,43353,12,148.5,0,0
C012592,31.55,Genie,Montreal,H3T,105741,7,76.7,1,1
C003455,28.37,Genie,Montreal,H2X,138291,10,9.3,0,1
C004203,29.54,Arts et lettres,Cote-Nord,G5B,47269,8,167.8,1,0
C013118,24.1,Sante,Capitale-Nationale,G2E,130049,10,17.7,0,0
C006812,26.72,Sante,Montreal,H8N,50136,11,24.3,1,0
C006866,23.76,Sciences,Gaspesie-Iles-de-la-Madeleine,G5C,37471,16,211.0,0,0
C002092,27.86,Sciences,Cote-Nord,G0G,32025,15,257.9,0,0
C010357,25.95,Sante,Gaspesie-Iles-de-la-Madeleine,G4X,62906,12,427.7,0,0
C001860,29.14,Sciences sociales,Montreal,H4L,36203,7,6.5,0,0
C012761,27.34,Genie,Montreal,H1A,68348,10,25.6,0,0
C011269,25.12,Arts et lettres,Bas-Saint-Laurent,G5N,36228,19,220.6,0,0
C003825,27.66,Sante,Gaspesie-Iles-de-la-Madeleine,G0C,61592,10,191.9,1,0
C006216,28.71,Sciences,Bas-Saint-Laurent,G5N,62291,7,328.9,0,0
C004749,29.14,Genie,Gaspesie-Iles-de-la-Madeleine,G4X,33540,17,345.2,1,1
C011594,31.81,Sciences sociales,Gaspesie-Iles-de-la-Madeleine,G4X,56718,13,427.7,1,1
C001534,25.15,Sciences,Bas-Saint-Laurent,G5L,26433,5,278.3,0,0
C010403,27.89,Arts et lettres,Cote-Nord,G4R,54528,10,146.6,0,0
C002663,26.75,Arts et lettres,Montreal,H3T,37607,10,3.6,0,0
C010019,33.94,Genie,Montreal,H3T,77552,10,30.1,0,1
C000349,27.13,Sciences sociales,Montreal,H8N,74522,10,76.8,1,0
C003971,24.78,Sante,Gaspesie-Iles-de-la-Madeleine,G5C,39758,11,131.2,0,0
C011460,20.37,Arts et lettres,Cote-Nord,G4R,59184,12,202.3,0,0
C008664,31.18,Sciences,Capitale-Nationale,G1V,60351,14,28.4,1,1
C004319,27.64,Genie,Capitale-Nationale,G3A,107501,9,12.5,0,0
C002775,25.54,Genie,Bas-Saint-Laurent,G5L,32855,16,358.8,0,0
C008461,25.75,Genie,Cote-Nord,G4R,19455,10,491.8,0,0
C003059,33.47,Genie,Capitale-Nationale,G1V,67953,12,38.4,0,1
C001837,26.58,Sante,Montreal,H3T,85463,5,11.6,0,0
C007873,27.83,Sciences,Capitale-Nationale,G2E,83459,7,26.2,0,1
C004241,24.2,Sante,Montreal,H2X,40857,13,50.0,0,0
C008693,26.03,Sciences sociales,Montreal,H3T,65221,9,5.3,0,0
C005339,26.15,Arts et lettres,Cote-Nord,G4R,63285,16,344.2,0,1
C010233,23.75,Sciences sociales,Gaspesie-Iles-de-la-Madeleine,G4X,23073,15,90.3,1,0
C001959,26.9,Genie,Cote-Nord,G4R,25253,12,171.8,1,0
C010080,21.46,Sciences,Montreal,H1A,125607,7,5.4,1,0
C009481,26.92,Genie,Montreal,H3T,64838,11,21.0,0,0
C004753,18.42,Sciences sociales,Bas-Saint-Laurent,G0L,42000,11,177.7,0,0
C007066,29.76,Genie,Montreal,H3T,56580,8,19.8,1,1
C004367,33.09,Arts et lettres,Gaspesie-Iles-de-la-Madeleine,G4X,32083,16,204.0,0,1
C004166,24.77,Sciences sociales,Montreal,H4L,56836,13,24.7,0,0
C007903,30.26,Sante,Cote-Nord,G4R,48491,16,444.9,0,1
C000050,22.46,Arts et lettres,Montreal,H4L,43184,14,10.8,0,0
C005798,21.26,Genie,Montreal,H1A,65060,7,29.3,0,0
C012785,28.05,Sciences,Montreal,H2X,44172,12,10.4,0,1
C010694,28.59,Genie,Gaspesie-Iles-de-la-Madeleine,G0C,21016,18,88.4,0,0
C002993,31.24,Sciences,Cote-Nord,G0G,105712,16,179.4,1,1
C000697,24.54,Sante,Gaspesie-Iles-de-la-Madeleine,G4X,87378,19,84.0,1,0
C007462,32.5,Sciences,Montreal,H1A,57428,13,6.8,0,1
C002390,33.42,Genie,Bas-Saint-Laurent,G5N,58923,14,142.8,0,1
C012149,29.14,Arts et lettres,Montreal,H3T,25963,10,2.1,0,0
C007126,26.65,Sciences,Montreal,H3T,78020,9,37.4,0,0
C002795,26.3,Sciences sociales,Gaspesie-Iles-de-la-Madeleine,G5C,44296,14,193.0,1,0
C013247,27.45,Sciences,Capitale-Nationale,G2E,59451,7,20.6,0,0
C007111,28.8,Sante,Bas-Saint-Laurent,G0L,23401,9,79.6,1,0
C006699,25.13,Arts et lettres,Bas-Saint-Laurent,G5L,27613,13,463.5,0,0
C006899,27.46,Sciences sociales,Capitale-Nationale,G1V,82395,14,9.3,1,1
C013925,28.65,Arts et lettres,Capitale-Nationale,G1V,42682,11,13.1,1,0
C011652,25.5,Sciences,Montreal,H3T,60246,12,28.0,1,0
C000501,30.98,Genie,Capitale-Nationale,G2E,157772,10,12.2,1,1
C012254,25.53,Arts et lettres,Bas-Saint-Laurent,G0L,82920,11,274.6,0,0
C000132,21.79,Genie,Gaspesie-Iles-de-la-Madeleine,G0C,32067,14,364.0,1,0
C008070,30.18,Sante,Montreal,H1A,84036,9,35.4,1,1
C005801,26.35,Genie,Gaspesie-Iles-de-la-Madeleine,G4X,49020,11,316.9,0,0
C012099,31.3,Arts et lettres,Cote-Nord,G0G,44592,11,207.9,1,1
C012465,30.26,Genie,Montreal,H4L,59344,7,10.2,0,0
C005387,27.72,Arts et lettres,Montreal,H4L,55955,7,22.0,1,0
C010566,33.54,Sciences,Gaspesie-Iles-de-la-Madeleine,G5C,63678,8,302.9,0,1
C002537,22.71,Sante,Cote-Nord,G4R,55358,13,307.8,0,0
C003157,24.37,Genie,Cote-Nord,G5B,50618,10,231.7,0,0
C008982,31.27,Sciences sociales,Capitale-Nationale,G2E,81605,9,43.5,0,1
C005103,29.77,Sante,Capitale-Nationale,G3A,64795,5,16.4,0,1
C010066,28.84,Sciences,Montreal,H4L,68946,10,4.7,0,1
C005147,33.47,Sante,Capitale-Nationale,G3A,44345,14,26.3,0,1
C001184,25.2,Genie,Gaspesie-Iles-de-la-Madeleine,G5C,43287,20,113.8,0,0
C003689,26.02,Sciences sociales,Montreal,H4L,79818,9,17.9,0,0
C010975,26.25,Genie,Capitale-Nationale,G1R,94940,13,7.5,1,0
C005175,28.37,Sciences sociales,Gaspesie-Iles-de-la-Madeleine,G0C,37737,12,246.3,0,0
C008593,30.95,Sciences sociales,Bas-Saint-Laurent,G0L,28742,7,393.3,0,1
C008020,33.14,Sciences sociales,Bas-Saint-Laurent,G5L,81403,8,271.3,0,1
C008368,31.15,Genie,Montreal,H1A,165296,12,15.0,0,1
C001161,24.37,Sciences,Capitale-Nationale,G2E,107399,11,25.8,0,0
C011335,33.57,Sciences,Montreal,H1A,44501,12,16.0,1,1
C001431,28.74,Sante,Gaspesie-Iles-de-la-Madeleine,G4X,66891,9,81.0,1,0
C001821,27.09,Sciences sociales,Cote-Nord,G0G,53371,17,98.7,0,0
C002857,28.49,Genie,Montreal,H3T,44910,3,9.6,0,0
C008752,30.39,Genie,Montreal,H3T,47577,9,34.4,0,1
C013880,27.59,Arts et lettres,Gaspesie-Iles-de-la-Madeleine,G5C,59794,8,218.9,1,0
C000530,26.78,Sciences,Cote-Nord,G0G,47652,14,116.7,0,0
C003514,28.2,Genie,Montreal,H4L,87900,9,8.1,1,0
C007712,26.11,Sciences,Capitale-Nationale,G1V,108433,12,4.6,0,0
C010708,28.03,Sciences,Montreal,H1A,214986,7,30.4,1,1
C009953,23.96,Sante,Cote-Nord,G5B,64912,13,286.1,0,0
C001290,29.36,Sciences,Capitale-Nationale,G2E,41548,11,22.1,0,0
C006125,33.18,Genie,Montreal,H2X,76528,12,10.1,0,1
C008430,26.69,Genie,Capitale-Nationale,G1R,61056,11,20.2,1,0
C001388,35.45,Sciences sociales,Gaspesie-Iles-de-la-Madeleine,G4X,79742,11,166.2,1,1
C012596,23.46,Sante,Bas-Saint-Laurent,G5L,45258,9,67.6,1,0
C012461,30.35,Arts et lettres,Cote-Nord,G4R,31696,16,586.9,1,1
C003957,27.83,Genie,Montreal,H1A,59311,9,4.1,1,1
C011774,21.45,Genie,Bas-Saint-Laurent,G5N,35983,15,118.9,0,0
C005456,28.82,Genie,Montreal,H2X,67222,12,17.1,1,1
C010668,32.03,Sante,Gaspesie-Iles-de-la-Madeleine,G0C,37051,12,186.4,0,1
C012990,26.24,Sciences,Montreal,H3T,46581,13,12.7,0,1
C012979,29.9,Sciences sociales,Cote-Nord,G5B,46869,13,145.5,1,1
C004850,33.64,Sante,Montreal,H3T,36379,8,30.4,0,1
C012622,27.03,Genie,Capitale-Nationale,G1R,126689,4,36.0,0,0
C009965,27.31,Genie,Montreal,H8N,89779,6,24.4,0,0
C013708,24.5,Sciences,Bas-Saint-Laurent,G5N,45156,7,177.6,1,0
C005406,32.99,Arts et lettres,Bas-Saint-Laurent,G5N,53862,16,251.2,0,1
C006156,28.36,Arts et lettres,Cote-Nord,G0G,39955,10,178.0,1,0
C003110,30.92,Sciences sociales,Montreal,H3T,72085,10,22.8,1,1
C006199,26.91,Arts et lettres,Cote-Nord,G0G,88244,17,252.3,0,0
C001331,29.87,Arts et lettres,Montreal,H8N,78206,13,10.6,0,1
C004396,30.56,Sciences sociales,Gaspesie-Iles-de-la-Madeleine,G0C,129497,17,229.1,1,1
C004859,31.86,Arts et lettres,Gaspesie-Iles-de-la-Madeleine,G4X,36806,13,311.0,0,1
C011429,24.91,Sciences sociales,Cote-Nord,G0G,127389,12,228.0,0,0
C013093,24.25,Sciences,Montreal,H4L,52326,8,9.1,1,0
C010145,24.09,Sciences,Montreal,H2X,109193,11,46.9,0,0
C006400,25.93,Genie,Montreal,H4L,60033,10,65.1,1,0
C006351,31.26,Sciences,Montreal,H8N,59178,8,13.9,0,1
C013865,26.53,Sciences sociales,Montreal,H2X,109246,9,32.2,0,1
C012463,27.42,Arts et lettres,Bas-Saint-Laurent,G5L,56928,15,292.5,1,0
C009006,27.8,Genie,Capitale-Nationale,G3A,67125,9,5.6,1,1
C001244,32.21,Arts et lettres,Montreal,H1A,104766,5,25.4,0,1
C005810,22.39,Genie,Montreal,H2X,67157,7,29.9,0,0
C011846,28.39,Genie,Capitale-Nationale,G1V,61992,15,6.0,1,0
C000714,28.12,Arts et lettres,Cote-Nord,G0G,57169,14,185.8,1,0
C013025,27.96,Genie,Montreal,H3T,84971,8,36.9,0,0
C008573,29.47,Sciences sociales,Capitale-Nationale,G1V,44974,7,8.4,0,1
C001127,32.21,Genie,Montreal,H8N,62889,6,14.0,0,1
C003439,21.18,Sciences,Gaspesie-Iles-de-la-Madeleine,G0C,90684,9,238.2,1,0
C006387,24.93,Sciences sociales,Bas-Saint-Laurent,G5N,155156,14,78.2,0,0
C006949,26.73,Sciences,Montreal,H4L,102813,11,17.4,0,0
C009756,32.16,Genie,Capitale-Nationale,G2E,147526,12,30.1,0,1
C007321,24.64,Sciences sociales,Bas-Saint-Laurent,G5L,36290,8,348.9,0,0
C009803,29.23,Sciences sociales,Cote-Nord,G4R,42076,14,453.9,1,1
C000961,22.98,Genie,Montreal,H8N,81333,7,14.2,0,0
C003492,29.16,Sciences,Montreal,H4L,166826,9,12.4,1,1
C003214,31.56,Sciences sociales,Capitale-Nationale,G2E,63795,15,34.2,0,1
C006663,27.03,Arts et lettres,Cote-Nord,G0G,36349,11,52.1,0,0
C002473,30.85,Arts et lettres,Capitale-Nationale,G1V,37124,15,16.8,0,1
C001225,31.28,Sciences,Montreal,H2X,63155,8,10.3,0,1
C007187,28.41,Arts et lettres,Montreal,H8N,114626,8,25.4,1,1
C004672,26.67,Sciences sociales,Montreal,H1A,115839,7,34.7,1,1
C007825,27.29,Arts et lettres,Montreal,H2X,82960,14,38.0,0,1
C010028,30.75,Sciences sociales,Montreal,H8N,77465,9,5.9,0,1
C003951,26.99,Sciences sociales,Montreal,H8N,198183,10,23.1,0,1
C011043,27.31,Sciences,Capitale-Nationale,G1V,73067,13,7.2,1,1
C004178,28.59,Arts et lettres,Capitale-Nationale,G2E,94835,12,18.6,0,1
C003150,26.24,Sciences sociales,Capitale-Nationale,G2E,75551,9,42.4,1,0
C003831,29.65,Genie,Montreal,H1A,74099,9,24.9,0,1
C005711,32.51,Sciences sociales,Montreal,H4L,43187,7,17.0,0,1
C008634,24.8,Sciences,Cote-Nord,G5B,47754,9,74.0,0,0
C004067,24.65,Genie,Montreal,H4L,56033,8,24.2,0,0
C011870,29.55,Sciences sociales,Bas-Saint-Laurent,G5L,54231,9,364.4,1,1
C007428,29.02,Sante,Bas-Saint-Laurent,G5L,63311,13,160.0,0,0
C012424,25.76,Genie,Montreal,H3T,86662,6,4.8,0,0
C008661,27.4,Sciences sociales,Montreal,H4L,58987,10,55.8,1,0
C001340,24.07,Sciences,Bas-Saint-Laurent,G5N,21392,14,71.2,0,0
C009298,29.04,Sante,Bas-Saint-Laurent,G5L,25264,15,379.1,1,0
C002603,29.9,Genie,Bas-Saint-Laurent,G5L,53906,21,280.9,0,1
C002969,28.78,Genie,Montreal,H1A,73212,11,5.0,0,0
C011411,28.81,Genie,Capitale-Nationale,G3A,80500,8,6.2,1,1
C009328,27.2,Genie,Bas-Saint-Laurent,G0L,43657,16,448.7,0,0
C003787,29.62,Arts et lettres,Capitale-Nationale,G1R,140306,7,10.2,0,1
C008134,24.48,Sciences,Capitale-Nationale,G1R,62708,14,16.9,0,0
C004292,31.06,Sante,Capitale-Nationale,G1R,121268,14,15.1,0,1
C005541,24.59,Genie,Montreal,H1A,22236,7,39.2,0,0
C002503,24.96,Sciences,Gaspesie-Iles-de-la-Madeleine,G0C,29835,9,165.9,1,0
C004598,26.88,Arts et lettres,Bas-Saint-Laurent,G0L,14629,15,258.1,1,0
C008782,27.72,Sciences sociales,Bas-Saint-Laurent,G0L,110908,10,106.8,1,0
C008519,32.48,Sciences sociales,Gaspesie-Iles-de-la-Madeleine,G0C,43000,8,75.2,0,1
C009387,28.07,Arts et lettres,Montreal,H2X,161809,5,7.2,0,0
C011445,28.0,Sante,Gaspesie-Iles-de-la-Madeleine,G4X,67037,11,241.3,1,0
C003633,26.74,Arts et lettres,Montreal,H8N,57090,5,10.1,0,0
C012637,27.1,Arts et lettres,Montreal,H8N,43034,8,10.4,0,0
C006787,30.28,Sciences,Montreal,H8N,97117,8,22.8,1,1
C005080,28.12,Sciences sociales,Montreal,H4L,115338,11,20.1,1,1
C004497,28.12,Genie,Capitale-Nationale,G1R,45733,9,58.6,0,0
C012717,32.47,Sciences,Montreal,H4L,42564,9,8.2,0,1
C012039,23.83,Sciences,Bas-Saint-Laurent,G0L,38681,13,176.7,1,0
C006348,23.45,Arts et lettres,Gaspesie-Iles-de-la-Madeleine,G0C,45349,9,89.8,0,0
C011629,28.59,Sciences,Montreal,H8N,49665,8,17.3,0,0
C012201,30.16,Sciences sociales,Montreal,H1A,43218,10,18.7,1,1
C010679,30.61,Genie,Montreal,H1A,68602,7,7.8,0,1
C006864,25.07,Arts et lettres,Cote-Nord,G4R,31137,13,200.3,0,0
C010571,28.07,Sante,Montreal,H3T,59476,6,15.3,0,1
C012850,26.99,Sciences,Capitale-Nationale,G1V,49595,9,5.7,0,0
C000931,32.58,Genie,Bas-Saint-Laurent,G5L,55094,12,259.8,1,1
C008787,29.26,Sciences sociales,Cote-Nord,G4R,83826,15,235.3,0,0
C002821,27.83,Sciences,Montreal,H1A,101385,9,19.4,0,0
C009732,26.4,Arts et lettres,Montreal,H4L,46853,7,16.3,0,0
C004271,26.3,Arts et lettres,Bas-Saint-Laurent,G5L,71058,15,219.3,0,0
C002202,26.79,Sciences sociales,Montreal,H4L,56920,5,23.2,0,0
C013556,25.49,Sciences sociales,Gaspesie-Iles-de-la-Madeleine,G0C,25857,16,346.2,1,0
C002101,27.61,Sciences sociales,Gaspesie-Iles-de-la-Madeleine,G4X,63952,10,188.2,1,0
C008753,25.74,Arts et lettres,Gaspesie-Iles-de-la-Madeleine,G0C,106278,10,300.5,1,0
C000147,31.07,Sante,Gaspesie-Iles-de-la-Madeleine,G5C,76592,16,228.1,0,1
C008160,22.25,Genie,Montreal,H1A,50186,7,21.5,0,0
C005223,25.09,Genie,Montreal,H1A,86981,6,5.0,1,0
C000780,30.05,Genie,Montreal,H3T,35112,14,1.5,0,1
C010516,24.84,Sante,Montreal,H4L,118358,6,11.3,0,0
C012517,29.33,Genie,Montreal,H4L,66202,8,10.0,1,1
C001379,26.14,Genie,Gaspesie-Iles-de-la-Madeleine,G4X,22334,10,287.3,1,0
C012446,27.01,Sciences,Montreal,H4L,132740,12,16.6,1,0
C008019,25.81,Sciences sociales,Capitale-Nationale,G1V,36672,8,34.6,0,0
C007352,24.16,Arts et lettres,Montreal,H4L,42546,10,22.0,0,0
C013317,26.89,Arts et lettres,Gaspesie-Iles-de-la-Madeleine,G0C,24131,6,138.6,0,0
C004951,30.1,Sciences,Capitale-Nationale,G1V,119460,5,28.0,0,1
C007094,27.79,Sciences sociales,Cote-Nord,G4R,71824,14,283.0,1,0
C003700,26.54,Sciences sociales,Montreal,H3T,144489,7,30.9,0,0
C010899,32.67,Arts et lettres,Montreal,H1A,58733,12,18.3,0,1
C007762,25.13,Genie,Montreal,H8N,50181,10,11.7,0,1
C010535,30.94,Sante,Montreal,H3T,61533,8,38.3,1,1
C003614,28.85,Genie,Montreal,H1A,91662,13,23.8,0,1
C013084,30.7,Sciences sociales,Montreal,H2X,82302,10,44.7,0,1
C011614,29.96,Sciences,Capitale-Nationale,G1R,106877,7,49.3,1,1
C009395,27.6,Arts et lettres,Gaspesie-Iles-de-la-Madeleine,G5C,70674,9,261.5,0,0
C003753,26.23,Sciences,Capitale-Nationale,G1V,57464,2,30.9,1,0
C004172,29.51,Arts et lettres,Montreal,H4L,95129,10,13.8,0,0
C008455,29.71,Genie,Montreal,H1A,113409,4,4.0,1,1
C003362,28.34,Sciences sociales,Gaspesie-Iles-de-la-Madeleine,G4X,84296,10,301.8,1,0
C009024,20.5,Arts et lettres,Gaspesie-Iles-de-la-Madeleine,G0C,62199,17,126.3,1,0
C004824,30.9,Arts et lettres,Montreal,H1A,86620,5,6.1,0,1
C008429,27.72,Sante,Cote-Nord,G0G,22288,15,106.5,1,0
C008539,29.79,Sciences sociales,Gaspesie-Iles-de-la-Madeleine,G0C,47007,20,316.0,0,1
C007145,24.64,Sciences,Montreal,H4L,74051,16,8.5,0,0
C006542,25.74,Sciences sociales,Capitale-Nationale,G1R,96282,10,17.5,1,0
C003988,28.05,Sante,Capitale-Nationale,G1V,89084,13,39.5,0,1
C008480,24.74,Sciences,Bas-Saint-Laurent,G5N,39778,19,180.9,0,0
C007178,29.1,Sciences sociales,Montreal,H8N,95641,12,9.5,1,1
C001850,29.05,Arts et lettres,Gaspesie-Iles-de-la-Madeleine,G4X,103478,15,205.4,1,1
C004699,25.91,Genie,Gaspesie-Iles-de-la-Madeleine,G4X,55337,12,264.5,1,0
C004322,27.54,Genie,Cote-Nord,G0G,58685,11,319.3,0,0
C001281,17.63,Sciences,Montreal,H4L,82774,6,3.8,0,0
C013484,25.23,Genie,Cote-Nord,G5B,83337,14,185.8,1,0
C013157,27.11,Arts et lettres,Cote-Nord,G0G,54047,15,156.1,1,0
C002314,32.08,Arts et lettres,Montreal,H2X,36536,7,13.9,0,1
C002901,22.0,Arts et lettres,Bas-Saint-Laurent,G5N,55967,12,194.1,0,0
C012256,32.75,Sciences sociales,Capitale-Nationale,G1R,48931,9,18.0,0,1
C012570,28.3,Arts et lettres,Bas-Saint-Laurent,G5L,48117,9,100.3,1,0
C009425,23.37,Genie,Gaspesie-Iles-de-la-Madeleine,G4X,75455,8,349.6,0,0
C010326,26.39,Genie,Montreal,H2X,53449,5,14.4,1,0
C005280,28.02,Sante,Bas-Saint-Laurent,G0L,35264,10,120.9,0,0
C004058,28.61,Arts et lettres,Cote-Nord,G5B,113877,17,194.6,0,0
C011396,22.76,Sciences sociales,Montreal,H8N,32930,11,6.7,0,0
C009373,23.45,Genie,Gaspesie-Iles-de-la-Madeleine,G4X,46318,11,125.4,0,0
C002779,27.4,Sciences,Montreal,H2X,80568,4,27.4,1,0
C007078,26.58,Sante,Capitale-Nationale,G3A,46934,8,27.1,0,0
C004410,25.93,Sciences sociales,Bas-Saint-Laurent,G0L,73693,14,130.8,0,0
C006747,23.93,Arts et lettres,Capitale-Nationale,G2E,50609,12,6.9,1,0
C013345,31.45,Sciences,Cote-Nord,G5B,82392,12,73.8,1,1
C002396,26.16,Sante,Montreal,H4L,61636,11,8.8,0,0
C002080,30.9,Genie,Bas-Saint-Laurent,G5N,63123,15,233.6,0,1
C010173,28.69,Sciences sociales,Gaspesie-Iles-de-la-Madeleine,G4X,54811,14,234.0,0,0
C003087,25.9,Arts et lettres,Cote-Nord,G5B,63754,10,173.4,0,0
C009844,28.18,Arts et lettres,Cote-Nord,G5B,40377,19,237.8,1,0
C004703,25.01,Sciences sociales,Bas-Saint-Laurent,G0L,110198,17,293.1,1,0
C007414,27.19,Sante,Capitale-Nationale,G2E,67613,13,18.1,0,0
C007191,29.48,Sante,Montreal,H4L,67938,8,19.1,1,0
C012634,27.8,Arts et lettres,Bas-Saint-Laurent,G5L,48836,16,464.6,1,0
C000230,25.96,Sante,Montreal,H1A,133600,6,15.5,0,0
C008128,24.66,Arts et lettres,Bas-Saint-Laurent,G5N,107772,7,74.8,1,0
C002895,27.29,Sante,Cote-Nord,G5B,58020,17,533.2,0,0
C009440,34.07,Sciences,Cote-Nord,G5B,54408,18,439.1,1,1
C011748,17.75,Genie,Bas-Saint-Laurent,G5N,37073,10,325.0,1,0
C001026,27.36,Sante,Capitale-Nationale,G1V,111975,12,16.3,1,1
C009582,27.59,Sciences,Capitale-Nationale,G1V,31663,7,8.9,0,0
C013156,23.01,Arts et lettres,Montreal,H3T,49432,9,15.6,0,0
C002088,25.82,Sante,Montreal,H2X,37498,11,15.1,0,0
C001851,25.11,Sante,Bas-Saint-Laurent,G5N,26014,16,125.0,0,0
C008620,31.69,Sciences,Capitale-Nationale,G2E,136566,8,7.8,1,1
C000394,28.01,Genie,Montreal,H4L,40514,8,25.0,1,0
C002373,26.31,Sciences sociales,Montreal,H2X,53540,9,33.0,0,0
C005031,25.01,Sciences,Montreal,H1A,57636,13,4.2,0,0
C000146,28.77,Sciences,Montreal,H4L,56863,7,22.9,0,0
C004847,24.26,Sciences sociales,Cote-Nord,G5B,41557,19,127.8,0,0
C007189,25.34,Sciences,Gaspesie-Iles-de-la-Madeleine,G0C,44902,10,145.5,1,0
C010734,29.81,Sante,Montreal,H3T,80878,7,46.5,1,1
C009436,29.28,Genie,Capitale-Nationale,G2E,101666,6,4.6,0,1
C002788,26.15,Arts et lettres,Montreal,H2X,34684,7,9.4,1,0
C008740,23.64,Sciences,Cote-Nord,G4R,49610,12,305.8,1,0
C011325,30.76,Arts et lettres,Capitale-Nationale,G3A,71303,7,20.1,0,1
C000930,23.54,Arts et lettres,Gaspesie-Iles-de-la-Madeleine,G5C,20766,13,133.6,1,0
C005379,28.65,Sciences sociales,Montreal,H8N,117507,6,20.5,1,1
C000592,27.97,Sante,Capitale-Nationale,G1R,70840,8,5.5,0,1
C001074,27.06,Arts et lettres,Cote-Nord,G0G,41120,17,154.8,0,0
C002089,27.38,Sante,Montreal,H3T,128051,12,35.7,0,0
C009597,30.16,Sciences,Gaspesie-Iles-de-la-Madeleine,G4X,25581,10,276.7,0,0
C008357,29.36,Sciences sociales,Montreal,H8N,55504,9,23.4,1,1
C008765,26.96,Arts et lettres,Bas-Saint-Laurent,G5N,80193,7,309.0,1,0
C009467,33.74,Genie,Montreal,H8N,56628,5,15.3,0,1
C012689,31.26,Arts et lettres,Bas-Saint-Laurent,G5N,37968,14,146.7,1,1
C006440,28.97,Arts et lettres,Capitale-Nationale,G1V,73481,7,13.3,0,0
C003434,26.82,Arts et lettres,Capitale-Nationale,G1V,75582,7,11.9,0,1
C012954,32.74,Arts et lettres,Capitale-Nationale,G3A,47047,8,12.2,0,1
C010078,26.68,Sciences,Gaspesie-Iles-de-la-Madeleine,G4X,31938,10,144.3,0,0
C010500,29.32,Sante,Cote-Nord,G0G,52683,10,614.6,0,0
C008916,30.3,Sciences,Capitale-Nationale,G3A,92996,12,34.9,0,1
C002061,28.0,Genie,Cote-Nord,G0G,68422,10,254.5,0,0
C000112,30.66,Sciences,Capitale-Nationale,G1V,54152,13,25.2,0,1
C005278,23.94,Sciences sociales,Gaspesie-Iles-de-la-Madeleine,G0C,44414,10,268.3,1,0
C004815,26.77,Sciences,Gaspesie-Iles-de-la-Madeleine,G4X,77851,12,213.3,0,0
C000384,25.92,Sciences,Bas-Saint-Laurent,G0L,45289,14,229.7,0,0
C002254,30.81,Arts et lettres,Cote-Nord,G0G,84709,15,266.9,1,1
C013965,27.48,Sante,Montreal,H8N,51204,8,25.4,0,0
C003833,29.91,Sciences sociales,Cote-Nord,G4R,23924,18,63.7,0,1
C000865,27.77,Sciences sociales,Montreal,H3T,35332,12,25.8,0,0
C000824,29.01,Sante,Gaspesie-Iles-de-la-Madeleine,G0C,30385,13,127.7,0,1
C006689,23.35,Genie,Capitale-Nationale,G3A,57405,7,2.4,0,0
C003640,32.06,Arts et lettres,Cote-Nord,G0G,51006,9,383.5,0,1
C013931,24.16,Sciences sociales,Montreal,H3T,128454,7,19.4,1,0
C000111,26.38,Sciences,Montreal,H4L,83437,9,36.7,0,0
C008901,27.14,Genie,Cote-Nord,G4R,52865,12,276.0,0,0
C002706,25.52,Sciences,Capitale-Nationale,G1V,98829,12,3.3,0,0
C005460,29.54,Sciences,Cote-Nord,G4R,20450,14,374.7,0,1
C000904,28.99,Arts et lettres,Bas-Saint-Laurent,G5N,111756,12,307.2,0,1
C003219,22.76,Sciences,Gaspesie-Iles-de-la-Madeleine,G0C,39756,15,325.3,1,0
C001974,28.19,Sante,Gaspesie-Iles-de-la-Madeleine,G0C,44221,15,173.4,1,0
C007009,26.83,Genie,Montreal,H3T,74571,7,18.1,1,0
C005075,28.13,Sciences sociales,Bas-Saint-Laurent,G0L,44212,13,76.5,0,0
C004337,28.43,Sciences sociales,Capitale-Nationale,G3A,121737,11,23.7,0,0
C003792,22.56,Genie,Gaspesie-Iles-de-la-Madeleine,G5C,32687,19,183.8,1,0
C006389,26.15,Arts et lettres,Montreal,H8N,48784,6,34.4,0,0
C005249,26.28,Sante,Bas-Saint-Laurent,G5L,59949,10,170.3,1,0
C010373,23.72,Sciences sociales,Capitale-Nationale,G3A,63137,9,26.5,0,0
C009165,36.53,Genie,Montreal,H4L,86540,4,48.2,0,1
C010157,27.93,Sciences,Montreal,H3T,79466,10,44.7,0,1
C003655,28.47,Arts et lettres,Montreal,H4L,52866,8,12.3,0,0
C007104,30.07,Genie,Capitale-Nationale,G1R,139986,12,10.7,1,1
C013362,24.69,Sciences,Montreal,H2X,88535,13,10.0,0,0
C012499,22.33,Sciences sociales,Gaspesie-Iles-de-la-Madeleine,G5C,36300,14,175.1,1,0
C011300,27.26,Sante,Bas-Saint-Laurent,G5L,52880,13,486.0,0,0
C004688,27.99,Arts et lettres,Montreal,H4L,63154,6,31.6,1,0
C001373,24.72,Genie,Montreal,H8N,57869,6,3.1,0,0
C004105,24.6,Sante,Capitale-Nationale,G1V,47978,1,11.1,0,0
C006898,30.16,Sante,Capitale-Nationale,G3A,133222,7,11.6,0,1
C005949,29.01,Sciences,Montreal,H3T,79596,5,12.8,1,0
C013892,30.37,Genie,Capitale-Nationale,G1R,60779,5,20.6,0,0
C006197,27.62,Sante,Montreal,H8N,65541,13,16.7,1,0
C000460,26.88,Arts et lettres,Gaspesie-Iles-de-la-Madeleine,G5C,53660,10,139.2,0,0
C005690,27.99,Sante,Cote-Nord,G5B,84388,16,102.7,1,1
C013923,26.46,Sante,Capitale-Nationale,G2E,48702,15,10.4,0,0
C007527,30.3,Genie,Bas-Saint-Laurent,G0L,87749,8,263.4,0,1
C005554,26.09,Sciences sociales,Cote-Nord,G5B,45722,10,134.4,0,0
C004063,27.9,Sciences sociales,Montreal,H8N,67511,5,10.7,0,0
C003760,31.2,Arts et lettres,Montreal,H4L,200422,6,5.7,0,1
C002198,26.92,Sante,Cote-Nord,G0G,65103,17,73.8,1,0
C013824,27.01,Arts et lettres,Bas-Saint-Laurent,G5N,24472,18,116.8,0,0
C007632,31.16,Genie,Bas-Saint-Laurent,G5N,64611,13,123.0,1,1
C011034,28.44,Sante,Montreal,H1A,107487,10,11.5,0,1
C009882,33.12,Sante,Montreal,H2X,86209,7,3.0,1,1
C006721,28.13,Arts et lettres,Montreal,H2X,52702,7,23.5,0,1
C000317,29.51,Sciences sociales,Montreal,H3T,134410,10,9.3,0,1
C007833,23.93,Sante,Gaspesie-Iles-de-la-Madeleine,G4X,34339,17,97.9,1,0
C010994,29.0,Arts et lettres,Gaspesie-Iles-de-la-Madeleine,G0C,88309,20,269.2,1,1
C013488,28.58,Sciences sociales,Bas-Saint-Laurent,G5N,137616,7,318.7,1,1
C002585,31.12,Sciences,Capitale-Nationale,G1R,62746,10,36.0,0,1
C006115,32.13,Sciences,Capitale-Nationale,G3A,108288,13,5.7,0,1
C000326,22.61,Genie,Cote-Nord,G0G,38748,13,320.0,0,0
C004289,32.91,Sciences,Capitale-Nationale,G1R,96746,14,29.4,0,1
C003874,32.5,Sciences,Montreal,H4L,53895,9,18.7,0,1
C001986,26.12,Sante,Capitale-Nationale,G3A,58914,9,26.0,1,0
C006707,29.05,Sciences sociales,Capitale-Nationale,G3A,67462,9,8.8,0,1
C011575,25.87,Sciences sociales,Gaspesie-Iles-de-la-Madeleine,G4X,66014,16,50.9,0,0
C003261,28.31,Sciences sociales,Montreal,H8N,56001,10,5.1,1,0
C011390,27.14,Genie,Montreal,H1A,70676,8,56.3,0,0
C006740,30.46,Sante,Montreal,H3T,110371,5,11.0,1,1
C009107,25.61,Sante,Bas-Saint-Laurent,G5L,32063,15,126.8,0,0
C013380,26.55,Genie,Gaspesie-Iles-de-la-Madeleine,G0C,77873,9,191.1,0,0
C008638,27.22,Sciences,Capitale-Nationale,G1R,58636,3,33.3,0,1
C013868,25.59,Genie,Montreal,H1A,76502,9,10.2,1,0
C005206,31.09,Genie,Montreal,H2X,97405,8,9.5,1,1
C003720,30.72,Sante,Gaspesie-Iles-de-la-Madeleine,G0C,39640,15,296.1,0,1
C001780,25.13,Sante,Montreal,H3T,36650,10,20.6,0,0
C002010,32.65,Arts et lettres,Montreal,H2X,69513,7,11.8,0,1
C005498,31.15,Sciences,Montreal,H1A,92649,6,13.0,0,1
C011570,25.63,Sciences sociales,Capitale-Nationale,G3A,61007,11,8.6,1,0
C007616,26.93,Genie,Bas-Saint-Laurent,G0L,37877,14,73.4,1,0
C009851,26.04,Sciences,Gaspesie-Iles-de-la-Madeleine,G4X,45514,9,166.9,1,0
C007927,25.73,Arts et lettres,Montreal,H4L,100791,8,6.1,1,0
C000413,31.57,Sciences,Capitale-Nationale,G2E,60723,8,6.1,0,1
C008389,29.89,Arts et lettres,Montreal,H8N,79109,9,19.5,0,1
C003416,26.4,Sciences sociales,Cote-Nord,G4R,23792,7,74.2,1,0
C007180,26.91,Genie,Montreal,H2X,84037,8,17.0,1,0
C006783,30.03,Genie,Capitale-Nationale,G1V,79702,8,26.1,1,1
C003987,27.1,Sciences sociales,Gaspesie-Iles-de-la-Madeleine,G0C,86115,6,168.7,0,0
C000748,29.12,Sciences,Montreal,H2X,60952,12,17.7,1,1
C006636,23.2,Sante,Montreal,H4L,50556,11,31.0,1,0
C001613,25.07,Genie,Montreal,H8N,120174,9,24.6,0,0
C003106,29.56,Genie,Capitale-Nationale,G2E,67436,5,5.8,0,1
C012104,23.33,Sante,Gaspesie-Iles-de-la-Madeleine,G0C,47429,16,297.4,0,0
C010343,29.98,Sante,Capitale-Nationale,G1R,42486,4,13.0,0,0
C009648,24.3,Sciences sociales,Bas-Saint-Laurent,G0L,19778,13,324.6,0,0
C013349,22.21,Arts et lettres,Gaspesie-Iles-de-la-Madeleine,G4X,82577,15,205.9,0,0
C006230,30.14,Sante,Gaspesie-Iles-de-la-Madeleine,G0C,33407,11,183.3,1,1
C006610,25.14,Genie,Montreal,H2X,85266,15,9.8,0,0
C010681,25.11,Arts et lettres,Cote-Nord,G5B,97354,14,103.7,1,0
C004053,34.57,Sciences sociales,Capitale-Nationale,G3A,61333,9,11.3,0,1
C005935,29.87,Sciences sociales,Montreal,H3T,81333,12,24.0,0,1
C002567,29.23,Sciences,Cote-Nord,G4R,30127,8,245.7,1,0
C001329,30.11,Genie,Capitale-Nationale,G3A,38721,10,24.3,0,1
C011113,28.64,Genie,Capitale-Nationale,G1V,26787,14,10.7,0,0
C009509,30.07,Sciences,Gaspesie-Iles-de-la-Madeleine,G5C,23757,11,81.0,1,1
C001750,25.49,Sciences,Bas-Saint-Laurent,G5L,46804,13,83.1,1,0
C011859,32.05,Genie,Montreal,H1A,33203,14,11.5,0,1
C010927,25.7,Sciences sociales,Montreal,H1A,77218,12,34.3,1,0
C013976,29.68,Sciences,Gaspesie-Iles-de-la-Madeleine,G4X,67901,18,79.2,1,1
C006026,25.28,Sante,Montreal,H3T,106945,11,9.4,1,1
C013257,27.81,Sciences,Capitale-Nationale,G2E,42828,10,9.8,0,0
C003904,30.11,Sante,Montreal,H2X,61041,9,35.6,0,1
C000223,25.29,Arts et lettres,Montreal,H3T,56419,8,15.1,0,0
C001629,31.16,Sciences,Capitale-Nationale,G2E,46144,8,40.2,0,1
C009956,28.39,Sciences,Montreal,H1A,106189,9,10.3,0,0
C012771,25.74,Sciences,Gaspesie-Iles-de-la-Madeleine,G0C,36445,10,123.4,0,0
C012762,28.52,Sciences sociales,Montreal,H3T,89124,9,8.1,1,1
C006322,25.67,Arts et lettres,Capitale-Nationale,G3A,37963,4,12.8,0,0
C012891,24.81,Sante,Montreal,H3T,67718,13,5.8,0,0
C013132,29.3,Arts et lettres,Montreal,H2X,143831,6,10.4,0,1
C002169,29.68,Sante,Montreal,H1A,68430,4,31.9,0,1
C008294,26.7,Sciences sociales,Montreal,H8N,77381,7,19.1,0,1
C007515,26.56,Sciences sociales,Cote-Nord,G0G,52405,13,507.0,1,0
C001136,31.37,Sciences sociales,Capitale-Nationale,G1R,37568,8,6.8,0,1
C007259,28.48,Sciences sociales,Capitale-Nationale,G1V,143056,4,14.3,0,1
C009705,25.08,Sciences sociales,Montreal,H2X,103208,13,20.6,0,0
C013666,29.99,Genie,Gaspesie-Iles-de-la-Madeleine,G5C,41609,17,277.9,0,1
C010613,21.69,Sante,Montreal,H2X,55888,9,10.1,0,0
C005191,27.08,Sciences,Capitale-Nationale,G3A,57422,6,10.5,0,1
C001918,32.0,Arts et lettres,Gaspesie-Iles-de-la-Madeleine,G0C,109686,15,65.6,0,1
C011697,24.72,Sante,Montreal,H1A,33922,6,7.2,1,0
C001944,26.73,Genie,Cote-Nord,G0G,60448,16,221.1,0,0
C007638,28.42,Genie,Capitale-Nationale,G2E,38315,8,26.3,0,0
C005680,30.12,Sciences sociales,Gaspesie-Iles-de-la-Madeleine,G4X,45400,9,185.5,1,0
C001810,23.51,Sciences,Montreal,H8N,109825,8,7.9,0,0
C006523,21.42,Sciences sociales,Gaspesie-Iles-de-la-Madeleine,G4X,57485,18,322.9,1,0
C013361,31.08,Genie,Capitale-Nationale,G1V,74555,12,6.2,0,1
C000387,31.08,Sciences sociales,Montreal,H8N,51588,7,9.0,0,1
C008026,30.5,Genie,Capitale-Nationale,G2E,52967,12,45.1,0,1
C009812,29.23,Genie,Gaspesie-Iles-de-la-Madeleine,G0C,28828,13,129.7,1,0
C009947,27.51,Genie,Montreal,H4L,63815,12,26.9,1,0
C000299,31.14,Arts et lettres,Bas-Saint-Laurent,G5N,102722,12,282.5,0,1
C000151,25.34,Sante,Capitale-Nationale,G3A,53708,8,21.2,1,0
C011593,28.31,Sciences sociales,Montreal,H1A,56290,10,20.4,0,0
C001989,23.31,Sante,Bas-Saint-Laurent,G5N,21847,16,269.8,0,0
C002863,22.71,Sante,Montreal,H8N,113570,10,15.9,1,0
C007084,26.62,Sciences sociales,Gaspesie-Iles-de-la-Madeleine,G4X,53267,12,93.6,0,0
C002643,24.53,Arts et lettres,Gaspesie-Iles-de-la-Madeleine,G0C,34628,14,135.9,1,0
C010595,27.15,Sciences sociales,Bas-Saint-Laurent,G0L,68610,11,138.2,0,0
C011237,32.83,Sante,Montreal,H3T,60200,13,32.7,1,1
C006226,25.71,Sante,Bas-Saint-Laurent,G0L,53709,12,171.5,1,0
C000925,27.78,Sciences,Montreal,H3T,91256,10,31.0,1,1
C000527,29.39,Genie,Montreal,H8N,59412,6,55.5,1,1
C009920,22.79,Sciences,Montreal,H4L,121218,9,31.1,0,0
C000465,22.59,Sante,Capitale-Nationale,G1R,60896,4,23.0,1,0
C006526,22.92,Arts et lettres,Bas-Saint-Laurent,G0L,49393,14,207.8,0,0
C001191,31.5,Sciences sociales,Montreal,H4L,39540,11,17.4,0,1
C011567,25.79,Sante,Cote-Nord,G5B,94422,10,301.8,0,0
C005157,23.17,Genie,Capitale-Nationale,G2E,61893,9,10.3,0,0
C002584,27.61,Genie,Montreal,H8N,62869,7,11.6,1,0
C002387,27.5,Sciences sociales,Montreal,H3T,48017,5,4.9,0,0
C012764,23.96,Sciences,Gaspesie-Iles-de-la-Madeleine,G0C,40354,11,178.3,1,0
C001594,27.52,Sciences sociales,Montreal,H1A,47801,10,10.4,1,0
C009706,29.22,Arts et lettres,Bas-Saint-Laurent,G5N,43473,10,134.1,1,0
C010208,35.64,Sciences sociales,Montreal,H3T,107938,8,29.2,0,1
C004094,21.49,Genie,Montreal,H1A,63502,8,16.0,0,0
C012543,24.55,Sciences sociales,Gaspesie-Iles-de-la-Madeleine,G5C,36390,7,385.8,1,0
C013196,27.0,Sciences,Gaspesie-Iles-de-la-Madeleine,G4X,71643,19,177.7,0,0
C005643,27.7,Arts et lettres,Gaspesie-Iles-de-la-Madeleine,G4X,39759,13,96.6,0,0
C009902,27.57,Genie,Capitale-Nationale,G1V,61628,10,16.6,0,1
C011090,30.61,Sante,Gaspesie-Iles-de-la-Madeleine,G4X,30357,9,267.0,0,0
C011987,32.05,Sciences sociales,Montreal,H2X,67358,8,5.6,0,1
C010306,26.76,Arts et lettres,Cote-Nord,G4R,44081,24,232.3,0,0
C006508,24.16,Genie,Gaspesie-Iles-de-la-Madeleine,G5C,48110,15,217.9,1,0
C004587,25.08,Genie,Montreal,H1A,67622,7,5.7,0,0
C005472,27.88,Sciences sociales,Gaspesie-Iles-de-la-Madeleine,G5C,78146,9,292.8,1,0
C000954,31.33,Sante,Bas-Saint-Laurent,G5N,42751,12,63.4,0,0
C009745,26.73,Genie,Bas-Saint-Laurent,G0L,42480,18,306.3,0,1
C000500,30.66,Genie,Cote-Nord,G5B,74899,14,162.0,1,1
C003862,28.24,Sante,Montreal,H2X,56621,9,23.7,1,1
C013822,29.05,Sciences,Montreal,H2X,62669,10,20.8,1,1
C000470,28.31,Sciences,Cote-Nord,G0G,44263,12,251.6,0,0
C000175,27.85,Genie,Capitale-Nationale,G2E,53816,9,33.4,0,0
C009604,32.95,Arts et lettres,Montreal,H4L,75840,10,14.9,0,1
C003688,25.84,Sante,Bas-Saint-Laurent,G5N,46421,18,90.6,0,0
C001524,25.38,Sciences sociales,Gaspesie-Iles-de-la-Madeleine,G4X,29599,7,102.0,0,0
C007593,30.52,Sciences sociales,Capitale-Nationale,G1V,101313,10,5.4,1,1
C005343,25.28,Arts et lettres,Capitale-Nationale,G1V,117593,11,28.9,0,0
C003616,25.13,Genie,Capitale-Nationale,G3A,65074,8,6.6,1,0
C007065,26.87,Arts et lettres,Gaspesie-Iles-de-la-Madeleine,G5C,78735,16,391.2,0,0
C002722,28.15,Genie,Montreal,H4L,65608,16,18.8,0,1
C012010,26.53,Genie,Montreal,H2X,79320,9,20.3,0,0
C003139,35.73,Sciences sociales,Montreal,H1A,107354,10,32.5,0,1
C007744,27.16,Genie,Bas-Saint-Laurent,G0L,29208,14,198.6,1,0
C003069,28.87,Sciences,Capitale-Nationale,G1R,73273,13,28.1,0,1
C002406,24.87,Sciences,Montreal,H8N,169918,11,2.3,0,0
C006037,29.28,Arts et lettres,Gaspesie-Iles-de-la-Madeleine,G4X,117322,12,187.8,1,1
C012509,30.86,Sante,Cote-Nord,G0G,124283,16,324.5,0,1
C001445,28.17,Genie,Bas-Saint-Laurent,G0L,20867,17,200.1,0,0
C007999,29.59,Arts et lettres,Montreal,H2X,54784,9,5.4,1,1
C009870,29.32,Sante,Capitale-Nationale,G1V,95664,8,19.6,1,1
C003192,25.09,Genie,Bas-Saint-Laurent,G5N,25659,17,330.4,0,0
C009475,24.29,Genie,Capitale-Nationale,G3A,79228,8,22.6,0,0
C000584,29.19,Sciences sociales,Gaspesie-Iles-de-la-Madeleine,G4X,29695,10,267.4,1,0
C005934,28.28,Sciences sociales,Montreal,H2X,69822,15,10.6,1,1
C002495,25.11,Sciences sociales,Cote-Nord,G4R,84783,14,85.0,1,0
C006946,30.47,Sante,Gaspesie-Iles-de-la-Madeleine,G5C,40372,13,319.1,1,1
C010894,26.16,Sante,Gaspesie-Iles-de-la-Madeleine,G4X,67985,15,151.9,1,0
C013188,27.93,Sciences,Capitale-Nationale,G3A,53395,6,9.3,1,0
C002225,24.36,Arts et lettres,Gaspesie-Iles-de-la-Madeleine,G4X,91960,11,282.6,0,0
C003123,28.19,Genie,Bas-Saint-Laurent,G0L,23184,21,181.5,1,0
C009076,21.27,Sante,Capitale-Nationale,G1V,119234,13,21.0,0,0
C009484,27.44,Genie,Montreal,H4L,84939,8,15.9,0,0
C000801,24.02,Sciences sociales,Cote-Nord,G0G,83327,15,187.2,0,0
C012867,26.55,Genie,Montreal,H1A,86246,7,0.8,0,1
C011088,29.24,Arts et lettres,Cote-Nord,G4R,54021,15,67.2,0,1
C002142,26.25,Genie,Bas-Saint-Laurent,G0L,37295,10,133.2,1,0
C006318,29.56,Arts et lettres,Cote-Nord,G4R,93233,8,493.6,0,1
C009232,27.17,Sciences sociales,Cote-Nord,G0G,43841,8,236.8,0,0
C006309,27.48,Genie,Montreal,H2X,95699,13,19.2,0,0
C011267,31.56,Genie,Capitale-Nationale,G2E,65446,6,6.5,0,1
C006410,26.69,Arts et lettres,Montreal,H8N,73619,7,17.3,1,1
C008972,23.19,Sante,Capitale-Nationale,G2E,70050,13,5.9,0,0
C000890,31.51,Sciences sociales,Capitale-Nationale,G1R,94439,13,64.6,0,1
C004842,29.49,Arts et lettres,Bas-Saint-Laurent,G5L,86931,5,227.8,0,0
C010537,29.82,Sciences,Gaspesie-Iles-de-la-Madeleine,G5C,45326,6,486.0,0,0
C005324,28.93,Sciences,Montreal,H4L,80223,11,19.4,1,0
C005202,28.32,Sciences sociales,Montreal,H4L,54192,12,13.7,0,1
C007391,26.95,Arts et lettres,Montreal,H2X,103259,16,35.3,0,0
C008406,28.32,Sante,Montreal,H3T,69978,6,58.3,0,1
C007311,19.99,Sciences sociales,Capitale-Nationale,G1V,126202,8,9.5,0,0
C001934,32.86,Genie,Montreal,H2X,41982,12,18.7,0,1
C006011,25.25,Genie,Montreal,H8N,159989,12,10.5,0,0
C006413,28.34,Genie,Capitale-Nationale,G3A,66094,13,10.3,0,1
C005198,32.39,Genie,Capitale-Nationale,G3A,78736,6,16.9,0,1
C009308,25.17,Sciences,Cote-Nord,G4R,77069,20,161.3,0,0
C004132,22.06,Arts et lettres,Montreal,H1A,112657,8,12.0,0,0
C002235,26.16,Sciences sociales,Gaspesie-Iles-de-la-Madeleine,G4X,27774,11,222.7,0,0
C001495,23.46,Genie,Gaspesie-Iles-de-la-Madeleine,G4X,55677,16,77.9,1,0
C011075,31.74,Sante,Gaspesie-Iles-de-la-Madeleine,G4X,34769,7,28.8,1,1
C012178,30.94,Genie,Capitale-Nationale,G3A,83949,9,6.8,0,1
C013190,29.11,Sciences,Capitale-Nationale,G3A,135201,12,31.1,1,1
C010318,25.33,Genie,Capitale-Nationale,G2E,66045,9,31.1,0,0
C000062,24.4,Genie,Bas-Saint-Laurent,G5L,48000,21,221.5,0,0
C001263,24.78,Sciences,Montreal,H2X,99685,12,2.3,0,0
C003165,31.47,Sante,Montreal,H2X,57559,7,5.2,0,1
C000487,27.27,Sante,Capitale-Nationale,G3A,51336,15,17.9,0,1
C010003,33.11,Sante,Cote-Nord,G4R,31037,12,343.8,1,1
C005055,29.85,Genie,Bas-Saint-Laurent,G0L,28986,16,216.7,1,0
C002042,27.61,Sciences,Bas-Saint-Laurent,G0L,56046,11,199.3,0,0
C010704,26.48,Sante,Gaspesie-Iles-de-la-Madeleine,G5C,78872,11,179.3,1,0
C008008,27.98,Genie,Capitale-Nationale,G1R,99688,1,16.7,0,0
C009645,23.35,Sciences,Gaspesie-Iles-de-la-Madeleine,G5C,18012,16,54.9,0,0
C002564,29.8,Sciences,Montreal,H4L,97943,7,11.5,0,1
C007194,29.08,Sante,Cote-Nord,G0G,45727,9,89.3,0,0
C001901,25.17,Sante,Gaspesie-Iles-de-la-Madeleine,G4X,28311,7,200.0,0,0
C012085,26.94,Arts et lettres,Montreal,H8N,44208,12,7.5,0,0
C005838,26.97,Sante,Capitale-Nationale,G1R,59732,4,36.3,0,0
C004741,25.24,Genie,Capitale-Nationale,G3A,44417,6,7.1,0,0
C004340,29.25,Sante,Gaspesie-Iles-de-la-Madeleine,G5C,31834,13,412.6,0,0
C002931,28.34,Arts et lettres,Capitale-Nationale,G3A,42241,5,7.6,0,0
C009491,29.43,Arts et lettres,Bas-Saint-Laurent,G5L,31999,15,83.6,1,1
C010991,26.59,Sciences sociales,Montreal,H3T,78075,5,20.8,0,0
C009040,29.48,Genie,Capitale-Nationale,G2E,95209,7,33.5,0,1
C003284,27.18,Genie,Capitale-Nationale,G3A,76157,8,16.5,0,0
C008882,24.96,Sciences,Bas-Saint-Laurent,G0L,70109,15,533.5,1,0
C004220,27.47,Genie,Montreal,H2X,65642,13,27.7,1,0
C012518,26.18,Arts et lettres,Montreal,H2X,94466,14,45.6,0,0
C003549,32.55,Sciences sociales,Montreal,H1A,63467,8,14.5,0,1
C003294,32.7,Sciences,Capitale-Nationale,G2E,18234,8,15.7,1,1
C004841,28.76,Sciences,Montreal,H4L,61643,13,32.8,0,1
C000007,28.19,Sciences sociales,Gaspesie-Iles-de-la-Madeleine,G0C,149398,21,262.2,1,1
C007199,31.05,Sante,Montreal,H2X,72512,10,30.7,1,1
C011687,31.08,Sante,Gaspesie-Iles-de-la-Madeleine,G0C,30504,15,161.9,1,0
C011631,33.35,Sciences sociales,Montreal,H2X,98016,11,14.5,0,1
C011880,23.22,Sante,Gaspesie-Iles-de-la-Madeleine,G4X,27928,18,132.9,1,0
C010978,25.31,Sciences,Bas-Saint-Laurent,G0L,59092,12,221.7,0,0
C013065,26.94,Sciences sociales,Montreal,H8N,59355,14,19.4,1,0
C004562,28.67,Sciences,Cote-Nord,G4R,25255,11,55.6,0,0
C005119,31.53,Sante,Bas-Saint-Laurent,G5L,39562,11,147.0,0,0
C013267,28.22,Sciences sociales,Bas-Saint-Laurent,G0L,42658,12,364.1,0,1
C013852,28.74,Genie,Gaspesie-Iles-de-la-Madeleine,G4X,100633,10,106.4,0,0
C011931,28.55,Sciences sociales,Bas-Saint-Laurent,G5N,60787,5,153.1,1,0
C002131,30.82,Sciences,Montreal,H4L,31671,9,26.0,1,1
C004007,32.77,Sante,Capitale-Nationale,G1R,39161,10,5.8,1,1
C003336,27.36,Arts et lettres,Bas-Saint-Laurent,G5N,29106,17,262.4,0,0
C013238,30.17,Arts et lettres,Cote-Nord,G4R,64601,12,202.0,1,1
C002538,25.05,Sciences,Gaspesie-Iles-de-la-Madeleine,G0C,64760,10,353.2,0,0
C002277,26.0,Sciences sociales,Capitale-Nationale,G1V,54545,9,26.0,0,1
C006068,25.15,Sciences,Capitale-Nationale,G2E,48754,9,5.9,0,0
C009840,23.51,Sciences sociales,Capitale-Nationale,G1R,61161,9,1.8,1,0
C011780,24.52,Sciences sociales,Bas-Saint-Laurent,G5L,83665,11,312.4,1,0
C006998,30.86,Arts et lettres,Capitale-Nationale,G2E,92541,9,58.7,0,1
C010736,28.63,Arts et lettres,Gaspesie-Iles-de-la-Madeleine,G4X,57430,12,685.6,0,1
C004738,26.84,Arts et lettres,Montreal,H8N,89772,12,24.1,0,1
C002469,28.21,Sciences sociales,Gaspesie-Iles-de-la-Madeleine,G4X,100843,9,633.3,0,0
C002555,31.25,Sante,Montreal,H4L,84911,9,22.7,0,1
C007770,26.43,Genie,Bas-Saint-Laurent,G5L,51778,16,279.1,1,0
C001076,27.23,Sciences,Montreal,H4L,38708,8,19.1,1,0
C003959,34.65,Arts et lettres,Montreal,H8N,134707,6,5.2,0,1
C012522,25.0,Sciences,Montreal,H4L,131553,9,11.9,1,0
C001221,28.01,Sante,Bas-Saint-Laurent,G0L,63909,8,238.0,1,0
C012802,30.23,Sante,Montreal,H8N,39627,16,42.2,1,1
C004117,29.51,Sciences,Bas-Saint-Laurent,G5N,51137,12,353.4,0,1
C006673,29.74,Arts et lettres,Cote-Nord,G4R,51601,7,310.3,0,1
C006390,33.15,Genie,Montreal,H4L,78321,11,43.1,0,1
C002324,26.46,Sante,Montreal,H8N,38429,7,27.4,0,0
C002191,29.96,Sante,Montreal,H1A,58688,11,5.6,0,1
C012857,33.18,Sciences,Gaspesie-Iles-de-la-Madeleine,G5C,24648,15,79.8,1,1
C004085,26.23,Sciences,Montreal,H8N,77054,11,1.2,0,0
C002975,24.76,Genie,Cote-Nord,G0G,48705,15,253.6,0,0
C009089,29.63,Genie,Bas-Saint-Laurent,G0L,42285,15,155.4,1,1
C010385,27.06,Sciences sociales,Montreal,H8N,47323,7,16.4,0,0
C007681,28.46,Sciences,Capitale-Nationale,G1R,67714,9,6.1,0,1
C007863,29.0,Genie,Gaspesie-Iles-de-la-Madeleine,G0C,70371,14,158.4,0,1
C010106,30.31,Arts et lettres,Capitale-Nationale,G2E,86881,12,11.0,1,1
C000951,26.02,Genie,Montreal,H4L,55380,14,32.1,0,0
C009736,26.82,Arts et lettres,Capitale-Nationale,G1V,60776,7,34.9,1,0
C012007,31.12,Arts et lettres,Cote-Nord,G0G,45464,5,190.2,1,1
C002494,26.61,Sciences,Capitale-Nationale,G1V,72102,8,12.7,0,0
C006237,22.42,Sciences sociales,Gaspesie-Iles-de-la-Madeleine,G4X,75630,14,323.1,0,0
C009768,23.66,Arts et lettres,Gaspesie-Iles-de-la-Madeleine,G5C,32877,19,173.5,0,0
C006457,21.07,Sciences,Capitale-Nationale,G2E,83340,12,10.5,0,0
C012792,28.11,Arts et lettres,Montreal,H1A,68294,10,16.5,0,0
C005833,26.65,Sciences sociales,Capitale-Nationale,G2E,153068,11,27.2,0,0
C001930,32.24,Sante,Capitale-Nationale,G1R,25052,10,13.6,0,1
C005401,31.92,Sciences,Montreal,H4L,45411,10,24.7,0,1
C007765,31.35,Sante,Bas-Saint-Laurent,G5N,21288,16,85.7,1,1
C011863,30.46,Genie,Capitale-Nationale,G3A,56971,8,37.3,0,1
C007623,26.82,Genie,Capitale-Nationale,G1R,126417,7,4.4,0,0
C000247,29.88,Arts et lettres,Cote-Nord,G4R,76819,12,193.6,1,0
C011918,32.36,Genie,Montreal,H2X,40994,7,19.2,0,1
C010754,25.3,Sciences,Bas-Saint-Laurent,G5N,60336,12,124.3,0,0
C009997,24.2,Sciences,Gaspesie-Iles-de-la-Madeleine,G4X,58548,11,290.0,1,0
C001729,31.81,Sciences,Cote-Nord,G0G,50187,9,330.6,0,1
C010209,27.23,Sciences sociales,Capitale-Nationale,G1R,69103,11,2.4,0,0
C013674,28.78,Sciences,Montreal,H3T,101353,11,12.5,0,0
C013828,27.64,Sante,Cote-Nord,G4R,66179,16,119.8,1,0
C007227,26.59,Arts et lettres,Capitale-Nationale,G1R,110699,6,11.9,0,0
C004215,29.14,Sciences,Gaspesie-Iles-de-la-Madeleine,G4X,54992,11,193.7,1,1
C008173,29.15,Genie,Montreal,H1A,103666,10,13.4,0,1
C003991,30.64,Genie,Gaspesie-Iles-de-la-Madeleine,G0C,33555,10,166.9,0,1
C011440,27.63,Genie,Bas-Saint-Laurent,G5L,57907,13,170.2,1,0
C008414,30.93,Genie,Gaspesie-Iles-de-la-Madeleine,G4X,19999,8,274.5,1,1
C000967,29.4,Sante,Gaspesie-Iles-de-la-Madeleine,G5C,90291,18,249.9,1,1
C000566,28.76,Arts et lettres,Montreal,H4L,78571,8,8.7,1,1
C012911,27.38,Sante,Gaspesie-Iles-de-la-Madeleine,G4X,49383,11,218.6,0,0
C002413,27.28,Sante,Bas-Saint-Laurent,G0L,32674,9,43.4,0,0
C007211,21.84,Sciences,Gaspesie-Iles-de-la-Madeleine,G4X,36960,15,223.6,1,0
C001075,26.16,Arts et lettres,Capitale-Nationale,G3A,112616,10,32.0,0,0
C010631,30.19,Sciences,Bas-Saint-Laurent,G0L,67924,15,125.8,1,1
C011864,25.75,Sante,Capitale-Nationale,G1R,103673,9,10.3,1,0
C006993,27.9,Sciences,Capitale-Nationale,G3A,71526,9,19.8,0,0
C009857,31.88,Arts et lettres,Montreal,H8N,63152,8,45.0,0,1
C004671,29.43,Arts et lettres,Capitale-Nationale,G2E,61095,6,6.1,0,1
C006437,25.09,Genie,Gaspesie-Iles-de-la-Madeleine,G5C,57935,12,154.8,1,0
C011959,25.17,Sante,Bas-Saint-Laurent,G5L,47198,14,193.8,1,0
C001897,28.34,Arts et lettres,Cote-Nord,G5B,35474,14,221.7,0,0
C011464,29.17,Sante,Montreal,H3T,62153,7,26.2,0,1
C010783,25.15,Arts et lettres,Gaspesie-Iles-de-la-Madeleine,G5C,38979,12,237.1,1,0
C008496,31.99,Genie,Montreal,H4L,82808,11,24.2,1,1
C005152,28.2,Genie,Capitale-Nationale,G1V,73101,10,20.2,0,0
C011191,29.03,Genie,Capitale-Nationale,G3A,38508,8,23.9,0,0
C013288,33.13,Sciences sociales,Montreal,H2X,105136,13,42.7,1,1
C012858,26.06,Arts et lettres,Gaspesie-Iles-de-la-Madeleine,G5C,32629,17,255.3,1,0
C009785,26.41,Genie,Montreal,H4L,76330,8,14.4,0,1
C005163,30.0,Arts et lettres,Montreal,H2X,71018,5,37.2,1,1
C008526,26.3,Sante,Capitale-Nationale,G2E,131840,4,12.3,0,0
C006353,25.85,Sante,Montreal,H3T,102226,6,47.2,0,0
C007521,24.94,Genie,Montreal,H4L,72344,10,18.8,0,0
C009068,31.73,Sciences,Montreal,H4L,72674,10,48.5,0,1
C013774,24.96,Sciences sociales,Capitale-Nationale,G2E,59953,8,1.4,1,0
C012273,23.71,Genie,Gaspesie-Iles-de-la-Madeleine,G5C,69512,8,67.8,1,0
C007123,30.31,Sante,Capitale-Nationale,G1V,40860,8,54.4,0,1
C002743,28.9,Genie,Montreal,H2X,34321,7,17.2,1,1
C003631,29.77,Sciences,Montreal,H8N,39041,15,30.5,0,1
C007286,28.73,Genie,Capitale-Nationale,G3A,38704,10,43.2,0,0
C002636,26.05,Sciences sociales,Capitale-Nationale,G1V,101440,11,18.9,0,0
C006674,29.1,Sciences,Montreal,H4L,59615,11,13.4,0,0
C005174,23.89,Sciences,Montreal,H2X,66250,10,40.8,0,0
C006272,29.41,Sciences sociales,Capitale-Nationale,G1R,57458,10,7.2,1,0
C003398,27.5,Sciences,Gaspesie-Iles-de-la-Madeleine,G4X,72273,19,248.6,1,1
C004409,27.49,Sciences,Capitale-Nationale,G2E,63300,5,14.6,1,0
C007006,29.76,Sciences sociales,Capitale-Nationale,G1V,50634,13,4.7,1,1
C004061,26.76,Sante,Montreal,H4L,66497,12,20.5,0,0
C002168,25.0,Sciences sociales,Bas-Saint-Laurent,G0L,38844,14,251.4,0,0
C009605,32.82,Sciences,Montreal,H3T,69179,9,21.2,0,1
C005027,28.63,Sante,Montreal,H3T,51215,12,36.7,0,1
C012810,23.45,Arts et lettres,Montreal,H4L,156819,13,31.8,0,0
C012378,30.18,Arts et lettres,Bas-Saint-Laurent,G5N,31429,15,175.6,0,1
C002139,27.18,Genie,Montreal,H3T,75140,5,10.9,0,0
C009332,29.45,Sciences,Bas-Saint-Laurent,G5L,62171,9,36.3,1,0
C009500,28.43,Sciences sociales,Gaspesie-Iles-de-la-Madeleine,G5C,46953,13,214.5,1,0
C001539,26.11,Genie,Montreal,H4L,97819,10,46.4,0,1
C002134,26.49,Sciences sociales,Montreal,H1A,127962,7,40.1,0,0
C005296,32.11,Sciences,Capitale-Nationale,G1V,57030,7,9.5,0,1
C009483,27.14,Sciences,Capitale-Nationale,G2E,43621,10,1.9,1,0
C009117,23.99,Arts et lettres,Montreal,H1A,72211,12,21.2,0,0
C003555,24.66,Sciences,Montreal,H8N,127266,9,39.2,0,0
C001668,25.62,Genie,Cote-Nord,G0G,57235,18,63.2,1,0
C000104,27.17,Sciences sociales,Capitale-Nationale,G3A,110312,10,10.0,0,1
C013358,26.62,Sciences,Capitale-Nationale,G1R,39664,9,51.9,0,0
C005019,27.93,Sciences sociales,Gaspesie-Iles-de-la-Madeleine,G0C,63124,8,114.3,1,0
C005942,28.56,Genie,Montreal,H3T,76661,6,28.3,0,1
C002282,30.34,Genie,Montreal,H1A,66102,15,6.3,0,1
C002100,26.01,Sante,Montreal,H4L,150987,13,11.9,0,0
C009865,28.11,Genie,Capitale-Nationale,G3A,84665,10,13.8,0,1
C013629,28.36,Sante,Montreal,H2X,101695,7,18.7,1,1
C005630,32.6,Sciences,Montreal,H8N,88165,7,20.4,0,1
C013943,29.47,Sante,Capitale-Nationale,G3A,50961,6,52.1,0,1
C009067,32.27,Sciences,Gaspesie-Iles-de-la-Madeleine,G0C,49877,18,128.0,1,1
C001932,27.57,Sciences,Capitale-Nationale,G3A,57287,9,9.2,1,0
C008555,33.25,Sante,Capitale-Nationale,G2E,101154,13,12.2,1,1
C005021,22.14,Sciences,Bas-Saint-Laurent,G5N,24762,13,75.8,0,0
C000596,28.7,Genie,Montreal,H1A,52093,10,11.7,0,0
C007436,23.01,Genie,Bas-Saint-Laurent,G0L,100524,19,202.1,0,0
C001873,28.41,Sciences sociales,Montreal,H2X,57021,8,4.5,0,1
C003658,37.02,Arts et lettres,Montreal,H4L,87838,13,54.8,0,1
C005095,29.92,Genie,Montreal,H3T,65020,8,14.5,0,1
C011656,31.01,Sante,Montreal,H8N,120166,6,6.5,0,1
C013428,28.69,Genie,Cote-Nord,G5B,42559,9,164.5,0,0
C002862,32.33,Sciences,Gaspesie-Iles-de-la-Madeleine,G0C,50429,19,184.8,0,1
C013890,28.42,Sciences sociales,Capitale-Nationale,G1V,68242,12,39.7,0,1
C004237,30.29,Sciences,Capitale-Nationale,G1V,75545,13,11.7,0,1
C000474,31.91,Genie,Montreal,H4L,36731,12,2.4,0,1
C002784,25.97,Sciences sociales,Montreal,H8N,42931,12,20.2,1,0
C007204,26.71,Genie,Capitale-Nationale,G3A,82243,8,28.4,0,0
C003553,26.37,Sante,Cote-Nord,G4R,53661,12,207.4,1,0
C008236,34.19,Sante,Gaspesie-Iles-de-la-Madeleine,G0C,41874,15,495.4,1,1
C006129,25.34,Sciences,Montreal,H2X,29975,14,6.5,0,0
C013623,24.44,Sciences,Gaspesie-Iles-de-la-Madeleine,G5C,65224,11,74.7,1,0
C004193,25.93,Sciences sociales,Capitale-Nationale,G3A,81933,9,79.3,0,0
C005051,22.5,Sciences sociales,Cote-Nord,G4R,40421,17,153.0,0,0
C009341,28.44,Sciences sociales,Bas-Saint-Laurent,G5N,65446,13,115.5,0,0
C009317,31.29,Sante,Gaspesie-Iles-de-la-Madeleine,G0C,66133,7,282.1,0,1
C006027,28.94,Sciences sociales,Capitale-Nationale,G2E,90927,6,43.2,0,1
C004291,27.57,Sciences sociales,Gaspesie-Iles-de-la-Madeleine,G4X,75456,13,96.0,0,0
C012365,25.71,Sciences,Montreal,H3T,187736,5,8.3,0,0
C002670,23.08,Sciences,Capitale-Nationale,G2E,61195,11,5.1,0,0
C006870,25.84,Sante,Bas-Saint-Laurent,G0L,34988,8,341.9,1,0
C004366,25.67,Arts et lettres,Bas-Saint-Laurent,G5N,25210,12,260.4,0,0
C002903,22.4,Sciences sociales,Montreal,H2X,85491,8,20.8,0,0
C007794,20.23,Genie,Gaspesie-Iles-de-la-Madeleine,G4X,77906,10,289.6,0,0
C010189,24.25,Sciences sociales,Gaspesie-Iles-de-la-Madeleine,G4X,105365,13,35.0,0,0
C013493,27.55,Arts et lettres,Montreal,H1A,66768,10,47.1,1,1
C008253,31.4,Arts et lettres,Gaspesie-Iles-de-la-Madeleine,G0C,50173,13,168.2,0,1
C001611,26.4,Genie,Bas-Saint-Laurent,G5L,30757,11,157.1,0,0
C012903,26.77,Genie,Gaspesie-Iles-de-la-Madeleine,G0C,42527,19,156.7,0,0
C013603,26.35,Sciences,Cote-Nord,G0G,28739,12,82.5,1,0
C005914,27.34,Sciences,Gaspesie-Iles-de-la-Madeleine,G4X,62015,14,204.5,1,0
C007881,33.33,Genie,Montreal,H2X,63628,5,31.9,0,1
C007276,30.34,Arts et lettres,Capitale-Nationale,G3A,74937,7,12.0,0,1
C013128,30.92,Sciences,Cote-Nord,G4R,30294,14,290.9,1,0
C000296,31.47,Sciences sociales,Montreal,H3T,56946,7,31.4,1,1
C005396,30.52,Arts et lettres,Gaspesie-Iles-de-la-Madeleine,G5C,42970,21,193.4,0,1
C013348,28.46,Arts et lettres,Capitale-Nationale,G2E,39563,6,17.6,0,0
C013438,35.27,Sante,Cote-Nord,G4R,52465,10,266.7,1,1
C001805,26.91,Genie,Montreal,H4L,104264,9,24.5,1,0
C008847,22.64,Genie,Montreal,H3T,56446,9,6.1,0,0
C009537,28.17,Sante,Bas-Saint-Laurent,G5L,56575,15,353.4,0,0
C004523,26.06,Sciences sociales,Capitale-Nationale,G2E,110113,11,6.8,0,0
C000045,24.49,Sante,Capitale-Nationale,G1R,61954,4,4.3,0,0
C005208,24.85,Sciences,Capitale-Nationale,G1R,62847,11,24.6,0,0
C003786,29.81,Arts et lettres,Gaspesie-Iles-de-la-Madeleine,G0C,41410,7,278.3,0,1
C006212,25.61,Genie,Montreal,H1A,87276,11,14.6,0,1
C006745,26.59,Sciences,Cote-Nord,G0G,46974,7,381.5,0,0
C002719,28.98,Arts et lettres,Montreal,H1A,90283,3,27.7,1,0
C010866,33.18,Sciences,Gaspesie-Iles-de-la-Madeleine,G0C,34208,13,304.3,1,1
C010892,25.19,Genie,Cote-Nord,G4R,54912,10,227.6,0,0
C002153,27.38,Sciences,Montreal,H2X,34209,10,20.4,1,0
C004198,21.19,Genie,Montreal,H1A,139848,7,24.4,0,0
C006477,24.51,Arts et lettres,Gaspesie-Iles-de-la-Madeleine,G0C,20688,13,306.9,1,0
C007610,25.94,Sante,Capitale-Nationale,G1R,123844,8,6.2,0,0
C001543,28.23,Genie,Gaspesie-Iles-de-la-Madeleine,G5C,50948,16,289.0,1,0
C011952,27.77,Sante,Capitale-Nationale,G1V,153087,7,20.2,0,1
C010104,31.51,Sciences sociales,Montreal,H1A,66792,10,56.6,0,1
C000343,22.28,Sciences,Capitale-Nationale,G1V,82510,11,7.6,1,0
C003435,30.37,Sante,Gaspesie-Iles-de-la-Madeleine,G4X,39179,13,77.2,0,1
C012508,25.92,Sciences,Gaspesie-Iles-de-la-Madeleine,G5C,35116,25,238.6,0,0
C006613,28.0,Genie,Montreal,H1A,47607,9,9.2,0,0
C005892,28.4,Sciences,Montreal,H1A,122500,8,31.9,0,1
C005789,29.61,Genie,Capitale-Nationale,G1R,59826,6,3.2,0,1
C007552,26.64,Sante,Montreal,H3T,91526,11,23.9,1,1
C005004,28.55,Sciences sociales,Cote-Nord,G0G,39329,9,292.8,1,0
C008538,27.56,Sciences,Capitale-Nationale,G1V,48143,5,15.4,0,0
C006640,28.26,Sante,Gaspesie-Iles-de-la-Madeleine,G5C,68983,10,165.8,0,0
C013633,29.04,Sciences sociales,Cote-Nord,G5B,50047,5,203.8,1,0
C013544,24.91,Genie,Montreal,H4L,109538,4,15.3,0,0
C007368,24.4,Genie,Montreal,H4L,72515,6,49.7,1,0
C000817,30.18,Sante,Montreal,H4L,96975,8,35.4,0,1
C013119,25.46,Sciences sociales,Montreal,H1A,68384,8,31.1,0,0
C007464,26.9,Sciences,Gaspesie-Iles-de-la-Madeleine,G5C,59306,14,251.1,1,0
C008860,31.22,Genie,Gaspesie-Iles-de-la-Madeleine,G5C,51091,10,70.7,0,1
C011234,26.26,Genie,Montreal,H8N,102354,7,61.3,0,1
C009025,23.68,Genie,Montreal,H3T,27417,4,11.8,1,0
C009344,30.03,Sciences sociales,Montreal,H4L,96446,4,28.2,0,1
C007913,35.21,Genie,Montreal,H2X,60139,7,32.3,0,1
C009985,25.76,Arts et lettres,Bas-Saint-Laurent,G5L,40768,13,247.0,0,0
C003367,24.92,Sciences,Gaspesie-Iles-de-la-Madeleine,G0C,121385,8,166.8,0,0
C002195,27.53,Sciences,Montreal,H2X,85463,11,28.2,0,1
C004765,28.44,Sciences sociales,Montreal,H1A,58843,11,23.2,0,1
C009711,28.6,Sciences sociales,Bas-Saint-Laurent,G0L,49028,13,159.3,0,0
C004875,27.46,Arts et lettres,Cote-Nord,G0G,39323,10,451.1,0,0
C009190,29.32,Sciences,Montreal,H3T,74019,10,26.7,0,0
C012659,27.88,Sciences sociales,Montreal,H4L,63252,11,11.9,0,1
C001562,29.37,Arts et lettres,Montreal,H4L,51974,5,13.1,0,0
C012069,27.46,Genie,Montreal,H1A,116737,6,22.9,0,0
C010179,27.42,Sante,Bas-Saint-Laurent,G5L,56822,22,349.7,0,0
C000662,30.33,Arts et lettres,Montreal,H4L,102314,9,22.4,0,1
C013260,25.67,Sciences sociales,Bas-Saint-Laurent,G0L,30055,10,394.5,0,0
C013098,27.62,Arts et lettres,Montreal,H3T,94032,6,20.4,0,1
C001003,23.57,Sante,Bas-Saint-Laurent,G0L,55529,14,128.8,0,0
C010527,25.37,Sciences,Cote-Nord,G0G,61627,13,250.2,1,0
C007110,26.98,Sciences sociales,Capitale-Nationale,G2E,77455,8,31.6,1,0
C006438,28.39,Genie,Gaspesie-Iles-de-la-Madeleine,G0C,57076,11,91.4,0,0
C008497,18.99,Sante,Montreal,H8N,60340,6,23.9,0,0
C008653,27.11,Sante,Cote-Nord,G5B,91175,14,273.3,0,0
C011969,31.57,Sciences sociales,Bas-Saint-Laurent,G5L,48918,10,172.1,1,1
C012801,26.67,Arts et lettres,Montreal,H1A,45399,7,9.8,1,0
C006349,25.93,Sciences,Capitale-Nationale,G1R,90613,14,18.8,1,0
C013497,22.82,Sciences,Montreal,H4L,93872,5,13.9,0,0
C006452,28.56,Arts et lettres,Cote-Nord,G0G,53653,9,102.8,0,0
C001043,32.66,Arts et lettres,Cote-Nord,G5B,52395,10,168.5,1,1
C001086,24.88,Sciences,Gaspesie-Iles-de-la-Madeleine,G4X,109895,5,76.0,1,0
C011500,23.76,Genie,Gaspesie-Iles-de-la-Madeleine,G4X,51664,7,129.6,1,0
C000260,23.35,Genie,Montreal,H8N,70247,10,25.4,0,0
C013215,25.5,Genie,Montreal,H8N,70943,4,21.8,0,0
C003680,26.21,Sciences,Gaspesie-Iles-de-la-Madeleine,G5C,59334,15,415.7,1,0
C004622,30.2,Arts et lettres,Montreal,H2X,56710,10,39.4,0,1
C012488,25.41,Arts et lettres,Capitale-Nationale,G3A,51468,14,16.5,0,0
C006768,25.86,Arts et lettres,Bas-Saint-Laurent,G5L,41035,12,125.2,0,0
C004635,25.09,Sante,Gaspesie-Iles-de-la-Madeleine,G5C,35189,14,138.7,0,0
C011568,28.64,Genie,Gaspesie-Iles-de-la-Madeleine,G5C,79042,13,105.7,1,1
C000551,30.27,Genie,Montreal,H3T,40121,8,44.9,1,1
C010939,29.08,Sciences,Gaspesie-Iles-de-la-Madeleine,G0C,80294,10,84.3,0,1
C010879,30.45,Genie,Bas-Saint-Laurent,G5L,49632,13,399.0,1,1
C013377,24.55,Sciences,Capitale-Nationale,G1V,86232,6,6.7,0,0
C009230,34.08,Sciences,Montreal,H4L,87165,7,9.9,1,1
C002573,33.25,Genie,Cote-Nord,G0G,28165,11,99.5,0,1
C009365,27.26,Sciences sociales,Montreal,H1A,46605,9,9.8,1,0
C013653,25.15,Arts et lettres,Montreal,H4L,71864,8,80.8,0,0
C009176,32.11,Sciences,Capitale-Nationale,G3A,77941,10,3.3,1,1
C001678,32.4,Sante,Gaspesie-Iles-de-la-Madeleine,G5C,49608,14,253.7,0,1
C001374,27.51,Arts et lettres,Montreal,H4L,41071,12,8.0,0,0
C000325,30.67,Genie,Capitale-Nationale,G1R,87961,8,30.5,0,1
C012526,31.52,Genie,Bas-Saint-Laurent,G5N,38236,15,339.3,1,1
C003120,28.11,Sciences sociales,Montreal,H3T,36773,4,6.8,1,1
C008935,26.74,Genie,Montreal,H8N,68014,11,6.5,0,0
C000121,25.97,Sante,Montreal,H4L,76895,9,46.4,0,0
C003404,24.07,Sciences,Cote-Nord,G4R,98606,11,430.8,0,0
C007492,21.83,Sante,Gaspesie-Iles-de-la-Madeleine,G5C,39770,17,230.9,0,0
C007983,26.5,Sante,Montreal,H4L,28109,14,24.7,1,1
C001945,24.56,Arts et lettres,Montreal,H4L,148053,9,2.5,0,0
C010881,31.75,Arts et lettres,Capitale-Nationale,G1R,87312,9,4.1,0,1
C002881,28.53,Sciences sociales,Montreal,H2X,34852,8,43.7,1,0
C002713,31.19,Genie,Gaspesie-Iles-de-la-Madeleine,G5C,54703,15,182.1,0,1
C012387,25.53,Sante,Capitale-Nationale,G2E,83100,8,41.2,0,0
C003409,28.1,Sciences sociales,Montreal,H1A,60561,6,36.6,1,0
C005745,32.87,Sciences,Montreal,H3T,90623,9,6.6,0,1
C011662,28.93,Sciences,Montreal,H8N,52852,10,5.3,1,0
C007381,32.12,Sante,Montreal,H3T,37176,7,5.5,0,1
C008014,27.75,Genie,Gaspesie-Iles-de-la-Madeleine,G5C,50616,16,323.8,0,0
C011496,31.22,Genie,Capitale-Nationale,G1R,61394,7,31.1,0,1
C006896,28.84,Sciences sociales,Bas-Saint-Laurent,G0L,27684,19,239.0,0,0
C006111,26.3,Arts et lettres,Montreal,H1A,101169,3,8.4,0,0
C003768,26.6,Genie,Montreal,H4L,80461,13,0.7,0,0
C001507,19.29,Arts et lettres,Cote-Nord,G5B,109904,8,127.1,1,0
C007140,34.94,Arts et lettres,Bas-Saint-Laurent,G5L,84576,12,75.8,0,1
C011945,26.3,Arts et lettres,Montreal,H1A,35870,6,17.7,0,0
C003350,26.69,Sciences sociales,Capitale-Nationale,G1R,75255,10,11.2,1,1
C013906,26.2,Arts et lettres,Montreal,H4L,111376,7,17.4,0,0
C012173,30.17,Sciences sociales,Bas-Saint-Laurent,G5N,46633,25,175.1,1,1
C005182,24.7,Sciences,Montreal,H4L,36471,6,9.3,0,0
C005682,28.47,Sciences,Bas-Saint-Laurent,G5N,53524,14,129.6,1,1
C005451,29.53,Sciences sociales,Capitale-Nationale,G2E,225989,7,23.4,1,1
C006744,28.65,Arts et lettres,Capitale-Nationale,G2E,86650,13,10.4,1,1
C009023,29.85,Genie,Cote-Nord,G0G,49777,7,167.6,0,0
C005067,27.35,Sciences,Montreal,H3T,98251,5,28.3,1,0
C012100,31.02,Sciences,Montreal,H2X,46395,7,3.1,0,1
C013846,31.1,Sante,Bas-Saint-Laurent,G5L,43666,13,106.9,1,1
C004554,28.46,Sciences,Capitale-Nationale,G2E,72491,5,34.1,0,0
C003583,26.56,Sciences,Montreal,H3T,66090,6,10.6,1,0
C004188,24.27,Sante,Montreal,H8N,71145,11,21.5,0,0
C000353,25.02,Sante,Bas-Saint-Laurent,G5L,64897,21,298.5,0,0
C011957,27.93,Sante,Capitale-Nationale,G1R,52580,3,9.0,0,0
C000462,29.27,Genie,Montreal,H2X,79672,7,15.0,1,1
C002694,31.69,Sciences,Capitale-Nationale,G2E,35863,10,17.9,0,1
C009181,26.01,Sciences sociales,Gaspesie-Iles-de-la-Madeleine,G4X,60699,9,178.5,1,0
C008114,25.91,Sciences,Montreal,H4L,111305,8,8.9,1,0
C002531,30.8,Sciences sociales,Capitale-Nationale,G1R,57010,11,13.6,0,1
C004235,28.91,Sciences,Cote-Nord,G4R,49373,18,152.7,0,1
C010249,32.35,Arts et lettres,Capitale-Nationale,G1R,166735,12,29.2,0,1
C002415,30.94,Genie,Capitale-Nationale,G2E,83289,7,47.1,1,1
C007688,31.17,Sante,Montreal,H4L,107384,14,12.4,0,1
C012887,23.26,Sciences sociales,Capitale-Nationale,G1V,81550,9,25.2,0,0
C013374,22.05,Genie,Montreal,H2X,90268,6,5.5,0,0
C012670,22.6,Genie,Montreal,H3T,107499,9,17.3,1,0
C002558,25.22,Sante,Bas-Saint-Laurent,G5N,69071,15,221.9,1,0
C001856,28.37,Genie,Bas-Saint-Laurent,G5N,76931,11,277.7,0,0
C011319,30.66,Genie,Capitale-Nationale,G3A,50774,4,23.0,1,1
C002210,28.5,Sante,Capitale-Nationale,G1V,42672,10,47.4,0,1
C013331,24.09,Sante,Montreal,H3T,205853,11,13.7,0,0
C005076,23.81,Sciences sociales,Capitale-Nationale,G1V,42187,9,24.6,1,0
C002066,28.94,Genie,Montreal,H4L,51399,14,26.9,1,1
C001351,30.13,Sante,Montreal,H2X,61598,12,16.0,1,1
C005382,27.57,Arts et lettres,Bas-Saint-Laurent,G5L,49272,12,227.3,0,0
C004675,24.37,Sante,Montreal,H3T,45831,7,9.5,0,0
C009361,23.24,Sciences sociales,Bas-Saint-Laurent,G5N,29000,11,307.2,1,0
C004922,28.97,Arts et lettres,Cote-Nord,G4R,67421,16,152.7,0,1
C002593,34.78,Sciences,Capitale-Nationale,G2E,37909,8,32.8,0,1
C000682,24.89,Sciences sociales,Montreal,H2X,72551,7,27.4,0,0
C010190,30.71,Sciences,Montreal,H4L,59201,13,26.7,0,1
C010011,24.32,Genie,Capitale-Nationale,G2E,64878,10,4.2,0,0
C011907,24.33,Sante,Cote-Nord,G5B,25286,14,400.2,1,0
C011439,24.95,Sciences,Gaspesie-Iles-de-la-Madeleine,G4X,66236,10,305.9,0,0
C008975,28.19,Sante,Bas-Saint-Laurent,G5N,38649,11,218.5,0,0
C006642,30.29,Sciences sociales,Montreal,H2X,35368,10,23.2,0,1
C006201,27.21,Sciences sociales,Capitale-Nationale,G1V,118301,8,24.5,0,0
C008968,26.19,Sciences,Cote-Nord,G5B,44851,8,294.4,0,0
C013678,25.81,Sciences,Montreal,H2X,57020,8,9.0,0,0
C010625,30.44,Sciences sociales,Capitale-Nationale,G2E,59125,10,10.2,0,1
C009607,32.27,Genie,Montreal,H3T,98627,6,14.7,0,1
C013710,28.59,Arts et lettres,Cote-Nord,G0G,66893,16,90.1,0,1
C003547,24.3,Genie,Montreal,H4L,43818,11,27.6,0,0
C013467,33.62,Arts et lettres,Gaspesie-Iles-de-la-Madeleine,G5C,34452,11,276.1,1,1
C002662,24.09,Sciences sociales,Gaspesie-Iles-de-la-Madeleine,G5C,95658,14,269.8,1,0
C008667,31.16,Sante,Bas-Saint-Laurent,G0L,32842,9,98.5,0,1
C013564,16.78,Genie,Gaspesie-Iles-de-la-Madeleine,G0C,100976,18,194.0,0,0
C009277,26.95,Arts et lettres,Montreal,H2X,104719,6,45.9,0,1
C006849,30.21,Sciences,Cote-Nord,G5B,31684,16,267.8,1,0
C005473,25.83,Genie,Cote-Nord,G5B,68441,9,176.9,1,0
C011377,26.61,Arts et lettres,Montreal,H3T,62791,8,7.9,0,0
C002190,28.16,Sciences,Capitale-Nationale,G1V,79449,12,15.1,0,0
C005649,26.52,Sciences,Bas-Saint-Laurent,G5N,21648,9,193.5,1,0
C002905,26.84,Arts et lettres,Montreal,H4L,183840,11,13.7,0,1
C013166,26.55,Genie,Cote-Nord,G0G,27915,13,270.4,1,0
C010458,28.82,Sciences sociales,Bas-Saint-Laurent,G5N,124120,11,314.0,0,1
C000379,26.31,Sciences sociales,Bas-Saint-Laurent,G5N,63097,16,180.7,0,0
C010660,29.52,Sciences,Montreal,H4L,33000,4,12.7,0,0
C001698,27.9,Sciences,Gaspesie-Iles-de-la-Madeleine,G5C,55165,13,340.0,1,0
C004414,27.58,Sciences,Montreal,H1A,45528,5,24.0,0,0
C007184,29.9,Genie,Montreal,H8N,99103,9,10.3,0,1
C007134,24.21,Arts et lettres,Capitale-Nationale,G1R,80788,16,3.9,0,0
C001898,28.94,Sciences,Montreal,H1A,40903,7,17.0,0,0
C001661,26.84,Sciences,Montreal,H3T,43732,7,30.7,0,0
C002579,28.12,Arts et lettres,Gaspesie-Iles-de-la-Madeleine,G4X,59354,17,75.3,0,0
C011832,31.26,Sciences sociales,Cote-Nord,G0G,57290,10,347.9,0,1
C012266,22.2,Sciences,Gaspesie-Iles-de-la-Madeleine,G0C,90452,9,141.2,1,0
C001684,25.97,Arts et lettres,Gaspesie-Iles-de-la-Madeleine,G5C,64096,16,192.4,0,0
C009487,31.94,Sante,Montreal,H4L,43383,8,14.6,0,1
C001262,24.9,Sante,Montreal,H2X,108434,2,5.6,0,0
C001220,24.66,Sciences sociales,Cote-Nord,G4R,68798,12,196.0,1,0
C007112,28.1,Sciences,Bas-Saint-Laurent,G5N,39394,19,219.4,0,0
C009977,30.2,Genie,Montreal,H3T,46025,12,24.4,0,1
C002949,24.88,Sciences,Capitale-Nationale,G1R,82777,8,18.2,1,0
C002758,26.41,Sciences sociales,Gaspesie-Iles-de-la-Madeleine,G4X,29761,7,237.1,1,0
C007936,26.71,Genie,Gaspesie-Iles-de-la-Madeleine,G5C,56023,14,207.1,1,0
C001880,27.23,Sciences sociales,Bas-Saint-Laurent,G0L,82391,13,63.7,0,0
C007727,20.9,Arts et lettres,Montreal,H4L,42470,9,26.2,0,0
C005667,30.25,Arts et lettres,Gaspesie-Iles-de-la-Madeleine,G0C,69676,12,273.9,0,0
C006024,25.08,Genie,Capitale-Nationale,G3A,156443,7,13.6,0,0
C007025,29.93,Sante,Capitale-Nationale,G2E,65956,8,15.5,1,1
C005362,28.78,Sciences,Montreal,H2X,55483,5,56.9,0,1
C002021,26.13,Sciences,Capitale-Nationale,G1R,111244,12,14.1,1,0
C003115,26.76,Genie,Gaspesie-Iles-de-la-Madeleine,G0C,89552,8,320.6,1,0
C011779,28.03,Sciences,Montreal,H8N,49066,9,8.5,0,0
C011205,33.21,Sciences,Cote-Nord,G0G,78129,10,323.3,1,1
C010649,23.5,Sciences sociales,Montreal,H8N,176816,10,30.3,0,0
C008053,31.25,Sciences sociales,Bas-Saint-Laurent,G5N,26740,9,295.2,0,1
C002466,30.87,Sciences sociales,Capitale-Nationale,G2E,71185,13,7.7,1,1
C012655,30.29,Sciences sociales,Bas-Saint-Laurent,G0L,38613,25,124.5,1,1
C010414,26.95,Arts et lettres,Montreal,H2X,66367,10,18.9,0,0
C011161,28.28,Sante,Montreal,H1A,89194,9,11.5,1,1
C010317,24.36,Sante,Gaspesie-Iles-de-la-Madeleine,G5C,49897,11,207.3,1,0
C011468,26.91,Sciences,Bas-Saint-Laurent,G5L,126274,14,109.1,0,0
C011262,25.98,Sciences sociales,Bas-Saint-Laurent,G5N,40572,13,199.4,0,0
C004697,33.51,Genie,Montreal,H1A,74124,5,5.1,0,1
C012987,30.09,Arts et lettres,Montreal,H1A,72788,13,11.4,1,1
C000729,23.53,Genie,Montreal,H4L,44267,3,15.8,0,0
C006240,30.01,Sante,Cote-Nord,G5B,25766,8,172.9,1,1
C005899,30.82,Sante,Bas-Saint-Laurent,G5N,42958,15,275.4,0,1
C004553,26.54,Sciences sociales,Bas-Saint-Laurent,G5L,42515,10,270.0,1,0
C011103,24.65,Sciences,Cote-Nord,G0G,101804,13,449.9,0,0
C000911,29.7,Arts et lettres,Capitale-Nationale,G3A,92386,11,4.7,0,1
C004833,28.86,Sciences sociales,Capitale-Nationale,G3A,44101,6,10.9,0,0
C002704,24.61,Genie,Montreal,H2X,43458,9,4.1,0,0
C012758,22.59,Sciences sociales,Montreal,H4L,48901,6,19.7,0,0
C010276,23.2,Genie,Bas-Saint-Laurent,G0L,47607,12,362.2,1,0
C004789,28.69,Sciences sociales,Cote-Nord,G5B,87482,17,258.5,0,1
C007372,28.6,Genie,Capitale-Nationale,G1V,128006,8,7.6,0,1
C000949,24.37,Genie,Montreal,H3T,52250,10,46.3,0,0
C005026,28.5,Sciences sociales,Cote-Nord,G5B,30654,9,128.6,0,0
C005814,27.43,Arts et lettres,Montreal,H2X,44895,12,1.4,0,1
C000807,27.18,Genie,Montreal,H1A,85922,8,9.5,0,0
C008514,21.31,Sciences sociales,Gaspesie-Iles-de-la-Madeleine,G0C,82549,12,144.1,1,0
C004506,28.22,Sante,Montreal,H4L,138997,11,25.1,1,0
C009848,22.04,Sciences,Montreal,H8N,61332,12,12.9,0,0
C007707,26.71,Sciences sociales,Montreal,H8N,54873,12,26.5,0,0
C000653,26.01,Sante,Gaspesie-Iles-de-la-Madeleine,G4X,39452,8,254.7,1,0
C000677,33.32,Sciences sociales,Capitale-Nationale,G3A,41433,9,26.1,0,1
C013367,28.09,Sciences,Bas-Saint-Laurent,G5N,59688,11,130.4,1,0
C011597,30.44,Genie,Montreal,H2X,80130,11,9.1,0,1
C000173,25.04,Genie,Bas-Saint-Laurent,G0L,51822,7,257.0,1,0
C010220,28.84,Sciences,Montreal,H4L,38212,12,19.2,0,1
C000583,27.39,Arts et lettres,Capitale-Nationale,G1R,102020,14,28.4,1,1
C013585,27.73,Genie,Gaspesie-Iles-de-la-Madeleine,G4X,61786,12,297.9,0,0
C003920,31.09,Sante,Montreal,H4L,39381,2,2.9,0,1
C003891,35.47,Sciences sociales,Montreal,H3T,41714,9,9.9,0,1
C011035,26.73,Arts et lettres,Montreal,H1A,40902,9,19.2,0,0
C002308,27.83,Sante,Gaspesie-Iles-de-la-Madeleine,G0C,26235,13,255.8,0,0
C001584,34.12,Sante,Gaspesie-Iles-de-la-Madeleine,G4X,61667,19,239.6,0,1
C002233,25.28,Arts et lettres,Gaspesie-Iles-de-la-Madeleine,G5C,75911,13,136.0,1,0
C010811,21.84,Sciences,Montreal,H2X,57090,6,12.7,1,0
C011602,32.16,Sciences,Cote-Nord,G5B,24185,18,347.1,0,1
C007442,27.85,Arts et lettres,Montreal,H3T,151869,9,23.9,0,0
C000781,24.13,Sciences,Capitale-Nationale,G3A,52447,12,26.5,1,0
C007787,29.39,Genie,Capitale-Nationale,G3A,45704,10,11.6,0,0
C007565,26.02,Sante,Montreal,H4L,59032,6,13.0,0,0
C007238,28.42,Sante,Capitale-Nationale,G1R,143907,10,22.2,0,1
C005598,24.87,Sante,Cote-Nord,G0G,91772,11,280.3,0,0
C007509,27.34,Arts et lettres,Cote-Nord,G4R,70105,11,255.3,0,1
C005215,25.66,Sciences sociales,Montreal,H4L,70682,8,37.8,0,0
C005078,20.38,Sante,Bas-Saint-Laurent,G0L,42773,14,331.2,0,0
C004252,26.12,Sciences sociales,Bas-Saint-Laurent,G0L,37977,8,244.8,1,0
C007019,28.17,Genie,Cote-Nord,G0G,47648,6,473.6,0,0
C012460,27.99,Sciences,Montreal,H4L,81805,12,42.8,0,1
C001502,24.49,Sciences sociales,Montreal,H3T,69390,10,13.9,1,0
C012951,35.31,Sciences sociales,Capitale-Nationale,G1R,94161,6,8.2,1,1
C013631,26.82,Genie,Montreal,H4L,64733,9,25.4,0,0
C012321,29.03,Arts et lettres,Montreal,H4L,53633,12,4.0,1,1
C011040,24.96,Sciences sociales,Capitale-Nationale,G3A,99999,4,17.4,0,0
C009015,31.33,Sciences,Gaspesie-Iles-de-la-Madeleine,G5C,28800,9,268.8,1,1
C008663,34.97,Sciences,Cote-Nord,G4R,66377,11,199.4,1,1
C009221,20.9,Arts et lettres,Bas-Saint-Laurent,G0L,60068,13,120.1,1,0
C001239,27.75,Sante,Cote-Nord,G4R,57247,15,164.4,1,0
C002716,22.84,Genie,Bas-Saint-Laurent,G5L,54022,13,281.3,0,0
C001072,27.09,Sante,Montreal,H1A,86419,8,41.6,0,0
C012323,27.81,Genie,Capitale-Nationale,G2E,100795,13,27.1,0,0
C005281,28.62,Sante,Montreal,H1A,66325,18,11.2,0,1
C003133,30.13,Sante,Capitale-Nationale,G3A,60081,8,8.7,0,0
C009596,26.5,Sciences sociales,Capitale-Nationale,G3A,63050,7,27.9,1,0
C013105,35.12,Genie,Montreal,H3T,55858,11,10.7,1,1
C009160,26.25,Sante,Montreal,H2X,55765,13,11.9,1,0
C010711,26.77,Sante,Montreal,H8N,127008,4,28.5,0,0
C001784,27.72,Genie,Gaspesie-Iles-de-la-Madeleine,G0C,19913,21,189.0,1,0
C001965,30.32,Genie,Montreal,H3T,79611,9,6.0,0,1
C013437,28.35,Genie,Montreal,H3T,76154,11,14.1,0,1
C011646,25.49,Genie,Capitale-Nationale,G1R,78275,7,16.6,1,0
C011983,23.62,Sante,Montreal,H3T,44963,9,10.4,0,0
C008281,27.28,Genie,Cote-Nord,G4R,46156,20,131.7,0,0
C010685,30.3,Arts et lettres,Gaspesie-Iles-de-la-Madeleine,G5C,75314,17,205.1,0,1
C000736,30.0,Sciences,Montreal,H4L,100586,9,17.0,0,1
C002658,28.75,Genie,Capitale-Nationale,G3A,58883,9,7.5,1,0
C009073,23.49,Sante,Gaspesie-Iles-de-la-Madeleine,G0C,111372,14,247.0,0,0
C006776,27.87,Genie,Montreal,H3T,111909,7,41.8,0,0
C001919,22.8,Arts et lettres,Cote-Nord,G0G,47376,7,244.3,0,0
C004488,27.42,Genie,Montreal,H3T,111226,14,12.7,0,1
C012485,31.71,Sciences,Montreal,H4L,124354,7,59.5,0,1
C005699,22.44,Sciences sociales,Montreal,H4L,51139,9,10.9,0,0
C001648,22.62,Sciences sociales,Montreal,H1A,143616,9,47.5,0,0
C013706,24.82,Sante,Cote-Nord,G0G,60806,18,382.9,0,0
C005064,26.35,Sante,Gaspesie-Iles-de-la-Madeleine,G0C,59910,18,171.2,1,0
C006441,30.18,Arts et lettres,Capitale-Nationale,G3A,87061,11,19.9,0,1
C009084,27.75,Sciences,Montreal,H1A,60641,9,33.9,0,1
C000710,26.54,Sciences sociales,Montreal,H2X,87032,8,31.9,0,0
C007666,32.38,Sciences,Gaspesie-Iles-de-la-Madeleine,G0C,88741,17,246.9,0,1
C003664,25.75,Sciences,Montreal,H3T,57085,6,34.7,0,0
C006883,29.71,Sciences sociales,Montreal,H4L,115302,8,13.8,0,1
C001631,24.89,Genie,Capitale-Nationale,G3A,58496,18,24.6,1,0
C010313,30.17,Sciences sociales,Gaspesie-Iles-de-la-Madeleine,G0C,43681,13,102.7,0,1
C012491,29.48,Genie,Montreal,H8N,40483,8,16.4,1,0
C004584,29.54,Sante,Montreal,H8N,147924,8,22.2,0,1
C007011,22.51,Sciences,Capitale-Nationale,G1R,64078,11,27.6,0,0
C007893,31.72,Arts et lettres,Gaspesie-Iles-de-la-Madeleine,G0C,28812,11,384.5,1,0
C010222,27.16,Sciences,Montreal,H1A,50711,6,1.9,0,0
C005717,24.46,Sciences,Montreal,H2X,87713,6,22.5,1,0
C001693,26.08,Sciences sociales,Gaspesie-Iles-de-la-Madeleine,G0C,56443,8,182.6,0,0
C013993,27.38,Sante,Gaspesie-Iles-de-la-Madeleine,G5C,52162,6,176.2,0,0
C005325,30.7,Sante,Montreal,H3T,101447,9,31.9,1,1
C004700,31.56,Sciences sociales,Montreal,H3T,163379,7,24.8,1,1
C011183,25.56,Sciences sociales,Gaspesie-Iles-de-la-Madeleine,G4X,71527,9,93.8,1,0
C011698,26.44,Sante,Cote-Nord,G0G,41943,15,238.6,0,0
C008874,32.34,Sante,Capitale-Nationale,G2E,55134,7,44.0,0,1
C004613,23.83,Genie,Montreal,H1A,67170,10,16.5,1,0
C011838,28.77,Sciences,Montreal,H8N,43605,7,25.9,0,0
C012084,28.43,Sante,Bas-Saint-Laurent,G5N,38945,16,187.5,0,1
C013707,26.26,Genie,Bas-Saint-Laurent,G5L,87092,16,186.6,1,0
C011278,28.42,Genie,Capitale-Nationale,G3A,118900,10,34.8,0,0
C006333,29.54,Sante,Montreal,H4L,46741,12,3.1,1,1
C005863,24.23,Sciences,Bas-Saint-Laurent,G5N,55571,15,314.1,1,0
C002850,29.82,Sciences sociales,Bas-Saint-Laurent,G5L,23216,14,159.1,1,0
C006138,29.59,Sante,Montreal,H8N,134562,10,30.5,0,1
C013691,23.91,Arts et lettres,Bas-Saint-Laurent,G5N,39644,19,313.3,1,0
C012564,28.0,Sciences sociales,Montreal,H1A,40474,11,23.8,0,0
C000345,27.85,Sante,Montreal,H2X,84739,9,6.8,1,0
C000400,30.54,Sciences,Gaspesie-Iles-de-la-Madeleine,G5C,16728,13,92.4,1,1
C000953,26.66,Sciences,Montreal,H2X,91966,8,11.8,0,0
C004528,20.71,Sciences,Cote-Nord,G5B,39328,14,173.0,0,0
C005713,25.35,Sciences sociales,Capitale-Nationale,G1R,66935,8,10.1,0,0
C006688,33.21,Sante,Montreal,H2X,38646,15,23.1,1,1
C001489,26.02,Sante,Montreal,H1A,47874,9,30.6,0,0
C002915,27.59,Arts et lettres,Montreal,H2X,105790,5,24.7,0,0
C009455,33.25,Sciences,Cote-Nord,G4R,65362,15,224.1,0,1
C004074,29.44,Sciences,Montreal,H3T,82747,10,17.7,0,1
C002651,28.15,Genie,Gaspesie-Iles-de-la-Madeleine,G4X,74551,15,81.5,1,1
C003118,29.72,Sante,Cote-Nord,G4R,33149,19,322.7,1,1
C001626,28.63,Sciences,Montreal,H1A,144994,8,15.9,0,1
C003335,26.51,Sciences sociales,Bas-Saint-Laurent,G0L,138386,9,348.6,1,0
C003986,26.51,Arts et lettres,Bas-Saint-Laurent,G5N,40348,10,40.5,1,0
C013265,33.28,Sciences,Montreal,H3T,67739,1,32.5,0,1
C001105,30.65,Genie,Capitale-Nationale,G2E,45875,10,10.2,0,0
C005536,23.97,Sciences sociales,Montreal,H8N,51064,5,6.0,0,0
C004356,25.87,Sante,Montreal,H1A,54636,6,7.6,0,0
C007264,24.43,Sante,Cote-Nord,G4R,34421,15,131.2,0,0
C010247,30.59,Sciences,Bas-Saint-Laurent,G0L,55530,11,70.3,0,1
C003140,27.08,Sciences sociales,Capitale-Nationale,G3A,141311,13,33.3,0,1
C006177,26.55,Genie,Capitale-Nationale,G1V,106294,9,3.4,0,0
C003853,28.83,Sciences,Montreal,H1A,67919,8,18.9,0,1
C007997,24.0,Sciences,Capitale-Nationale,G2E,80598,10,31.5,0,0
C001042,24.34,Arts et lettres,Cote-Nord,G4R,34665,13,166.4,1,0
C004325,27.07,Sciences sociales,Montreal,H8N,109191,8,20.7,0,0
C011981,28.03,Genie,Capitale-Nationale,G2E,136532,5,9.9,0,0
C003765,29.71,Genie,Montreal,H2X,70612,9,4.3,0,1
C003080,30.59,Sante,Cote-Nord,G0G,83002,13,205.3,0,1
C000731,27.78,Sciences sociales,Gaspesie-Iles-de-la-Madeleine,G5C,57019,9,214.8,0,0
C011258,30.11,Genie,Montreal,H4L,203589,11,39.6,1,1
C008416,26.2,Arts et lettres,Montreal,H1A,44376,7,4.1,0,0
C001254,31.84,Sante,Bas-Saint-Laurent,G0L,51127,15,78.3,0,1
C001836,25.56,Arts et lettres,Montreal,H4L,66868,14,25.7,0,0
C010871,22.96,Sciences,Capitale-Nationale,G1R,70589,12,1.8,0,0
C003489,28.88,Sciences sociales,Gaspesie-Iles-de-la-Madeleine,G5C,34482,14,102.2,0,0
C009995,32.41,Sante,Montreal,H3T,122959,7,22.8,0,1
C000782,29.73,Sciences,Bas-Saint-Laurent,G5L,72251,17,382.2,1,1
C009906,21.96,Sciences,Montreal,H1A,67645,7,40.2,0,0
C004660,26.26,Sciences sociales,Capitale-Nationale,G2E,35730,6,19.9,0,0
C002701,27.68,Arts et lettres,Cote-Nord,G0G,71982,8,69.0,0,0
C012339,24.98,Sciences sociales,Capitale-Nationale,G1R,77093,11,3.1,0,0
C007845,28.15,Arts et lettres,Montreal,H3T,110394,7,13.7,0,1
C009789,28.12,Sciences sociales,Bas-Saint-Laurent,G5L,40596,12,125.3,0,0
C011116,31.22,Sciences sociales,Montreal,H8N,44735,9,20.7,1,1
C010779,25.4,Genie,Bas-Saint-Laurent,G5L,45753,15,480.8,1,0
C013539,21.31,Sciences sociales,Montreal,H2X,74364,6,13.2,0,0
C006754,30.31,Genie,Montreal,H2X,156739,10,12.6,0,1
C004240,24.08,Genie,Montreal,H1A,77297,6,49.5,0,0
C003823,23.67,Arts et lettres,Montreal,H3T,48625,10,10.3,0,0
C010252,28.84,Genie,Montreal,H2X,62532,10,21.9,0,1
C013275,24.76,Sciences sociales,Montreal,H2X,56949,12,30.9,0,0
C011274,22.46,Genie,Montreal,H3T,76539,10,6.7,1,0
C009859,34.08,Sciences sociales,Montreal,H4L,80590,4,10.3,0,1
C009822,29.27,Arts et lettres,Capitale-Nationale,G1V,120124,4,19.8,0,1
C002754,22.89,Sciences sociales,Bas-Saint-Laurent,G5L,68023,18,91.4,0,0
C013342,33.91,Arts et lettres,Montreal,H4L,117148,14,51.6,1,1
C012435,29.18,Genie,Bas-Saint-Laurent,G5L,46777,17,395.6,1,0
C002417,22.63,Genie,Montreal,H1A,103093,9,4.5,0,0
C001530,31.25,Arts et lettres,Bas-Saint-Laurent,G5L,87572,10,201.1,0,1
C009421,29.75,Sante,Cote-Nord,G0G,111001,10,135.4,1,1
C009359,25.21,Sciences,Cote-Nord,G5B,84370,14,260.0,0,0
C008278,21.19,Sciences sociales,Cote-Nord,G0G,34750,11,226.9,0,0
C009989,31.81,Sciences,Montreal,H4L,84399,6,18.4,0,1
C005287,29.63,Genie,Gaspesie-Iles-de-la-Madeleine,G5C,63947,13,123.9,1,0
C009609,28.86,Arts et lettres,Capitale-Nationale,G1V,59358,12,30.2,0,1
C006331,27.08,Sciences,Montreal,H3T,122303,10,30.5,0,0
C005186,28.79,Sante,Capitale-Nationale,G1R,86439,8,38.7,0,1
C003440,31.96,Sante,Montreal,H3T,46107,9,13.8,1,1
C007465,27.82,Sciences sociales,Cote-Nord,G0G,136741,18,232.5,0,0
C011346,28.85,Sciences sociales,Montreal,H4L,45624,8,20.8,0,1
C007108,32.73,Sciences,Gaspesie-Iles-de-la-Madeleine,G0C,58430,11,410.7,0,1
C009712,26.49,Sciences,Cote-Nord,G0G,100294,9,229.0,1,0
C000935,30.04,Sciences sociales,Cote-Nord,G0G,61917,18,123.7,0,1
C012586,25.97,Arts et lettres,Montreal,H4L,58569,10,9.6,0,0
C007761,26.26,Sciences,Montreal,H1A,77475,11,13.4,0,0
C003128,25.32,Sante,Capitale-Nationale,G2E,37268,9,7.2,0,0
C006016,24.93,Genie,Cote-Nord,G5B,60332,14,244.6,1,0
C008958,29.6,Sante,Capitale-Nationale,G3A,80694,14,16.2,0,1
C001065,27.41,Sciences,Capitale-Nationale,G2E,23552,8,46.2,0,0
C007653,26.93,Sante,Capitale-Nationale,G1V,66190,12,7.5,0,0
C006232,28.21,Sante,Bas-Saint-Laurent,G5L,59252,12,509.2,0,1
C013234,24.89,Arts et lettres,Montreal,H8N,177549,9,42.9,0,0
C005422,24.37,Sciences,Capitale-Nationale,G1V,39506,9,13.2,0,0
C013951,29.04,Sciences sociales,Montreal,H4L,72449,15,13.0,1,1
C004103,25.77,Sciences sociales,Montreal,H1A,30475,8,28.1,0,0
C010117,28.97,Sciences sociales,Cote-Nord,G0G,41065,19,95.4,1,0
C011260,28.96,Sante,Cote-Nord,G5B,20491,13,355.4,0,0
C007348,33.2,Genie,Montreal,H2X,122093,9,31.3,0,1
C002986,29.13,Genie,Montreal,H8N,112658,8,7.4,0,0
C010074,23.85,Genie,Montreal,H1A,51069,9,24.3,0,0
C001038,26.55,Genie,Montreal,H3T,48089,6,9.6,0,0
C005491,30.31,Arts et lettres,Montreal,H8N,133340,10,34.2,0,1
C004335,21.92,Sante,Montreal,H2X,143121,11,11.6,0,0
C011296,28.8,Sciences,Cote-Nord,G0G,67944,12,122.7,1,1
C013825,28.73,Sciences,Capitale-Nationale,G1V,44433,7,16.0,0,1
C010561,26.21,Sante,Capitale-Nationale,G3A,95927,13,29.3,0,0
C002690,31.73,Sante,Montreal,H8N,164842,9,3.4,0,1
C008544,26.86,Genie,Montreal,H8N,53938,5,23.5,0,0
C006941,29.71,Sciences,Bas-Saint-Laurent,G0L,69353,15,190.5,0,1
C010094,27.83,Arts et lettres,Montreal,H4L,71372,12,14.8,1,0
C007973,27.54,Genie,Bas-Saint-Laurent,G5N,36030,16,231.5,0,0
C008303,30.26,Genie,Montreal,H8N,44226,9,9.7,1,1
C011070,25.92,Sante,Montreal,H8N,102767,7,41.6,1,0
C002885,28.08,Genie,Montreal,H3T,116251,4,6.7,1,0
C006726,28.17,Genie,Montreal,H8N,116904,8,24.9,0,1
C009619,35.06,Sciences,Gaspesie-Iles-de-la-Madeleine,G0C,45032,8,376.6,1,1
C011467,31.84,Sciences sociales,Montreal,H2X,50597,7,1.0,0,1
C008383,35.72,Arts et lettres,Cote-Nord,G5B,46797,12,79.0,0,1
C001861,29.78,Arts et lettres,Montreal,H1A,46431,9,14.2,0,1
C011290,32.86,Sciences,Bas-Saint-Laurent,G0L,26555,14,155.9,0,1
C009910,28.83,Sciences,Gaspesie-Iles-de-la-Madeleine,G5C,64396,10,235.8,0,0
C012583,26.83,Sciences,Montreal,H2X,62385,12,32.7,0,1
C002525,29.59,Genie,Capitale-Nationale,G3A,114304,8,27.6,1,1
C013542,23.92,Arts et lettres,Montreal,H1A,50446,13,28.1,0,0
C002715,26.17,Sciences sociales,Cote-Nord,G0G,58270,13,297.8,0,0
C006725,25.22,Sante,Bas-Saint-Laurent,G5N,56463,11,207.2,1,0
C002432,32.25,Sciences,Cote-Nord,G0G,38959,13,129.1,1,1
C013204,24.03,Sciences sociales,Capitale-Nationale,G3A,68003,10,7.5,1,0
C004681,26.7,Genie,Gaspesie-Iles-de-la-Madeleine,G5C,42448,21,237.4,1,0
C005562,22.17,Sciences,Montreal,H2X,46694,9,35.1,0,0
C009954,23.2,Genie,Bas-Saint-Laurent,G0L,68216,14,79.4,0,0
C007843,28.81,Sciences,Gaspesie-Iles-de-la-Madeleine,G5C,36362,11,207.5,1,0
C007137,30.65,Genie,Montreal,H4L,38625,10,15.2,0,1
C000178,25.24,Sante,Montreal,H2X,169687,6,29.8,0,1
C012295,26.44,Sante,Montreal,H8N,53861,13,5.2,0,0
C007972,26.0,Arts et lettres,Montreal,H8N,45352,7,2.0,0,0
C009031,28.55,Sante,Capitale-Nationale,G3A,49143,7,43.8,0,0
C000409,26.4,Sciences sociales,Gaspesie-Iles-de-la-Madeleine,G4X,70853,17,190.5,0,0
C011554,22.56,Arts et lettres,Gaspesie-Iles-de-la-Madeleine,G4X,41496,8,214.7,0,0
C000494,25.92,Sante,Gaspesie-Iles-de-la-Madeleine,G0C,173063,10,249.1,1,0
C004451,22.81,Sante,Bas-Saint-Laurent,G5L,61198,11,197.7,0,0
C010303,28.02,Sciences,Capitale-Nationale,G2E,79292,7,24.8,0,0
C007663,27.3,Arts et lettres,Montreal,H3T,137221,6,10.6,1,1
C000783,28.63,Sciences sociales,Montreal,H3T,86546,10,35.6,0,1
C003478,21.33,Sciences sociales,Bas-Saint-Laurent,G0L,47128,23,227.9,0,0
C013122,27.89,Sante,Montreal,H8N,90101,11,6.4,0,1
C004190,28.99,Sante,Montreal,H3T,43753,11,35.4,0,1
C002634,29.18,Sante,Capitale-Nationale,G1V,78233,11,4.3,0,1
C011061,30.24,Genie,Capitale-Nationale,G2E,51784,12,25.0,1,1
C000136,30.32,Arts et lettres,Gaspesie-Iles-de-la-Madeleine,G0C,106014,10,291.5,1,1
C002959,28.95,Genie,Cote-Nord,G0G,38115,19,124.6,0,1
C011135,26.52,Genie,Montreal,H4L,170484,5,8.3,0,0
C007780,29.37,Sante,Montreal,H4L,76073,12,13.8,0,1
C010847,28.33,Sante,Montreal,H2X,73801,11,18.1,0,0
C013891,30.33,Sciences sociales,Bas-Saint-Laurent,G5N,22688,11,222.5,1,0
C007904,23.29,Sciences sociales,Montreal,H8N,45950,9,14.2,0,0
C006252,27.77,Sciences,Gaspesie-Iles-de-la-Madeleine,G4X,55518,10,337.4,0,0
C010616,29.13,Genie,Capitale-Nationale,G1V,134316,13,40.5,0,1
C000056,29.85,Sante,Gaspesie-Iles-de-la-Madeleine,G0C,44426,22,459.6,0,1
C007756,29.62,Arts et lettres,Bas-Saint-Laurent,G5L,52696,12,117.3,0,0
C001400,32.79,Genie,Montreal,H2X,135200,9,13.1,0,1
C001637,32.81,Sciences sociales,Montreal,H1A,19377,8,32.4,0,1
C010457,28.84,Sante,Cote-Nord,G0G,32780,8,50.2,0,0
C010901,28.86,Arts et lettres,Montreal,H3T,79142,6,31.8,0,1
C013243,28.58,Sciences,Montreal,H8N,68413,10,32.7,1,1
C001125,29.47,Arts et lettres,Montreal,H2X,49704,11,10.6,0,1
C003109,27.96,Arts et lettres,Montreal,H8N,78382,12,20.9,0,0
C005139,24.87,Genie,Montreal,H3T,94210,14,13.2,0,0
C004353,24.69,Sante,Montreal,H8N,42573,13,5.8,1,0
C002391,26.12,Sante,Montreal,H1A,63434,7,17.9,0,0
C009199,34.38,Genie,Montreal,H4L,69992,10,11.3,0,1
C003239,26.47,Arts et lettres,Montreal,H2X,67743,4,49.5,0,0
C000493,27.47,Genie,Montreal,H8N,70780,13,39.0,1,1
C000993,25.59,Arts et lettres,Capitale-Nationale,G1V,65870,6,63.4,0,0
C012081,26.28,Arts et lettres,Capitale-Nationale,G3A,44752,13,3.3,0,1
C012260,27.0,Sciences sociales,Montreal,H3T,70080,9,24.2,0,0
C002892,25.88,Arts et lettres,Cote-Nord,G5B,66055,17,178.4,0,0
C003863,26.29,Sante,Montreal,H3T,100004,8,3.0,0,0
C012215,25.32,Sciences,Capitale-Nationale,G1R,48336,6,6.2,0,0
C007328,28.38,Sciences,Gaspesie-Iles-de-la-Madeleine,G0C,114025,16,403.0,0,1
C001503,24.24,Sciences,Cote-Nord,G0G,51468,14,253.2,0,0
C009942,26.04,Genie,Montreal,H4L,118555,9,19.7,1,1
C002493,27.36,Sante,Cote-Nord,G5B,73542,14,70.8,1,0
C002958,29.06,Arts et lettres,Montreal,H1A,66035,19,5.8,0,1
C012735,25.4,Sciences,Bas-Saint-Laurent,G5N,25839,15,196.9,0,0
C004184,30.68,Arts et lettres,Bas-Saint-Laurent,G5L,71660,18,233.1,0,1
C010858,22.23,Sciences sociales,Capitale-Nationale,G2E,70099,6,7.8,0,0
C002309,25.07,Sciences sociales,Cote-Nord,G0G,99641,13,162.1,0,0
C011643,27.68,Sante,Capitale-Nationale,G1R,54315,8,16.7,1,1
C008079,24.16,Sciences,Montreal,H8N,51424,13,29.6,0,0
C012642,27.86,Sciences sociales,Capitale-Nationale,G1R,42729,6,12.9,0,0
C003637,23.14,Sciences,Gaspesie-Iles-de-la-Madeleine,G0C,56296,10,198.5,1,0
C007851,33.05,Genie,Bas-Saint-Laurent,G0L,17491,13,252.6,1,1
C009313,29.07,Sante,Cote-Nord,G0G,69103,14,222.2,1,0
C009093,25.75,Genie,Capitale-Nationale,G3A,39864,10,19.1,0,0
C008094,30.98,Arts et lettres,Capitale-Nationale,G2E,57570,13,22.6,0,1
C006678,28.18,Genie,Montreal,H3T,144702,8,9.6,0,1
C011078,25.27,Genie,Montreal,H4L,48140,11,20.2,1,0
C004691,26.27,Genie,Bas-Saint-Laurent,G5L,45476,17,332.0,0,0
C002239,23.88,Sciences,Cote-Nord,G4R,36462,11,171.6,0,0
C001653,32.93,Sante,Capitale-Nationale,G1V,120542,15,15.3,0,1
C001350,23.78,Sciences,Gaspesie-Iles-de-la-Madeleine,G4X,56944,21,161.8,1,0
C011379,23.99,Arts et lettres,Bas-Saint-Laurent,G0L,89507,18,197.1,1,0
C002330,31.6,Sciences,Capitale-Nationale,G2E,62167,6,29.8,1,1
C001876,22.58,Sciences sociales,Capitale-Nationale,G2E,39561,6,20.9,0,0
C013855,25.2,Sante,Cote-Nord,G0G,41630,14,277.9,1,0
C013907,28.53,Sciences,Cote-Nord,G4R,72434,13,167.6,1,1
C000461,26.16,Arts et lettres,Gaspesie-Iles-de-la-Madeleine,G5C,43713,11,278.0,0,0
C009846,22.55,Arts et lettres,Capitale-Nationale,G2E,85499,5,3.8,1,0
C003035,25.3,Arts et lettres,Cote-Nord,G4R,91661,14,366.4,0,0
C006347,28.5,Genie,Montreal,H2X,62898,7,11.2,0,1
C008947,25.8,Genie,Bas-Saint-Laurent,G5N,51750,15,182.6,1,0
C011415,27.62,Sante,Montreal,H3T,44677,10,22.6,1,0
C008493,28.13,Genie,Bas-Saint-Laurent,G5N,45659,12,128.2,1,0
C004529,36.19,Genie,Montreal,H3T,109669,14,37.9,1,1
C001501,28.36,Genie,Montreal,H1A,44024,12,19.2,0,0
C013325,26.62,Genie,Montreal,H4L,50438,11,14.9,0,0
C011306,28.95,Sciences,Bas-Saint-Laurent,G5L,138868,10,322.4,0,1
C013403,27.4,Sciences,Montreal,H2X,63770,11,5.3,1,1
C007699,29.16,Sciences sociales,Montreal,H4L,46511,8,13.2,0,0
C010050,25.45,Sante,Montreal,H8N,128530,6,26.1,1,0
C008239,33.34,Sante,Montreal,H4L,75693,11,12.6,1,1
C007678,25.87,Sciences,Gaspesie-Iles-de-la-Madeleine,G5C,44132,18,324.3,0,0
C001866,26.54,Sciences sociales,Montreal,H1A,39399,9,21.9,0,0
C001824,26.64,Genie,Montreal,H2X,48861,10,12.1,0,0
C011910,26.56,Genie,Montreal,H1A,74053,6,31.7,0,0
C001179,30.65,Sciences sociales,Montreal,H4L,62154,10,5.3,1,1
C013089,23.19,Arts et lettres,Gaspesie-Iles-de-la-Madeleine,G5C,62063,8,159.6,1,0
C000673,28.4,Sciences sociales,Bas-Saint-Laurent,G5L,44824,10,294.9,0,0
C004631,31.02,Genie,Capitale-Nationale,G1V,55268,3,8.9,1,1
C009319,28.25,Genie,Montreal,H3T,127035,8,4.4,0,1
C005592,26.87,Genie,Cote-Nord,G4R,60201,12,228.4,1,0
C006587,23.3,Genie,Montreal,H4L,53254,6,24.2,0,0
C006204,29.43,Arts et lettres,Gaspesie-Iles-de-la-Madeleine,G5C,42728,13,248.1,0,1
C013809,22.92,Genie,Gaspesie-Iles-de-la-Madeleine,G5C,47228,9,132.3,0,0
C005508,27.72,Arts et lettres,Montreal,H3T,101021,8,29.8,0,1
C012073,27.69,Sciences sociales,Montreal,H2X,35115,11,38.2,1,0
C013360,24.21,Sciences,Capitale-Nationale,G1V,87097,12,26.2,0,0
C012910,29.33,Sciences sociales,Cote-Nord,G4R,53905,15,342.2,0,1
C006981,27.1,Sante,Bas-Saint-Laurent,G5N,29825,9,253.5,1,0
C002370,29.82,Sciences sociales,Montreal,H3T,60779,5,17.4,0,0
C007840,23.96,Sciences,Montreal,H4L,24224,10,11.8,0,0
C011707,24.74,Sciences,Montreal,H8N,91566,12,6.9,1,0
C011121,31.98,Sciences,Montreal,H3T,77087,8,15.8,0,1
C002950,25.66,Sciences sociales,Capitale-Nationale,G2E,109455,9,39.9,0,0
C011566,28.85,Sciences sociales,Cote-Nord,G5B,44952,15,84.6,0,0
C010316,29.97,Genie,Montreal,H2X,97954,13,19.2,1,1
C006609,27.75,Genie,Montreal,H2X,93138,11,12.5,0,0
C010532,25.41,Sciences sociales,Montreal,H1A,43845,15,25.2,0,0
C002894,24.64,Sante,Bas-Saint-Laurent,G5N,90743,14,107.0,1,0
C001250,29.89,Arts et lettres,Cote-Nord,G5B,48400,12,192.6,0,1
C004281,23.27,Arts et lettres,Montreal,H2X,55955,11,28.8,1,0
C004069,28.45,Sciences,Capitale-Nationale,G1V,62587,8,3.7,0,0
C007095,34.76,Genie,Montreal,H2X,166172,11,6.2,0,1
C004987,27.56,Genie,Bas-Saint-Laurent,G0L,41412,10,259.2,1,0
C010286,24.79,Arts et lettres,Montreal,H4L,39987,7,15.1,1,0
C008037,32.4,Sciences,Montreal,H2X,69283,9,16.6,0,1
C012828,25.88,Sante,Gaspesie-Iles-de-la-Madeleine,G5C,72600,7,88.1,0,0
C010381,22.3,Arts et lettres,Montreal,H3T,160023,12,6.6,0,0
C003078,24.05,Genie,Montreal,H3T,78068,5,20.6,0,0
C012482,24.28,Arts et lettres,Gaspesie-Iles-de-la-Madeleine,G5C,56330,13,292.6,1,0
C011752,30.0,Sciences sociales,Gaspesie-Iles-de-la-Madeleine,G0C,40074,10,144.6,0,0
C002569,27.73,Genie,Gaspesie-Iles-de-la-Madeleine,G4X,47019,9,244.8,1,0
C012885,28.1,Genie,Cote-Nord,G4R,68694,15,90.2,1,1
C005684,23.39,Genie,Capitale-Nationale,G1R,84045,4,14.2,0,0
C010008,26.75,Genie,Capitale-Nationale,G3A,64080,11,10.3,0,0
C010584,32.87,Sante,Bas-Saint-Laurent,G5N,73492,10,348.9,0,1
C013498,27.01,Sciences,Capitale-Nationale,G1R,93960,9,4.7,0,0
C002185,26.46,Genie,Cote-Nord,G4R,59864,18,343.1,1,0
C007750,27.97,Sciences sociales,Montreal,H8N,35310,4,3.2,0,0
C010519,28.23,Sciences sociales,Gaspesie-Iles-de-la-Madeleine,G5C,61857,10,253.7,0,0
C001537,32.4,Genie,Montreal,H4L,57973,7,13.3,0,1
C004561,31.52,Sante,Capitale-Nationale,G1V,48626,9,25.4,0,1
C013471,30.55,Arts et lettres,Bas-Saint-Laurent,G5L,32918,14,142.5,0,1
C010733,27.2,Sciences,Montreal,H3T,64407,9,6.3,0,0
C000130,26.43,Sciences,Cote-Nord,G0G,41422,8,62.7,1,0
C009776,27.36,Sciences,Montreal,H1A,69039,5,18.0,1,0
C004756,33.95,Sciences sociales,Montreal,H1A,60422,10,15.9,0,1
C000634,29.88,Sciences,Montreal,H4L,25651,17,4.5,0,1
C012666,28.24,Genie,Montreal,H1A,50227,6,16.4,0,0
C010553,28.27,Sante,Montreal,H4L,53964,8,30.3,0,0
C006824,26.8,Sciences,Gaspesie-Iles-de-la-Madeleine,G4X,23388,12,516.9,0,0
C013883,26.96,Sciences sociales,Gaspesie-Iles-de-la-Madeleine,G0C,44450,14,483.3,0,0
C001593,29.37,Arts et lettres,Montreal,H1A,91752,11,19.1,0,1
C012088,23.18,Genie,Bas-Saint-Laurent,G5N,27848,13,76.4,1,0
C002219,31.55,Sciences sociales,Montreal,H8N,39202,7,15.3,1,1
C008080,24.17,Sciences,Capitale-Nationale,G1R,97934,13,27.8,0,0
C012797,26.74,Sciences sociales,Gaspesie-Iles-de-la-Madeleine,G5C,118265,13,195.5,1,0
C009649,29.58,Genie,Capitale-Nationale,G3A,67989,8,31.5,1,1
C011903,25.49,Genie,Gaspesie-Iles-de-la-Madeleine,G4X,53331,14,84.2,0,0
C010806,28.84,Sciences,Montreal,H3T,39672,10,13.2,0,1
C004429,27.48,Genie,Montreal,H3T,35279,14,14.4,0,0
C007637,29.84,Sante,Montreal,H4L,94072,7,10.3,0,1
C013621,27.31,Sciences,Capitale-Nationale,G2E,35887,6,5.7,1,0
C006161,29.38,Sciences sociales,Cote-Nord,G0G,28015,9,77.1,1,0
C013393,23.68,Sante,Montreal,H4L,76387,5,20.1,0,0
C005345,31.47,Sciences,Capitale-Nationale,G2E,80884,11,12.5,0,1
C003149,26.97,Sante,Capitale-Nationale,G1R,121120,5,8.5,0,0
C009793,30.19,Sciences sociales,Capitale-Nationale,G1V,35102,9,4.5,1,1
C001790,26.82,Sciences sociales,Montreal,H4L,25755,8,44.9,0,0
C005524,31.41,Genie,Montreal,H3T,67198,9,7.9,0,1
C008188,26.6,Sciences,Montreal,H4L,40067,15,11.7,1,0
C008981,25.8,Arts et lettres,Gaspesie-Iles-de-la-Madeleine,G5C,148591,7,389.2,0,0
C001386,26.1,Sciences sociales,Montreal,H2X,41551,9,29.0,0,0
C005381,28.41,Sciences sociales,Montreal,H3T,120390,8,6.2,1,0
C005979,28.48,Sciences,Montreal,H4L,70503,9,2.6,0,0
C012470,27.44,Sante,Capitale-Nationale,G1R,57416,11,16.3,0,1
C009678,32.88,Genie,Montreal,H3T,131488,11,12.5,0,1
C009080,30.35,Arts et lettres,Bas-Saint-Laurent,G5L,77450,12,243.0,1,0
C007859,27.95,Sante,Capitale-Nationale,G3A,38222,9,11.7,0,0
C000348,26.28,Sciences sociales,Montreal,H4L,39464,9,31.1,0,0
C012547,23.31,Sciences sociales,Gaspesie-Iles-de-la-Madeleine,G0C,30599,9,221.1,1,0
C000077,30.67,Genie,Montreal,H4L,81534,12,17.3,1,1
C005006,27.28,Genie,Capitale-Nationale,G1R,82166,8,10.1,0,0
C012566,29.44,Sciences,Montreal,H4L,162862,12,4.3,0,1
C010830,25.72,Sante,Montreal,H4L,75453,8,29.2,0,0
C008734,32.37,Genie,Montreal,H1A,54696,13,10.4,0,1
C003981,34.96,Sciences,Montreal,H1A,54032,8,12.2,0,1
C009560,27.54,Genie,Montreal,H1A,81131,10,27.0,0,1
C010088,29.23,Sciences sociales,Bas-Saint-Laurent,G5N,48761,23,238.8,0,1
C001339,23.06,Sciences sociales,Bas-Saint-Laurent,G0L,26387,13,102.1,1,0
C006581,27.47,Sciences sociales,Cote-Nord,G0G,46295,6,159.3,0,0
C000469,25.84,Sciences sociales,Capitale-Nationale,G2E,104366,9,36.5,0,0
C007362,24.41,Sciences sociales,Montreal,H1A,40574,5,15.5,0,0
C011664,31.59,Sante,Capitale-Nationale,G1V,69991,7,7.2,0,1
C003919,22.85,Arts et lettres,Capitale-Nationale,G1V,57573,13,39.3,0,0
C008540,27.58,Genie,Montreal,H4L,83596,11,22.5,0,0
C001017,29.83,Genie,Capitale-Nationale,G3A,97680,7,9.6,0,1
C001183,24.4,Arts et lettres,Bas-Saint-Laurent,G5L,61754,10,104.3,1,0
C005728,31.84,Genie,Cote-Nord,G0G,44807,15,93.6,0,1
C013332,27.1,Genie,Montreal,H1A,76996,12,30.5,0,0
C002341,31.24,Sante,Montreal,H3T,116185,5,15.9,0,1
C010053,26.83,Sciences,Montreal,H2X,86517,13,26.6,0,0
C001112,30.69,Sciences sociales,Montreal,H2X,66145,15,23.7,0,1
C004146,28.91,Sciences,Montreal,H2X,100271,14,11.8,0,1
C000625,22.01,Sante,Bas-Saint-Laurent,G5N,43203,18,114.4,1,0
C001205,27.16,Sciences sociales,Capitale-Nationale,G1R,94004,8,10.7,1,0
C001217,26.51,Genie,Montreal,H4L,49486,10,3.6,1,0
C000211,28.2,Genie,Montreal,H4L,61880,9,42.1,0,1
C000660,30.62,Sante,Montreal,H1A,28312,5,7.8,0,1
C005040,31.41,Genie,Capitale-Nationale,G1R,86226,7,15.4,0,1
C013990,25.73,Sciences,Montreal,H1A,101665,13,29.7,1,0
C011866,25.08,Sciences sociales,Capitale-Nationale,G1R,34746,9,34.0,0,0
C001051,31.85,Sciences,Montreal,H3T,49126,12,3.0,0,1
C012981,22.39,Sciences,Montreal,H2X,128108,6,41.0,0,0
C005943,30.46,Genie,Capitale-Nationale,G1V,52381,6,7.3,0,1
C006786,33.82,Arts et lettres,Bas-Saint-Laurent,G5L,28275,8,173.2,0,1
C006617,26.79,Sciences,Bas-Saint-Laurent,G5N,62839,16,220.8,1,0
C000166,29.52,Sciences sociales,Bas-Saint-Laurent,G5L,91890,13,166.2,0,0
C001216,29.32,Sante,Montreal,H1A,59358,9,6.6,1,1
C001666,20.36,Sante,Montreal,H3T,74457,10,46.9,1,0
C005546,29.06,Sciences sociales,Gaspesie-Iles-de-la-Madeleine,G5C,37670,8,140.9,0,0
C002155,27.43,Sante,Montreal,H2X,80555,11,33.4,0,0
C008495,26.61,Sciences,Bas-Saint-Laurent,G5N,86952,17,84.6,1,1
C006042,29.95,Sciences,Montreal,H8N,99437,6,18.0,0,1
C007429,29.33,Arts et lettres,Montreal,H3T,60963,12,19.5,1,1
C000555,30.79,Sante,Montreal,H2X,72575,17,4.0,0,1
C008195,24.52,Sante,Capitale-Nationale,G2E,59176,14,6.1,1,0
C008327,28.55,Sciences,Bas-Saint-Laurent,G5N,71952,14,56.2,1,0
C007752,26.3,Sante,Montreal,H4L,76406,4,3.0,0,0
C006831,31.52,Sciences,Gaspesie-Iles-de-la-Madeleine,G0C,60692,14,203.5,0,1
C006332,23.73,Sciences,Montreal,H3T,50238,15,6.0,0,0
C011153,29.15,Sciences sociales,Gaspesie-Iles-de-la-Madeleine,G0C,44641,13,87.7,1,1
C001236,24.97,Arts et lettres,Montreal,H8N,60309,6,6.6,1,0
C002652,25.94,Genie,Montreal,H4L,72871,5,7.2,0,0
C012383,25.93,Arts et lettres,Montreal,H4L,48453,7,14.1,0,0
C011665,28.95,Genie,Montreal,H3T,58209,9,15.2,0,1
C011610,28.73,Sante,Montreal,H8N,62918,6,8.3,0,0
C006952,29.08,Sciences sociales,Bas-Saint-Laurent,G5N,86715,15,213.2,0,1
C003524,26.69,Arts et lettres,Montreal,H1A,31039,7,17.7,0,0
C011145,26.3,Sciences sociales,Capitale-Nationale,G2E,138000,8,33.9,1,0
C012143,26.3,Sante,Gaspesie-Iles-de-la-Madeleine,G4X,62499,14,162.0,1,0
C011693,24.51,Genie,Bas-Saint-Laurent,G0L,36535,13,133.2,0,0
C003352,27.94,Genie,Cote-Nord,G5B,43689,12,269.2,1,0
C003596,27.9,Arts et lettres,Cote-Nord,G5B,37899,24,71.6,0,0
C008890,29.43,Sante,Bas-Saint-Laurent,G5L,54344,14,110.9,1,0
C013962,27.58,Sciences sociales,Bas-Saint-Laurent,G0L,40841,9,156.5,1,0
C006118,25.56,Arts et lettres,Cote-Nord,G0G,23901,13,389.0,0,0
C011532,28.96,Genie,Gaspesie-Iles-de-la-Madeleine,G0C,25994,11,314.3,0,0
C013169,26.33,Sciences sociales,Gaspesie-Iles-de-la-Madeleine,G0C,23084,14,181.5,0,0
C009971,25.54,Genie,Cote-Nord,G4R,34376,12,195.5,1,0
C011669,29.35,Arts et lettres,Montreal,H1A,291491,10,46.3,0,1
C010749,29.92,Sciences,Bas-Saint-Laurent,G0L,48686,11,133.9,0,1
C006573,26.9,Sante,Gaspesie-Iles-de-la-Madeleine,G0C,86526,10,165.9,1,0
C001446,27.3,Sciences sociales,Capitale-Nationale,G2E,117222,6,18.3,0,0
C005243,27.07,Genie,Gaspesie-Iles-de-la-Madeleine,G4X,42578,13,123.7,1,0
C012258,25.08,Arts et lettres,Gaspesie-Iles-de-la-Madeleine,G0C,52311,15,204.4,1,0
C008537,31.62,Sciences sociales,Montreal,H1A,82599,10,8.8,0,1
C003941,27.68,Arts et lettres,Montreal,H8N,33784,8,11.8,0,0
C013686,25.24,Arts et lettres,Capitale-Nationale,G1V,66211,7,25.3,0,0
C013523,30.19,Genie,Capitale-Nationale,G2E,97426,13,14.3,1,1
C004502,25.5,Genie,Montreal,H4L,57972,10,5.0,1,0
C001243,30.15,Sciences sociales,Cote-Nord,G5B,19004,12,114.8,1,0
C000532,24.58,Sante,Montreal,H3T,47454,5,18.7,0,0
C003962,26.54,Sciences,Montreal,H3T,81608,6,25.1,0,0
C012038,31.97,Genie,Gaspesie-Iles-de-la-Madeleine,G5C,68670,14,73.6,0,1
C013521,28.36,Genie,Cote-Nord,G4R,33841,19,222.6,0,1
C002793,27.11,Genie,Montreal,H3T,61621,14,31.4,1,0
C007839,31.72,Sciences,Cote-Nord,G5B,70995,18,202.0,1,1
C001323,28.11,Arts et lettres,Montreal,H1A,62676,8,19.6,0,0
C008350,28.65,Sante,Montreal,H3T,38644,13,21.4,0,1
C003433,23.17,Arts et lettres,Montreal,H3T,41778,6,1.0,0,0
C009589,29.07,Sante,Gaspesie-Iles-de-la-Madeleine,G4X,48534,13,62.1,1,0
C010764,20.45,Sciences sociales,Montreal,H8N,55450,7,14.6,0,0
C007114,27.16,Sante,Montreal,H4L,80870,6,0.3,1,0
C009512,32.08,Sciences sociales,Cote-Nord,G0G,69356,8,395.1,0,1
C007047,32.59,Arts et lettres,Capitale-Nationale,G1V,24390,10,11.7,0,1
C001461,26.84,Sciences,Capitale-Nationale,G1R,163521,4,8.5,0,0
C006887,27.7,Sciences,Bas-Saint-Laurent,G0L,45381,18,111.4,0,0
C008777,26.77,Sciences,Montreal,H1A,59116,10,19.5,0,0
C013113,28.0,Arts et lettres,Montreal,H2X,35358,9,49.7,0,0
C007695,30.23,Sciences,Gaspesie-Iles-de-la-Madeleine,G0C,39783,8,83.2,0,1
C001878,29.81,Sciences,Montreal,H1A,79480,8,5.0,0,1
C013700,23.75,Genie,Montreal,H3T,97982,7,4.7,1,0
C006561,24.43,Arts et lettres,Gaspesie-Iles-de-la-Madeleine,G0C,64795,19,117.4,1,0
C009284,24.3,Genie,Montreal,H2X,64125,13,11.6,1,0
C001005,33.73,Arts et lettres,Montreal,H2X,70515,15,15.8,1,1
C001745,28.63,Genie,Bas-Saint-Laurent,G0L,44590,9,269.2,1,0
C011993,32.28,Sante,Montreal,H3T,79556,7,80.0,0,1
C006418,22.99,Arts et lettres,Bas-Saint-Laurent,G5N,42153,15,230.6,1,0
C004826,25.26,Sciences sociales,Gaspesie-Iles-de-la-Madeleine,G5C,61075,12,128.0,0,0
C007318,25.18,Arts et lettres,Cote-Nord,G4R,81289,5,201.1,0,0
C005890,30.77,Sciences,Montreal,H8N,47441,8,17.8,0,1
C008788,28.47,Sante,Capitale-Nationale,G2E,99215,6,20.7,0,1
C007273,29.15,Sante,Gaspesie-Iles-de-la-Madeleine,G0C,43306,22,120.9,0,1
C003130,24.36,Genie,Montreal,H3T,65816,9,29.0,0,0
C005165,30.15,Genie,Capitale-Nationale,G1V,51062,13,10.6,1,1
C013793,26.57,Genie,Capitale-Nationale,G3A,72936,10,23.8,0,0
C012302,24.04,Sciences,Capitale-Nationale,G1V,56281,11,4.7,0,0
C008075,22.23,Sciences sociales,Montreal,H1A,67397,17,41.5,1,0
C001979,26.98,Sante,Cote-Nord,G4R,75142,15,85.3,0,1
C012548,24.91,Genie,Montreal,H3T,76996,10,37.1,0,0
C005883,31.17,Genie,Bas-Saint-Laurent,G5N,22968,14,212.9,0,0
C005466,27.43,Arts et lettres,Montreal,H4L,31720,10,35.2,0,0
C004593,29.25,Sciences,Montreal,H1A,83053,14,20.7,0,1
C006583,31.63,Arts et lettres,Capitale-Nationale,G3A,62238,15,12.2,1,1
C011224,30.85,Genie,Montreal,H3T,44138,10,34.3,0,1
C005385,27.55,Sciences sociales,Montreal,H2X,78093,9,10.8,0,0
C007290,29.97,Sciences,Cote-Nord,G5B,70707,14,263.6,0,1
C007910,30.97,Sante,Cote-Nord,G5B,53164,7,148.9,1,0
C006847,27.56,Genie,Gaspesie-Iles-de-la-Madeleine,G0C,56318,16,261.7,1,0
C001699,29.07,Arts et lettres,Gaspesie-Iles-de-la-Madeleine,G0C,52699,14,296.5,0,0
C013444,30.1,Arts et lettres,Cote-Nord,G0G,44519,14,464.8,0,1
C003474,29.72,Sciences,Montreal,H3T,76109,6,31.6,0,1
C000618,22.23,Sante,Bas-Saint-Laurent,G0L,39381,13,272.4,1,0
C007141,22.33,Genie,Gaspesie-Iles-de-la-Madeleine,G4X,37904,16,349.0,0,0
C013266,27.94,Genie,Cote-Nord,G4R,56724,12,229.4,0,0
C002106,20.3,Arts et lettres,Bas-Saint-Laurent,G5L,49169,8,193.4,0,0
C012953,27.63,Sciences sociales,Montreal,H2X,98221,7,6.9,0,0
C008234,26.04,Sciences,Gaspesie-Iles-de-la-Madeleine,G5C,80262,10,213.4,1,0
C013571,29.03,Sciences sociales,Montreal,H4L,45867,4,12.6,0,0
C011019,23.07,Sciences,Montreal,H1A,58842,7,37.2,1,0
C000171,30.47,Genie,Gaspesie-Iles-de-la-Madeleine,G0C,90407,14,291.1,0,1
C011261,28.04,Sciences sociales,Montreal,H4L,49848,12,2.6,0,1
C002859,30.74,Sciences,Gaspesie-Iles-de-la-Madeleine,G4X,46738,15,136.4,0,1
C006098,33.39,Genie,Montreal,H1A,221655,8,16.0,0,1
C001712,27.47,Genie,Cote-Nord,G4R,67442,17,136.3,0,0
C007029,29.85,Arts et lettres,Montreal,H2X,95922,12,4.3,0,1
C003965,29.63,Sciences sociales,Montreal,H8N,93454,8,32.4,0,1
C000533,31.04,Sciences,Cote-Nord,G5B,39717,9,235.5,0,0
C013023,28.14,Genie,Montreal,H1A,89344,14,17.6,1,1
C008045,24.81,Genie,Capitale-Nationale,G2E,48952,8,46.2,1,0
C006323,29.65,Sciences,Montreal,H3T,109495,15,42.7,0,1
C009155,27.32,Arts et lettres,Montreal,H4L,60671,9,23.6,0,0
C005847,24.92,Genie,Montreal,H3T,49629,12,12.8,1,0
C007627,24.33,Genie,Capitale-Nationale,G1V,58379,5,24.9,0,0
C009303,22.77,Sciences,Cote-Nord,G5B,58895,14,365.4,1,0
C009783,28.43,Arts et lettres,Montreal,H1A,107661,8,16.5,0,1
C005520,28.8,Sciences,Montreal,H1A,82130,6,14.6,0,1
C012325,28.1,Sciences sociales,Capitale-Nationale,G1R,116520,10,2.6,1,1
C005261,25.44,Sciences sociales,Cote-Nord,G4R,116706,18,265.1,0,0
C001721,26.06,Sciences,Gaspesie-Iles-de-la-Madeleine,G4X,40186,9,141.6,1,0
C000499,27.4,Sciences,Montreal,H8N,23659,12,2.6,0,0
C003429,22.84,Sante,Montreal,H3T,90550,10,15.0,0,0
C005674,31.14,Genie,Bas-Saint-Laurent,G5L,163920,9,114.2,0,1
C013558,26.65,Sante,Capitale-Nationale,G1R,139028,10,21.6,0,0
C011276,29.42,Genie,Capitale-Nationale,G1R,66260,14,0.9,0,1
C001669,31.68,Genie,Montreal,H8N,45982,7,14.9,1,1
C003748,23.12,Sciences,Bas-Saint-Laurent,G0L,68691,11,182.3,1,0
C011792,20.52,Sciences,Capitale-Nationale,G3A,42587,5,52.5,1,0
C004421,25.99,Arts et lettres,Montreal,H2X,166948,12,13.0,0,0
C012388,27.06,Genie,Montreal,H8N,58083,10,23.3,1,0
C002022,31.83,Arts et lettres,Cote-Nord,G0G,70908,20,123.1,0,0
C001949,29.55,Sciences sociales,Montreal,H1A,89905,16,11.5,0,1
C004994,32.5,Sante,Capitale-Nationale,G3A,61715,11,51.2,0,1
C006281,28.59,Genie,Cote-Nord,G5B,56507,13,398.7,1,0
C012736,26.46,Sciences sociales,Montreal,H4L,63298,9,5.5,1,0
C007048,24.35,Arts et lettres,Montreal,H4L,60350,7,11.3,0,0
C002626,21.79,Sciences,Cote-Nord,G0G,47332,11,224.3,0,0
C012506,30.75,Genie,Montreal,H4L,61871,7,13.5,0,1
C013673,32.2,Sante,Capitale-Nationale,G2E,86929,12,69.0,0,1
C008186,26.39,Genie,Montreal,H2X,113673,9,25.1,0,0
C013804,27.78,Sciences,Montreal,H1A,76551,7,14.1,1,0
C003202,35.18,Sante,Capitale-Nationale,G3A,36787,11,5.1,0,1
C004352,25.72,Sciences sociales,Gaspesie-Iles-de-la-Madeleine,G0C,72319,19,180.3,0,0
C008682,22.92,Sciences sociales,Capitale-Nationale,G1V,78361,7,2.4,0,0
C010507,28.13,Genie,Capitale-Nationale,G2E,92250,12,52.9,0,1
C009316,29.16,Sciences,Montreal,H1A,51172,13,12.4,0,1
C000366,24.32,Sciences sociales,Montreal,H8N,71001,10,22.2,0,0
C004486,28.65,Sciences sociales,Montreal,H4L,134416,11,13.3,0,1
C004391,26.12,Genie,Capitale-Nationale,G1V,68198,9,15.6,0,0
C008546,27.35,Sciences,Cote-Nord,G4R,43697,15,212.6,0,0
C001755,32.37,Sciences sociales,Capitale-Nationale,G1R,155110,5,19.7,0,1
C004369,24.51,Genie,Cote-Nord,G5B,50939,12,136.9,0,0
C010212,29.45,Sciences,Capitale-Nationale,G2E,92351,5,46.0,0,0
C003502,28.61,Genie,Capitale-Nationale,G1R,33197,13,36.2,0,0
C005993,21.86,Genie,Montreal,H2X,41111,7,9.7,0,0
C005603,29.02,Arts et lettres,Gaspesie-Iles-de-la-Madeleine,G5C,119537,11,101.2,0,0
C001188,25.5,Genie,Montreal,H8N,42308,10,5.6,0,0
C005804,31.99,Sciences,Cote-Nord,G5B,25643,13,445.2,0,1
C001190,27.37,Arts et lettres,Montreal,H4L,217523,8,17.7,0,0
C001957,26.9,Genie,Cote-Nord,G5B,25150,18,244.8,1,1
C007408,32.99,Genie,Bas-Saint-Laurent,G5L,71293,16,248.7,0,1
C010324,29.36,Genie,Montreal,H8N,57628,12,4.4,0,1
C003178,27.9,Sante,Bas-Saint-Laurent,G5N,28785,17,231.5,1,1
C005532,27.36,Arts et lettres,Capitale-Nationale,G3A,76880,5,44.4,0,0
C003733,31.2,Genie,Montreal,H2X,29574,9,25.3,0,1
C006346,25.12,Sciences,Capitale-Nationale,G1V,63492,12,7.7,1,0
C004655,32.77,Sciences,Montreal,H8N,50748,10,10.8,0,1
C011259,34.28,Sciences,Gaspesie-Iles-de-la-Madeleine,G4X,61580,14,125.2,1,1
C012780,25.05,Arts et lettres,Capitale-Nationale,G2E,66640,8,23.1,1,0
C006249,29.68,Genie,Capitale-Nationale,G3A,49492,12,20.2,0,1
C002360,28.8,Sante,Montreal,H8N,40296,7,7.7,1,0
C007567,24.92,Arts et lettres,Montreal,H2X,81793,15,16.8,0,0
C006206,28.73,Sante,Gaspesie-Iles-de-la-Madeleine,G0C,27702,17,116.5,0,1
C013651,31.12,Genie,Montreal,H4L,101841,7,21.4,0,1
C008766,24.86,Sciences,Bas-Saint-Laurent,G0L,64918,17,209.3,1,0
C007218,26.5,Sciences sociales,Montreal,H3T,78003,6,9.4,0,0
C009627,27.79,Arts et lettres,Bas-Saint-Laurent,G5L,38220,21,248.3,0,0
C000103,29.24,Arts et lettres,Montreal,H2X,79058,10,37.7,1,1
C009927,29.55,Sciences,Montreal,H3T,103631,15,4.6,1,1
C012169,26.57,Sciences,Bas-Saint-Laurent,G5L,52241,7,421.9,1,0
C011399,23.15,Sciences,Capitale-Nationale,G1V,97214,9,4.3,0,0
C013460,23.45,Sante,Montreal,H1A,240247,8,18.7,1,0
C004247,26.84,Arts et lettres,Montreal,H4L,49826,14,15.6,0,0
C007737,31.26,Sante,Montreal,H4L,62735,10,8.9,1,1
C012219,23.65,Sciences sociales,Montreal,H8N,65765,11,20.8,1,0
C010026,25.78,Genie,Bas-Saint-Laurent,G5N,27554,11,210.1,0,0
C011457,26.52,Sciences sociales,Gaspesie-Iles-de-la-Madeleine,G0C,82556,22,242.7,0,0
C000363,24.14,Sciences sociales,Montreal,H1A,172550,10,20.0,0,0
C006925,26.11,Sciences sociales,Montreal,H1A,55590,14,17.5,0,0
C001285,29.53,Arts et lettres,Montreal,H8N,103318,9,9.5,1,1
C013401,30.78,Sciences sociales,Capitale-Nationale,G1R,94993,9,28.1,0,1
C007251,26.38,Sciences,Montreal,H2X,47872,5,29.5,1,0
C005311,30.4,Sciences,Capitale-Nationale,G2E,57826,6,21.8,1,1
C001547,29.39,Genie,Montreal,H3T,49328,16,15.1,0,1
C006502,25.56,Sante,Gaspesie-Iles-de-la-Madeleine,G4X,63327,14,145.1,1,0
C009555,26.3,Genie,Montreal,H4L,121388,9,25.7,1,0
C001476,30.23,Genie,Gaspesie-Iles-de-la-Madeleine,G4X,86621,12,71.5,0,1
C000908,25.88,Sante,Gaspesie-Iles-de-la-Madeleine,G5C,31527,12,153.1,0,0
C002753,27.08,Genie,Montreal,H4L,76318,8,38.0,1,0
C006706,27.38,Sciences,Cote-Nord,G5B,23659,11,279.3,1,0
C005923,24.48,Sciences,Montreal,H1A,103234,12,27.2,0,0
C002138,26.2,Genie,Gaspesie-Iles-de-la-Madeleine,G5C,16717,14,115.5,0,0
C002935,23.08,Sciences sociales,Gaspesie-Iles-de-la-Madeleine,G0C,43211,8,273.5,1,0
C007561,25.6,Sciences,Gaspesie-Iles-de-la-Madeleine,G5C,57217,10,157.5,0,0
C009853,24.59,Genie,Gaspesie-Iles-de-la-Madeleine,G0C,46888,10,136.9,1,0
C009924,28.29,Arts et lettres,Cote-Nord,G0G,49211,11,479.2,1,0
C001475,31.65,Sciences,Montreal,H4L,48673,14,15.3,0,1
C000777,24.78,Sciences,Bas-Saint-Laurent,G0L,57599,13,245.5,0,0
C004782,26.97,Sciences,Capitale-Nationale,G1V,138162,3,9.8,0,0
C010886,30.46,Sciences,Capitale-Nationale,G3A,25106,15,8.8,1,1
C001413,28.88,Sciences,Montreal,H2X,84319,7,7.2,0,1
C009401,22.46,Genie,Capitale-Nationale,G1R,32069,10,14.5,0,0
C003072,25.4,Genie,Montreal,H8N,82382,6,18.0,0,0
C012763,30.84,Sciences sociales,Montreal,H1A,38853,6,35.0,0,1
C011922,27.35,Sciences,Montreal,H4L,40328,12,14.2,1,0
C004970,27.54,Sante,Cote-Nord,G0G,48850,15,116.9,1,0
C004458,29.59,Arts et lettres,Bas-Saint-Laurent,G5N,38810,8,105.7,0,0
C010861,28.56,Sciences sociales,Montreal,H2X,79318,7,43.3,1,1
C004685,22.51,Arts et lettres,Montreal,H2X,60135,7,10.0,1,0
C013107,25.91,Genie,Gaspesie-Iles-de-la-Madeleine,G4X,49279,18,317.2,0,0
C006846,30.04,Sciences,Gaspesie-Iles-de-la-Madeleine,G0C,48507,14,324.4,1,1
C007260,22.87,Arts et lettres,Montreal,H4L,48047,8,27.8,1,0
C009494,31.73,Sante,Capitale-Nationale,G1V,46671,8,23.6,0,1
C001458,26.47,Sante,Capitale-Nationale,G1V,56368,8,38.1,0,0
C004710,30.32,Sciences sociales,Bas-Saint-Laurent,G5N,44397,15,564.3,1,1
C006962,31.43,Sciences sociales,Capitale-Nationale,G1V,75907,5,23.9,0,1
C012226,25.52,Arts et lettres,Montreal,H8N,67398,3,13.2,0,0
C013878,34.35,Genie,Montreal,H8N,80769,12,4.2,1,1
C003299,26.23,Genie,Montreal,H8N,59483,6,71.2,0,0
C000667,24.75,Arts et lettres,Montreal,H1A,36912,8,41.4,1,0
C000806,31.28,Genie,Gaspesie-Iles-de-la-Madeleine,G5C,74839,15,268.7,1,1
C000963,24.88,Sciences sociales,Montreal,H1A,61282,6,36.2,0,0
C003088,29.72,Arts et lettres,Montreal,H8N,59737,7,14.0,0,0
C005666,28.27,Sciences sociales,Cote-Nord,G4R,67217,13,183.5,1,1
C004177,27.33,Genie,Montreal,H4L,120619,11,44.9,0,0
C001933,28.53,Genie,Cote-Nord,G4R,33933,12,201.5,1,0
C012127,26.49,Genie,Montreal,H3T,62234,10,12.9,0,0
C009928,20.9,Sciences,Gaspesie-Iles-de-la-Madeleine,G4X,85918,16,218.1,1,0
C004565,25.16,Sante,Gaspesie-Iles-de-la-Madeleine,G4X,59076,11,439.4,1,0
C010195,26.07,Sante,Bas-Saint-Laurent,G0L,33882,14,208.7,0,0
C005837,26.64,Genie,Gaspesie-Iles-de-la-Madeleine,G4X,89167,5,145.8,1,0
C003268,24.54,Genie,Capitale-Nationale,G1V,70575,9,51.0,1,0
C010329,31.89,Arts et lettres,Gaspesie-Iles-de-la-Madeleine,G5C,38055,13,253.7,1,0
C011369,28.75,Sciences sociales,Montreal,H8N,43661,7,44.4,0,1
C010743,28.42,Sciences sociales,Capitale-Nationale,G2E,44690,13,14.5,0,1
C011303,32.18,Sante,Capitale-Nationale,G3A,57245,11,19.0,0,1
C010700,24.18,Sciences,Gaspesie-Iles-de-la-Madeleine,G0C,63102,14,153.3,0,0
C008755,30.81,Sante,Cote-Nord,G4R,47820,11,151.8,0,1
C002006,31.2,Sante,Montreal,H8N,79842,14,18.4,0,1
C001312,27.75,Sciences,Bas-Saint-Laurent,G5N,31911,10,135.5,0,0
C008174,34.84,Genie,Montreal,H2X,58848,10,3.5,0,1
C000432,30.1,Sciences,Montreal,H3T,59517,6,41.6,1,1
C000726,25.53,Genie,Capitale-Nationale,G2E,151460,9,16.5,0,0
C009952,30.07,Sciences sociales,Bas-Saint-Laurent,G5N,125351,12,303.0,1,1
C003193,27.31,Sante,Cote-Nord,G4R,72597,17,316.2,0,0
C002864,36.4,Sante,Capitale-Nationale,G1V,61310,9,6.3,1,1
C004570,24.48,Genie,Capitale-Nationale,G2E,122122,17,23.7,0,0
C005125,23.59,Sciences sociales,Montreal,H1A,91880,11,16.5,1,0
C005465,23.13,Arts et lettres,Montreal,H2X,57692,18,18.4,0,0
C007819,24.57,Sciences,Gaspesie-Iles-de-la-Madeleine,G5C,47484,15,179.6,0,0
C012369,31.49,Sante,Montreal,H4L,113839,9,16.8,1,1
C003566,27.77,Genie,Gaspesie-Iles-de-la-Madeleine,G4X,37536,17,103.7,0,0
C011659,27.32,Genie,Cote-Nord,G4R,84482,10,158.7,0,0
C012291,31.55,Sante,Montreal,H2X,42039,9,7.4,0,1
C008190,27.1,Genie,Cote-Nord,G4R,102793,11,204.6,0,0
C000938,30.92,Sciences,Montreal,H4L,81850,5,47.4,1,1
C013299,26.51,Arts et lettres,Cote-Nord,G5B,56499,12,207.9,1,0
C005655,28.3,Sciences sociales,Gaspesie-Iles-de-la-Madeleine,G5C,36046,14,344.7,0,0
C013076,30.67,Sciences,Montreal,H4L,56875,8,13.2,0,0
C002481,25.5,Arts et lettres,Cote-Nord,G5B,38584,11,214.9,0,0
C013937,31.34,Sciences sociales,Montreal,H2X,28637,6,16.9,0,1
C004347,26.3,Arts et lettres,Montreal,H8N,65200,9,23.1,1,0
C003127,30.39,Sciences,Capitale-Nationale,G2E,64887,9,27.9,0,1
C013160,23.39,Sciences sociales,Gaspesie-Iles-de-la-Madeleine,G5C,30957,12,130.2,0,0
C007040,29.36,Arts et lettres,Gaspesie-Iles-de-la-Madeleine,G0C,39346,10,192.6,1,1
C007333,26.7,Sante,Bas-Saint-Laurent,G5L,69231,13,236.0,0,0
C013181,19.56,Sciences,Capitale-Nationale,G2E,62609,14,15.1,1,0
C007142,29.04,Sciences,Capitale-Nationale,G1V,85621,10,19.6,0,1
C009967,27.13,Sante,Montreal,H4L,64127,7,35.5,1,0
C003626,32.87,Sciences sociales,Cote-Nord,G4R,59024,7,354.1,0,1
C012862,21.27,Sciences,Cote-Nord,G4R,57531,14,175.3,0,0
C006900,29.8,Sciences,Capitale-Nationale,G1R,83861,10,17.2,0,1
C008691,21.41,Genie,Montreal,H4L,94181,9,27.6,0,0
C008511,27.28,Arts et lettres,Cote-Nord,G4R,25372,11,137.7,1,0
C007526,28.56,Arts et lettres,Capitale-Nationale,G3A,74334,8,17.3,0,1
C013442,30.26,Genie,Gaspesie-Iles-de-la-Madeleine,G5C,40519,10,463.2,0,1
C006313,24.06,Sciences sociales,Gaspesie-Iles-de-la-Madeleine,G4X,112250,11,326.5,0,0
C003855,20.97,Arts et lettres,Montreal,H1A,76595,13,18.3,0,0
C006718,28.96,Sciences sociales,Cote-Nord,G0G,106471,21,623.7,0,1
C010603,32.44,Sciences sociales,Montreal,H8N,76376,13,53.7,0,1
C006194,30.62,Genie,Gaspesie-Iles-de-la-Madeleine,G5C,48543,16,289.7,0,1
C003667,23.73,Sciences sociales,Montreal,H1A,36267,9,15.2,0,0
C008359,23.32,Sciences,Gaspesie-Iles-de-la-Madeleine,G0C,38300,10,327.1,0,0
C005265,26.23,Sciences,Montreal,H2X,54764,4,12.0,0,0
C012045,26.51,Arts et lettres,Capitale-Nationale,G3A,111292,14,17.2,0,0
C011914,28.21,Sante,Montreal,H8N,76495,11,22.2,1,1
C008322,30.81,Genie,Montreal,H2X,28602,10,7.6,0,0
C006630,25.97,Genie,Capitale-Nationale,G1R,40420,13,22.5,0,0
C001726,32.33,Genie,Montreal,H3T,86532,9,19.8,0,1
C001689,32.35,Genie,Capitale-Nationale,G1V,92485,10,9.6,0,1
C013125,22.78,Sciences,Montreal,H2X,70961,10,16.8,1,0
C011835,22.72,Arts et lettres,Bas-Saint-Laurent,G5L,56190,8,86.4,1,0
C004923,30.86,Arts et lettres,Bas-Saint-Laurent,G5N,83698,15,209.1,0,1
C001361,27.25,Arts et lettres,Montreal,H1A,42771,16,24.1,0,0
C010421,29.74,Genie,Montreal,H3T,113796,11,33.2,0,1
C012638,31.89,Genie,Montreal,H8N,32638,8,29.1,1,1
C011712,23.57,Sciences,Gaspesie-Iles-de-la-Madeleine,G0C,61031,13,91.7,1,0
C008610,23.57,Sciences sociales,Montreal,H2X,108286,8,27.9,1,0
C006491,26.18,Sciences sociales,Montreal,H8N,60488,8,43.1,0,0
C008157,29.53,Sciences,Capitale-Nationale,G1V,45797,11,27.1,1,1
C000624,29.14,Sciences sociales,Montreal,H4L,61074,9,45.7,1,1
C007272,23.87,Sciences sociales,Cote-Nord,G0G,51259,15,567.6,0,0
C008712,26.6,Sciences sociales,Capitale-Nationale,G1V,67276,12,13.7,0,0
C008607,32.2,Sciences sociales,Montreal,H1A,139826,8,6.9,1,1
C003985,27.29,Sciences,Gaspesie-Iles-de-la-Madeleine,G0C,27984,10,341.3,0,0
C012612,32.42,Arts et lettres,Montreal,H4L,64367,12,10.1,1,1
C006540,27.7,Sciences,Capitale-Nationale,G2E,63977,8,16.1,0,1
C000727,29.5,Sciences,Montreal,H8N,88052,9,37.9,0,1
C004751,28.2,Sante,Gaspesie-Iles-de-la-Madeleine,G4X,37187,16,112.1,0,0
C013078,27.33,Sciences sociales,Gaspesie-Iles-de-la-Madeleine,G4X,38785,25,91.1,1,0
C004413,25.48,Sante,Gaspesie-Iles-de-la-Madeleine,G5C,85464,13,188.9,1,0
C013193,23.31,Sciences sociales,Gaspesie-Iles-de-la-Madeleine,G4X,40467,13,214.7,0,0
C005910,21.29,Genie,Gaspesie-Iles-de-la-Madeleine,G0C,38685,11,123.0,1,0
C013046,25.02,Arts et lettres,Cote-Nord,G5B,48255,20,154.0,1,0
C005276,33.91,Genie,Montreal,H1A,95924,9,26.6,0,1
C003691,30.75,Sante,Capitale-Nationale,G2E,44412,10,33.6,1,1
C009911,23.25,Sante,Capitale-Nationale,G1R,38425,10,14.1,0,0
C001865,28.05,Sciences,Montreal,H3T,53999,7,29.3,0,1
C001706,30.08,Sante,Montreal,H8N,77823,16,31.1,0,1
C010788,29.23,Sciences,Capitale-Nationale,G2E,78648,5,17.8,0,1
C007652,25.98,Genie,Capitale-Nationale,G2E,123654,6,26.2,0,0
C003262,29.79,Sciences sociales,Cote-Nord,G4R,90372,19,294.1,0,1
C008818,27.07,Genie,Montreal,H1A,80597,7,29.2,0,0
C008722,28.52,Sante,Montreal,H8N,79674,10,13.1,0,1
C011934,29.04,Sciences sociales,Gaspesie-Iles-de-la-Madeleine,G0C,70329,11,356.6,1,0
C002032,25.17,Sciences,Bas-Saint-Laurent,G0L,48616,9,215.7,0,0
C006582,30.37,Sante,Montreal,H4L,76830,6,29.7,0,1
C009262,25.29,Arts et lettres,Montreal,H1A,73589,7,5.4,0,0
C012148,30.2,Sciences sociales,Montreal,H2X,50365,9,55.0,0,1
C012057,21.66,Sciences sociales,Bas-Saint-Laurent,G5L,85358,14,112.9,0,0
C009005,25.33,Sciences,Gaspesie-Iles-de-la-Madeleine,G5C,24365,17,166.3,0,0
C011381,29.8,Genie,Montreal,H2X,108687,7,17.4,0,1
C013319,27.17,Sante,Capitale-Nationale,G1R,69099,7,11.0,0,0
C013719,29.76,Sciences sociales,Montreal,H2X,57501,9,23.2,0,1
C010876,24.1,Sciences sociales,Gaspesie-Iles-de-la-Madeleine,G4X,36941,13,348.8,1,0
C005876,27.48,Sante,Bas-Saint-Laurent,G5L,61960,18,157.6,1,0
C003860,28.79,Sciences sociales,Capitale-Nationale,G1V,46793,9,16.5,0,1
C000745,27.87,Sciences sociales,Cote-Nord,G4R,61377,18,94.2,0,1
C002873,28.68,Genie,Capitale-Nationale,G1V,62473,6,15.2,0,1
C005656,24.47,Genie,Cote-Nord,G5B,31889,17,238.3,1,0
C004071,24.83,Sante,Gaspesie-Iles-de-la-Madeleine,G5C,52636,15,221.9,0,0
C007690,25.79,Sante,Cote-Nord,G0G,36445,16,565.8,1,0
C008588,29.04,Sciences sociales,Capitale-Nationale,G1R,47143,10,26.7,0,1
C006020,29.7,Genie,Montreal,H8N,28038,11,18.3,1,1
C002375,26.68,Sciences sociales,Montreal,H4L,56691,11,6.5,0,1
C005266,25.95,Sciences,Montreal,H2X,46694,7,6.7,0,0
C009249,28.26,Genie,Montreal,H3T,120060,8,40.5,0,1
C009930,30.51,Genie,Cote-Nord,G0G,40631,7,97.9,0,0
C002065,26.18,Sciences,Capitale-Nationale,G1R,90345,3,9.4,0,0
C000133,26.34,Sciences sociales,Gaspesie-Iles-de-la-Madeleine,G4X,45760,13,166.7,0,0
C007597,23.89,Sciences,Gaspesie-Iles-de-la-Madeleine,G4X,62502,10,281.3,0,0
C012425,28.1,Arts et lettres,Montreal,H3T,71563,8,5.5,0,1
C013636,25.28,Sciences sociales,Montreal,H3T,164207,7,8.6,0,0
C004687,30.02,Sante,Bas-Saint-Laurent,G5N,36976,20,246.7,0,1
C004785,29.37,Genie,Montreal,H4L,67877,9,11.7,0,1
C010510,25.87,Genie,Montreal,H1A,45666,13,25.6,0,0
C004924,26.85,Sante,Bas-Saint-Laurent,G5N,45992,12,166.5,0,0
C004610,26.82,Sciences sociales,Montreal,H2X,76213,14,13.5,0,1
C010119,27.44,Sante,Montreal,H4L,35453,4,6.2,0,0
C001159,29.53,Genie,Montreal,H2X,48275,5,37.0,1,1
C000482,29.07,Sante,Capitale-Nationale,G3A,67922,11,30.7,1,1
C009135,33.73,Sciences,Bas-Saint-Laurent,G5N,39671,21,85.0,0,1
C012193,23.2,Arts et lettres,Montreal,H1A,64915,9,11.8,0,0
C008894,30.92,Genie,Montreal,H1A,96595,5,18.2,0,1
C004514,25.33,Sciences sociales,Cote-Nord,G5B,62518,15,236.6,0,0
C008057,26.45,Sciences,Gaspesie-Iles-de-la-Madeleine,G4X,32151,15,262.8,1,0
C008241,27.94,Sante,Montreal,H8N,82199,8,6.8,0,1
C004574,23.02,Sciences,Capitale-Nationale,G1V,110703,8,5.7,0,0
C003137,28.08,Genie,Montreal,H8N,94971,6,4.9,1,0
C001138,24.1,Sante,Cote-Nord,G0G,35773,13,245.5,1,0
C002756,24.22,Sante,Bas-Saint-Laurent,G0L,46399,10,163.3,1,0
C003303,31.12,Arts et lettres,Capitale-Nationale,G3A,34891,11,37.2,0,1
C012251,30.14,Sante,Capitale-Nationale,G1V,217743,10,16.8,0,1
C002664,23.43,Sciences,Montreal,H8N,87908,10,8.5,0,0
C004734,29.97,Sante,Capitale-Nationale,G1R,74087,6,6.8,0,0
C003569,26.65,Genie,Montreal,H1A,164056,6,31.0,0,0
C002220,27.95,Arts et lettres,Bas-Saint-Laurent,G5L,16610,20,265.6,0,0
C005039,27.84,Arts et lettres,Montreal,H1A,76095,19,14.6,1,0
C011334,27.81,Sciences sociales,Montreal,H3T,118763,6,24.8,0,1
C011050,28.5,Sciences sociales,Montreal,H3T,42840,10,34.6,0,0
C009704,26.08,Sante,Gaspesie-Iles-de-la-Madeleine,G5C,61346,12,98.3,1,0
C001786,32.45,Genie,Montreal,H4L,50431,8,44.6,0,1
C012056,27.12,Genie,Montreal,H8N,96585,8,21.1,0,0
C010768,32.36,Sciences,Montreal,H2X,89150,11,10.4,0,1
C006929,25.33,Sante,Cote-Nord,G5B,129634,13,172.4,0,0
C006815,27.13,Sciences sociales,Montreal,H1A,68755,8,30.0,0,0
C011676,26.12,Sciences,Montreal,H2X,99498,12,5.6,0,0
C000926,32.99,Genie,Montreal,H2X,67044,15,13.8,1,1
C000023,23.93,Sciences sociales,Montreal,H4L,65248,10,17.3,0,0
C004632,26.32,Sciences sociales,Gaspesie-Iles-de-la-Madeleine,G5C,68658,12,206.9,0,0
C012315,24.47,Sciences,Gaspesie-Iles-de-la-Madeleine,G4X,52505,16,146.2,0,0
C011876,29.56,Arts et lettres,Cote-Nord,G4R,53326,19,97.3,0,1
C003766,30.21,Sciences,Gaspesie-Iles-de-la-Madeleine,G0C,93395,12,324.9,0,1
C003755,29.75,Sciences sociales,Montreal,H2X,86975,11,5.0,0,1
C011740,24.34,Sciences sociales,Capitale-Nationale,G2E,48268,8,8.1,0,0
C009402,29.36,Sciences sociales,Gaspesie-Iles-de-la-Madeleine,G5C,68913,20,226.5,0,1
C001733,33.37,Sante,Capitale-Nationale,G3A,109136,5,1.5,1,1
C008944,27.58,Sante,Montreal,H3T,75557,9,28.7,0,0
C008739,31.61,Sciences,Capitale-Nationale,G1R,49600,6,24.8,1,1
C002448,29.77,Sante,Gaspesie-Iles-de-la-Madeleine,G0C,31109,8,234.7,1,0
C008349,27.4,Genie,Montreal,H2X,69052,11,35.6,0,1
C000071,27.01,Sciences sociales,Montreal,H2X,131802,10,6.5,0,0
C010669,25.72,Sante,Montreal,H8N,44160,10,18.5,0,0
C011843,24.28,Sciences sociales,Montreal,H4L,88936,7,6.7,1,0
C000559,26.69,Arts et lettres,Cote-Nord,G0G,71240,14,256.2,0,0
C000606,28.91,Arts et lettres,Gaspesie-Iles-de-la-Madeleine,G4X,28645,13,119.8,0,0
C011190,25.37,Genie,Montreal,H1A,62903,12,5.6,0,0
C004329,27.21,Sante,Montreal,H8N,76446,6,17.1,0,1
C009490,21.53,Sante,Montreal,H3T,56384,9,21.8,0,0
C001510,26.29,Arts et lettres,Bas-Saint-Laurent,G5L,102590,14,679.2,1,0
C011634,21.77,Arts et lettres,Gaspesie-Iles-de-la-Madeleine,G5C,59396,11,353.6,1,0
C001364,33.6,Genie,Montreal,H3T,58957,11,18.5,1,1
C013770,28.36,Sante,Montreal,H3T,105651,10,32.0,0,1
C003525,29.47,Sante,Capitale-Nationale,G1V,100590,9,4.8,1,1
C003499,27.76,Sante,Bas-Saint-Laurent,G0L,57133,12,216.0,1,0
C003708,28.23,Genie,Gaspesie-Iles-de-la-Madeleine,G4X,61845,18,175.4,0,1
C004657,25.22,Arts et lettres,Montreal,H3T,92429,7,18.2,0,0
C011861,31.74,Genie,Gaspesie-Iles-de-la-Madeleine,G0C,129085,17,151.4,1,1
C012894,29.73,Genie,Cote-Nord,G0G,47671,12,81.2,0,1
C003507,25.2,Sante,Cote-Nord,G0G,75177,10,520.2,0,0
C000048,33.59,Sante,Montreal,H1A,95608,8,36.7,0,1
C012905,30.34,Arts et lettres,Montreal,H8N,50968,8,25.2,0,0
C013985,27.83,Arts et lettres,Gaspesie-Iles-de-la-Madeleine,G5C,46639,11,217.3,1,0
C003558,24.62,Sciences,Gaspesie-Iles-de-la-Madeleine,G0C,34727,13,115.6,1,0
C006897,29.4,Sciences,Cote-Nord,G4R,30158,17,177.7,1,1
C010032,29.54,Sciences sociales,Montreal,H3T,92054,5,22.2,0,1
C012380,25.19,Sciences,Capitale-Nationale,G1R,46413,7,19.4,1,0
C005073,27.4,Genie,Cote-Nord,G0G,38760,14,282.7,0,0
C009869,26.63,Genie,Capitale-Nationale,G1R,82028,7,45.1,1,0
C010333,26.43,Sciences,Gaspesie-Iles-de-la-Madeleine,G0C,32108,12,351.0,0,0
C004877,28.03,Genie,Montreal,H3T,101184,9,5.6,0,1
C003172,27.48,Sciences sociales,Capitale-Nationale,G2E,79876,4,31.4,0,0
C003201,32.46,Sciences,Montreal,H1A,66934,9,16.8,0,1
C000486,29.98,Sciences,Cote-Nord,G0G,21193,13,313.0,1,0
C002677,28.1,Genie,Gaspesie-Iles-de-la-Madeleine,G5C,31499,8,225.7,1,0
C000959,31.15,Genie,Montreal,H1A,70088,8,16.0,1,1
C009269,28.71,Sciences,Capitale-Nationale,G2E,55100,12,25.5,0,1
C011644,25.29,Sciences,Capitale-Nationale,G1V,51709,10,1.3,0,0
C002844,27.65,Genie,Cote-Nord,G0G,46548,22,360.9,0,0
C008159,27.28,Genie,Montreal,H8N,57754,12,17.8,0,1
C004358,30.66,Arts et lettres,Montreal,H2X,112546,12,8.2,0,1
C002186,28.66,Genie,Montreal,H3T,102614,11,5.5,0,1
C011727,25.11,Arts et lettres,Gaspesie-Iles-de-la-Madeleine,G4X,76207,12,182.3,0,0
C007648,26.04,Sciences sociales,Gaspesie-Iles-de-la-Madeleine,G5C,76028,9,282.8,1,0
C013391,29.09,Sciences,Capitale-Nationale,G1R,131505,9,5.6,0,1
C006019,30.82,Sciences sociales,Montreal,H3T,49296,9,17.8,0,1
C005399,24.09,Arts et lettres,Capitale-Nationale,G3A,46738,11,2.8,0,0
C007748,25.27,Genie,Montreal,H8N,60347,11,19.2,0,0
C011962,23.75,Sante,Capitale-Nationale,G2E,142831,5,15.8,1,0
C001904,28.43,Sciences,Montreal,H1A,91541,9,6.5,0,1
C009090,23.37,Sciences,Gaspesie-Iles-de-la-Madeleine,G5C,26645,19,166.7,1,0
C002058,28.65,Sciences sociales,Montreal,H1A,72720,16,5.7,0,1
C000594,24.32,Sciences,Bas-Saint-Laurent,G5L,224129,14,165.4,0,0
C004286,27.6,Arts et lettres,Montreal,H1A,97188,11,5.8,0,1
C004524,30.91,Sciences,Capitale-Nationale,G1V,87135,5,17.5,0,1
C004626,27.48,Sciences,Montreal,H2X,56182,8,16.8,1,0
C001575,28.95,Genie,Capitale-Nationale,G1V,102209,14,29.8,1,1
C010024,23.03,Genie,Bas-Saint-Laurent,G5L,94046,10,212.1,0,0
C013870,23.64,Sciences sociales,Montreal,H2X,86788,12,37.2,1,0
C013002,32.24,Arts et lettres,Montreal,H8N,47270,6,11.6,0,1
C000408,24.46,Sante,Capitale-Nationale,G1V,35366,7,31.8,1,0
C005414,33.26,Sciences,Montreal,H3T,162388,10,42.1,1,1
C009922,32.08,Sciences sociales,Gaspesie-Iles-de-la-Madeleine,G5C,34491,20,199.9,1,1
C008917,26.49,Sciences,Capitale-Nationale,G3A,123243,8,29.5,0,0
C009179,30.98,Sciences sociales,Capitale-Nationale,G1R,43153,9,27.1,0,1
C003750,30.89,Sante,Capitale-Nationale,G1V,47155,13,27.6,0,1
C013984,26.93,Arts et lettres,Montreal,H4L,70599,9,6.9,0,0
C013902,26.77,Arts et lettres,Capitale-Nationale,G2E,35189,11,11.9,0,0
C007858,26.27,Sciences,Montreal,H1A,103051,11,0.3,0,1
C010172,25.83,Sante,Bas-Saint-Laurent,G5L,84409,19,218.4,0,1
C000244,23.47,Arts et lettres,Gaspesie-Iles-de-la-Madeleine,G0C,64280,14,234.6,0,0
C007046,19.82,Sante,Bas-Saint-Laurent,G5L,18309,9,110.1,1,0
C003315,32.23,Sciences sociales,Montreal,H8N,61410,8,23.5,1,1
C010514,30.21,Sante,Montreal,H8N,59664,9,4.2,0,1
C009532,29.8,Genie,Montreal,H3T,34144,11,5.4,0,1
C002188,27.44,Genie,Cote-Nord,G5B,25828,11,305.0,1,0
C007221,26.21,Sciences sociales,Bas-Saint-Laurent,G0L,27674,10,131.2,1,0
C006001,31.52,Sciences,Capitale-Nationale,G1V,55164,11,8.0,0,1
C001620,29.05,Arts et lettres,Gaspesie-Iles-de-la-Madeleine,G4X,54482,13,125.3,0,1
C003759,30.28,Sciences sociales,Montreal,H3T,155142,11,11.2,0,1
C008760,26.17,Sciences,Capitale-Nationale,G1V,56667,8,12.7,0,0
C012457,27.49,Genie,Montreal,H2X,181602,9,30.2,0,1
C009409,27.12,Sciences sociales,Gaspesie-Iles-de-la-Madeleine,G0C,45457,13,244.2,1,0
C003266,27.24,Sante,Montreal,H3T,49654,12,12.3,0,0
C006251,30.19,Sciences,Montreal,H3T,70869,8,12.0,0,1
C000675,31.24,Genie,Cote-Nord,G0G,81456,15,356.4,0,1
C005486,25.49,Sciences sociales,Cote-Nord,G4R,83537,10,344.4,0,0
C006235,32.73,Sciences,Montreal,H3T,47088,13,17.3,0,1
C010759,25.65,Genie,Montreal,H1A,113041,13,69.8,0,0
C002748,31.42,Genie,Capitale-Nationale,G1R,34963,4,45.9,0,1
C004654,25.72,Sciences sociales,Cote-Nord,G0G,35454,16,160.9,0,0
C009419,25.59,Sante,Bas-Saint-Laurent,G0L,50521,15,348.4,0,0
C009451,29.22,Sante,Bas-Saint-Laurent,G5L,62771,12,93.5,1,0
C012061,26.32,Sante,Capitale-Nationale,G1V,35592,5,20.5,1,0
C003341,26.51,Sciences sociales,Bas-Saint-Laurent,G5N,20293,17,169.0,0,0
C000553,27.53,Sciences sociales,Montreal,H8N,64246,11,30.2,0,0
C009474,30.17,Sciences,Montreal,H8N,51206,10,12.0,1,1
C007364,27.77,Arts et lettres,Gaspesie-Iles-de-la-Madeleine,G0C,52113,8,248.4,0,0
C002718,30.34,Sciences,Capitale-Nationale,G1R,55439,10,33.7,1,1
C004666,19.21,Genie,Bas-Saint-Laurent,G0L,104677,12,226.7,0,0
C008704,19.83,Sciences,Montreal,H8N,51722,9,22.6,0,0
C009550,26.99,Sciences,Montreal,H8N,182752,9,20.4,0,0
C008583,30.11,Sante,Bas-Saint-Laurent,G5N,52575,12,214.3,0,1
C006144,29.18,Sciences,Montreal,H4L,169890,6,6.4,0,1
C009690,30.86,Arts et lettres,Bas-Saint-Laurent,G0L,71002,11,61.1,1,1
C002031,31.97,Genie,Bas-Saint-Laurent,G0L,49335,10,104.0,1,0
C013967,28.13,Arts et lettres,Cote-Nord,G4R,23257,16,479.5,1,0
C007255,29.84,Sciences sociales,Gaspesie-Iles-de-la-Madeleine,G4X,42237,13,201.5,0,1
C012840,22.38,Arts et lettres,Capitale-Nationale,G3A,117981,11,29.2,0,0
C001034,24.9,Arts et lettres,Montreal,H1A,41603,6,19.3,0,0
C009229,30.57,Genie,Montreal,H2X,116836,12,2.2,0,1
C000123,22.5,Genie,Capitale-Nationale,G2E,28712,11,35.9,1,0
C013434,26.15,Arts et lettres,Montreal,H1A,58843,11,23.9,0,0
C009293,29.92,Sciences sociales,Montreal,H1A,44240,11,8.5,0,1
C013805,22.16,Sciences sociales,Cote-Nord,G0G,39725,14,124.5,0,0
C013749,23.63,Sante,Montreal,H8N,88802,7,9.5,1,0
C010393,26.99,Sciences,Gaspesie-Iles-de-la-Madeleine,G0C,62440,16,173.0,0,0
C005770,30.4,Sciences sociales,Capitale-Nationale,G1V,31813,6,7.3,0,1
C002951,27.52,Arts et lettres,Bas-Saint-Laurent,G5N,34050,11,212.5,0,0
C010925,19.77,Arts et lettres,Capitale-Nationale,G3A,120451,12,20.6,1,0
C000857,26.36,Arts et lettres,Bas-Saint-Laurent,G5N,127637,12,165.2,1,0
C004315,28.8,Sciences,Capitale-Nationale,G2E,123180,11,17.5,1,0
C010645,27.87,Arts et lettres,Montreal,H4L,57515,6,44.5,0,0
C009178,28.48,Genie,Cote-Nord,G4R,66317,11,172.1,0,0
C009741,28.31,Arts et lettres,Gaspesie-Iles-de-la-Madeleine,G5C,86563,15,134.8,1,0
C000316,27.63,Genie,Montreal,H3T,71255,4,1.1,0,0
C005830,27.4,Sante,Gaspesie-Iles-de-la-Madeleine,G4X,46686,17,160.8,0,0
C013626,34.87,Arts et lettres,Montreal,H8N,116571,7,4.3,0,1
C000891,28.18,Sante,Montreal,H2X,119457,9,11.0,0,0
C004028,26.83,Sciences sociales,Capitale-Nationale,G1V,30941,7,22.0,0,0
C013896,26.94,Sciences,Cote-Nord,G4R,47524,16,160.5,0,0
C013020,27.87,Sciences sociales,Montreal,H4L,88534,9,21.8,0,1
C003576,29.66,Arts et lettres,Montreal,H3T,46332,7,14.5,1,1
C002476,28.68,Sciences sociales,Cote-Nord,G4R,23733,8,158.3,1,0
C003029,30.61,Genie,Montreal,H1A,73576,14,7.2,1,1
C006742,30.15,Sciences sociales,Bas-Saint-Laurent,G5L,14094,9,268.0,0,0
C003711,27.42,Sante,Montreal,H1A,95641,11,30.7,1,0
C007773,25.64,Arts et lettres,Montreal,H2X,96865,8,10.5,0,0
C002939,30.01,Arts et lettres,Montreal,H4L,107469,9,37.9,0,1
C009376,31.09,Sciences sociales,Bas-Saint-Laurent,G5L,74443,16,279.5,1,1
C010379,30.26,Sante,Montreal,H2X,56884,8,51.0,1,1
C000873,28.39,Genie,Capitale-Nationale,G3A,60757,11,5.9,0,0
C013386,21.78,Sciences,Montreal,H4L,106412,9,9.8,0,0
C013529,26.12,Genie,Bas-Saint-Laurent,G0L,31326,21,115.1,0,0
C004719,30.27,Sciences,Montreal,H2X,41629,8,23.4,0,1
C008814,26.25,Sciences sociales,Bas-Saint-Laurent,G5N,48464,16,231.1,1,0
C008592,32.42,Sciences,Bas-Saint-Laurent,G0L,48798,11,291.1,0,1
C007813,23.76,Sante,Gaspesie-Iles-de-la-Madeleine,G0C,44415,12,149.9,0,0
C011941,25.68,Sciences sociales,Bas-Saint-Laurent,G5L,31692,17,285.8,0,0
C001522,21.41,Genie,Montreal,H1A,87498,10,32.9,0,0
C008201,35.52,Sciences,Capitale-Nationale,G2E,57028,10,44.8,0,1
C005971,28.6,Sciences sociales,Cote-Nord,G4R,30073,12,222.8,0,0
C006056,29.39,Sciences sociales,Capitale-Nationale,G1R,59703,7,15.7,0,0
C002712,21.75,Sciences sociales,Gaspesie-Iles-de-la-Madeleine,G5C,195572,14,374.5,0,0
C002992,27.97,Sciences,Montreal,H8N,45201,10,14.3,1,0
C008025,26.95,Sciences sociales,Bas-Saint-Laurent,G5L,35576,12,276.8,0,0
C007049,24.01,Sciences,Capitale-Nationale,G1V,71701,12,13.7,0,0
C001532,20.71,Genie,Capitale-Nationale,G2E,78730,5,20.2,0,0
C007850,25.17,Sciences,Cote-Nord,G4R,29490,5,113.0,1,0
C007514,29.75,Arts et lettres,Gaspesie-Iles-de-la-Madeleine,G0C,78271,11,310.6,0,0
C002691,25.43,Genie,Capitale-Nationale,G2E,50011,2,2.5,1,0
C006010,25.76,Sciences,Bas-Saint-Laurent,G5L,197713,18,427.4,1,0
C004915,22.7,Sante,Capitale-Nationale,G3A,35881,7,33.9,0,0
C008856,32.57,Arts et lettres,Montreal,H1A,77704,10,14.8,1,1
C008815,25.71,Sante,Cote-Nord,G5B,68373,14,334.7,0,0
C005582,25.11,Sante,Montreal,H1A,66385,7,19.0,1,0
C008888,24.06,Sciences,Bas-Saint-Laurent,G5L,67746,13,123.2,0,0
C005435,27.0,Arts et lettres,Montreal,H2X,56963,12,20.7,0,0
C013347,27.49,Sante,Montreal,H4L,49772,10,7.5,1,1
C013104,26.97,Sante,Montreal,H4L,46095,10,7.4,0,0
C010770,28.71,Sciences,Cote-Nord,G4R,71199,11,92.2,0,0
C007353,26.74,Sciences sociales,Montreal,H4L,189468,9,20.8,0,0
C012841,27.99,Genie,Montreal,H3T,40624,11,23.2,0,0
C007435,28.51,Sciences sociales,Capitale-Nationale,G1V,72855,14,15.7,0,1
C001304,26.07,Sciences,Montreal,H3T,82577,4,14.2,0,0
C005134,31.33,Arts et lettres,Montreal,H2X,29104,8,12.1,0,1
C003712,28.03,Sante,Montreal,H1A,63991,9,17.5,0,0
C007768,29.18,Sciences sociales,Montreal,H8N,40402,4,11.7,0,0
C010947,29.04,Genie,Capitale-Nationale,G1R,133767,8,12.1,1,1
C002587,30.29,Sciences sociales,Gaspesie-Iles-de-la-Madeleine,G5C,54396,16,270.7,1,1
C012965,23.18,Sciences sociales,Montreal,H4L,111401,9,12.9,1,0
C001256,31.08,Sante,Capitale-Nationale,G1V,50764,18,8.6,0,1
C010480,27.95,Sciences,Cote-Nord,G4R,43994,13,273.5,0,0
C009215,25.33,Sciences sociales,Montreal,H4L,74735,10,9.8,0,0
C000916,30.86,Arts et lettres,Montreal,H2X,73190,9,60.7,0,1
C007642,26.54,Sante,Montreal,H8N,133693,16,26.4,1,1
C011923,25.69,Sciences,Cote-Nord,G4R,62065,18,298.4,0,0
C007777,28.65,Genie,Cote-Nord,G4R,59568,5,120.4,0,0
C003041,26.87,Genie,Gaspesie-Iles-de-la-Madeleine,G4X,50022,13,331.0,1,0
C009358,23.02,Arts et lettres,Montreal,H4L,80993,8,20.8,0,0
C003806,30.96,Arts et lettres,Montreal,H1A,89263,11,14.2,0,1
C011125,25.15,Genie,Gaspesie-Iles-de-la-Madeleine,G5C,35608,21,436.4,1,0
C002624,30.26,Sciences sociales,Gaspesie-Iles-de-la-Madeleine,G4X,54388,8,110.6,1,0
C008997,26.86,Arts et lettres,Bas-Saint-Laurent,G5L,55595,14,90.8,0,0
C004780,26.57,Genie,Montreal,H3T,83866,4,9.4,1,0
C000100,27.98,Genie,Montreal,H3T,81458,5,4.9,0,0
C005781,31.51,Arts et lettres,Montreal,H2X,57674,8,33.2,0,1
C002995,25.66,Sciences sociales,Montreal,H3T,28977,7,46.8,0,0
C003677,29.65,Genie,Gaspesie-Iles-de-la-Madeleine,G5C,117920,12,152.1,0,1
C013929,25.4,Genie,Bas-Saint-Laurent,G5L,43726,24,222.9,0,0
C001623,26.5,Sciences sociales,Cote-Nord,G0G,82585,19,168.2,0,0
C009339,23.3,Sciences sociales,Bas-Saint-Laurent,G0L,33660,14,236.4,0,0
C010397,33.14,Sciences,Gaspesie-Iles-de-la-Madeleine,G4X,40888,20,111.8,0,1
C009731,27.52,Genie,Cote-Nord,G0G,27503,5,160.0,1,0
C013915,28.69,Sciences sociales,Capitale-Nationale,G3A,149340,4,18.9,1,1
C008649,28.29,Sante,Montreal,H8N,159925,10,11.1,0,1
C010608,27.49,Sciences,Montreal,H8N,44267,11,2.4,0,0
C003945,26.26,Arts et lettres,Montreal,H2X,57433,9,11.8,0,0
C004046,26.88,Genie,Montreal,H1A,100852,7,16.5,0,0
C003312,24.68,Sciences sociales,Gaspesie-Iles-de-la-Madeleine,G0C,60983,6,224.2,1,0
C007661,27.93,Sciences,Montreal,H3T,70986,6,19.3,1,0
C003364,29.49,Sante,Bas-Saint-Laurent,G5N,37197,7,82.3,0,0
C010323,27.95,Sciences sociales,Capitale-Nationale,G2E,77408,9,25.4,0,0
C008983,25.76,Genie,Montreal,H3T,70133,12,4.2,0,0
C011021,31.28,Sante,Capitale-Nationale,G1V,67551,14,9.8,1,1
C007295,26.19,Sciences,Gaspesie-Iles-de-la-Madeleine,G4X,66458,14,323.3,0,0
C007149,29.35,Sante,Capitale-Nationale,G1R,57779,6,11.3,0,1
C000020,27.16,Arts et lettres,Gaspesie-Iles-de-la-Madeleine,G4X,78336,15,283.5,1,0
C006147,27.75,Sante,Capitale-Nationale,G1V,52692,4,55.0,0,0
C007035,28.06,Sciences,Gaspesie-Iles-de-la-Madeleine,G5C,39498,19,180.8,0,1
C003001,27.27,Sante,Montreal,H4L,64277,10,13.3,0,1
C011491,28.58,Genie,Montreal,H1A,79161,7,24.0,0,0
C005748,29.38,Genie,Bas-Saint-Laurent,G5L,48917,17,108.2,1,1
C009306,29.46,Sante,Cote-Nord,G0G,48864,19,110.6,1,1
C000975,26.12,Genie,Gaspesie-Iles-de-la-Madeleine,G4X,28865,10,253.9,1,0
C000516,25.77,Genie,Capitale-Nationale,G1R,53153,9,4.2,0,0
C011805,27.96,Sciences sociales,Gaspesie-Iles-de-la-Madeleine,G5C,105410,9,209.9,0,0
C010110,30.73,Sante,Montreal,H2X,37269,9,20.2,0,1
C001579,25.93,Sciences,Capitale-Nationale,G1V,62210,8,40.1,0,0
C008952,24.85,Sciences sociales,Montreal,H3T,70821,13,44.1,0,0
C008720,29.88,Arts et lettres,Capitale-Nationale,G3A,34392,5,41.8,0,1
C009156,21.41,Genie,Capitale-Nationale,G1V,59797,12,12.5,0,0
C011127,31.7,Genie,Montreal,H1A,106431,8,12.7,0,1
C007723,23.69,Arts et lettres,Bas-Saint-Laurent,G5L,48892,7,225.5,0,0
C010762,26.77,Sciences sociales,Montreal,H2X,69328,9,22.4,0,0
C001803,31.05,Genie,Capitale-Nationale,G1R,85198,7,13.5,0,1
C003754,28.35,Sante,Gaspesie-Iles-de-la-Madeleine,G4X,54752,14,231.8,0,0
C001381,32.73,Sante,Gaspesie-Iles-de-la-Madeleine,G4X,97536,16,67.7,0,1
C007824,27.72,Arts et lettres,Montreal,H3T,57567,5,10.2,0,0
C002928,25.26,Sante,Capitale-Nationale,G3A,59395,10,10.0,1,0
C011281,27.9,Arts et lettres,Gaspesie-Iles-de-la-Madeleine,G4X,22219,17,466.0,1,0
C005495,24.56,Genie,Capitale-Nationale,G3A,119899,9,11.6,0,0
C013812,22.91,Genie,Montreal,H3T,95804,5,23.2,0,0
C010401,28.83,Genie,Gaspesie-Iles-de-la-Madeleine,G0C,19426,7,164.8,0,0
C008518,27.86,Sante,Gaspesie-Iles-de-la-Madeleine,G0C,50228,13,393.5,1,0
C004430,26.44,Arts et lettres,Cote-Nord,G0G,55290,14,185.5,1,0
C010304,28.96,Genie,Capitale-Nationale,G1V,26672,10,8.7,0,0
C005880,28.79,Genie,Montreal,H2X,101782,12,32.1,0,0
C009842,24.98,Sciences,Capitale-Nationale,G1R,54309,9,10.8,0,0
C008692,26.08,Sante,Montreal,H3T,62643,7,23.2,0,0
C005920,25.9,Genie,Montreal,H4L,88188,8,40.3,0,0
C002318,27.16,Genie,Cote-Nord,G4R,34024,10,186.1,0,0
C005462,25.07,Arts et lettres,Capitale-Nationale,G1V,38819,10,2.1,0,0
C002725,31.67,Sante,Gaspesie-Iles-de-la-Madeleine,G5C,36613,12,126.7,0,1
C006471,28.57,Genie,Montreal,H4L,46981,7,8.7,0,0
C009787,25.97,Genie,Capitale-Nationale,G2E,113822,11,6.8,0,0
C003452,25.87,Arts et lettres,Cote-Nord,G4R,71264,16,230.2,0,1
C003922,26.7,Sciences sociales,Bas-Saint-Laurent,G5N,80530,12,296.9,1,0
C012852,26.95,Arts et lettres,Montreal,H4L,52757,11,40.8,1,0
C000756,24.92,Genie,Capitale-Nationale,G1R,33242,8,9.5,0,0
C006209,33.06,Sciences sociales,Montreal,H1A,67110,11,27.0,0,1
C005149,27.3,Arts et lettres,Cote-Nord,G0G,58692,13,150.0,0,0
C007516,31.19,Sciences sociales,Gaspesie-Iles-de-la-Madeleine,G0C,33460,12,405.0,0,1
C011896,30.04,Sante,Bas-Saint-Laurent,G5N,128380,13,121.2,1,1
C001956,29.98,Genie,Bas-Saint-Laurent,G5L,75976,12,415.2,0,1
C003241,18.93,Genie,Gaspesie-Iles-de-la-Madeleine,G5C,76391,11,123.8,0,0
C001451,27.35,Genie,Montreal,H2X,73197,12,42.5,0,0
C012167,28.2,Sciences,Montreal,H2X,67754,6,12.6,1,0
C002938,25.68,Arts et lettres,Gaspesie-Iles-de-la-Madeleine,G5C,36842,15,77.8,0,0
C013661,25.22,Sante,Bas-Saint-Laurent,G0L,34844,15,279.7,0,0
C003998,23.63,Sciences,Montreal,H2X,39236,5,2.5,0,0
C005957,25.13,Sciences,Montreal,H2X,48406,14,28.1,1,0
C007203,28.46,Sciences,Gaspesie-Iles-de-la-Madeleine,G5C,111368,10,259.1,1,0
C013562,26.68,Sciences sociales,Montreal,H2X,90428,6,12.4,1,0
C010659,32.76,Sante,Montreal,H3T,30154,7,18.2,0,1
C002393,25.48,Arts et lettres,Bas-Saint-Laurent,G0L,59447,7,171.4,1,0
C012224,29.28,Genie,Bas-Saint-Laurent,G0L,35764,7,291.3,1,0
C005225,29.17,Sciences,Montreal,H2X,128319,7,15.9,1,1
C010360,23.69,Sciences,Montreal,H4L,47924,10,27.5,1,0
C007350,30.18,Arts et lettres,Montreal,H3T,68264,7,20.8,1,1
C003937,31.94,Sante,Montreal,H2X,115382,10,20.6,0,1
C006996,29.77,Arts et lettres,Gaspesie-Iles-de-la-Madeleine,G0C,81448,8,117.8,0,1
C009958,28.36,Arts et lettres,Bas-Saint-Laurent,G0L,62141,11,297.3,0,0
C000907,29.24,Sciences,Montreal,H3T,45731,14,7.5,0,1
C008249,25.84,Sciences sociales,Bas-Saint-Laurent,G5N,101699,11,152.5,1,0
C008151,24.15,Sante,Montreal,H3T,65828,7,38.6,0,0
C011837,30.61,Sante,Capitale-Nationale,G1V,89507,14,12.6,1,1
C008584,24.36,Arts et lettres,Gaspesie-Iles-de-la-Madeleine,G0C,42714,10,145.4,1,0
C001450,30.03,Sciences,Cote-Nord,G0G,21490,14,97.7,0,0
C001265,29.5,Genie,Cote-Nord,G0G,38890,6,104.1,1,0
C003318,25.09,Sciences,Capitale-Nationale,G1V,124137,15,26.9,0,0
C002313,28.1,Genie,Gaspesie-Iles-de-la-Madeleine,G4X,36569,13,197.5,0,0
C010251,26.02,Arts et lettres,Cote-Nord,G5B,50018,8,226.2,0,0
C002681,28.02,Sciences,Gaspesie-Iles-de-la-Madeleine,G0C,45978,8,162.8,0,0
C004572,28.29,Sciences,Montreal,H8N,32165,7,17.2,0,1
C000138,28.51,Sciences,Montreal,H2X,101551,6,26.4,0,0
C005894,26.32,Arts et lettres,Montreal,H1A,22028,11,27.9,0,0
C012549,30.77,Sante,Montreal,H2X,143694,8,6.7,0,1
C002366,30.6,Genie,Montreal,H8N,85815,7,3.4,0,1
C012895,27.22,Sante,Cote-Nord,G0G,44078,17,213.1,1,0
C002221,29.53,Sciences sociales,Montreal,H8N,64070,7,24.3,0,1
C003692,30.28,Sante,Montreal,H8N,47562,7,19.5,0,1
C012107,25.34,Arts et lettres,Capitale-Nationale,G2E,48989,3,58.3,0,0
C006889,26.73,Arts et lettres,Montreal,H2X,87797,6,27.3,0,0
C009094,35.18,Sciences sociales,Cote-Nord,G4R,54881,13,173.6,0,1
C008706,27.66,Arts et lettres,Montreal,H1A,85617,5,5.4,0,1
C003586,25.77,Arts et lettres,Gaspesie-Iles-de-la-Madeleine,G4X,69538,13,102.7,1,0
C010213,33.52,Sciences sociales,Montreal,H2X,50032,14,41.4,0,1
C002816,32.67,Sciences sociales,Gaspesie-Iles-de-la-Madeleine,G5C,32005,13,382.3,0,1
C010231,27.4,Sante,Capitale-Nationale,G1R,124975,6,12.1,1,0
C006629,26.79,Sciences,Capitale-Nationale,G1R,69480,7,1.6,0,0
C006960,28.76,Genie,Montreal,H8N,72239,8,16.5,0,1
C003374,26.85,Genie,Cote-Nord,G0G,22088,13,202.4,0,0
C010483,25.5,Genie,Gaspesie-Iles-de-la-Madeleine,G0C,80924,19,100.6,1,0
C000881,29.34,Sciences,Gaspesie-Iles-de-la-Madeleine,G0C,69055,17,175.8,0,0
C006834,24.44,Sante,Cote-Nord,G0G,37180,12,223.0,1,0
C008959,28.43,Sante,Gaspesie-Iles-de-la-Madeleine,G0C,54536,15,162.0,1,1
C004764,27.97,Sciences,Montreal,H4L,71040,11,23.9,0,1
C011628,26.03,Genie,Montreal,H2X,169377,9,35.0,1,0
C010716,23.85,Sciences sociales,Cote-Nord,G0G,45518,15,366.8,1,0
C005138,31.17,Arts et lettres,Montreal,H3T,60035,10,39.6,0,1
C003574,27.21,Arts et lettres,Montreal,H2X,70750,7,4.9,0,0
C000420,25.98,Arts et lettres,Gaspesie-Iles-de-la-Madeleine,G4X,48379,18,251.8,1,0
C011471,30.13,Genie,Cote-Nord,G4R,43767,14,195.4,1,0
C010910,32.07,Sciences,Cote-Nord,G4R,37887,11,340.3,1,1
C013898,25.08,Arts et lettres,Gaspesie-Iles-de-la-Madeleine,G4X,48228,11,162.3,1,0
C006862,27.52,Genie,Bas-Saint-Laurent,G0L,76623,8,189.4,0,0
C012874,29.82,Arts et lettres,Montreal,H1A,47564,5,16.2,1,0
C001940,30.92,Sciences,Capitale-Nationale,G1R,80729,7,30.7,0,1
C009505,26.8,Sante,Montreal,H1A,103621,6,41.0,0,0
C008109,27.32,Sciences sociales,Montreal,H1A,60330,7,1.5,0,0
C004606,24.7,Arts et lettres,Gaspesie-Iles-de-la-Madeleine,G5C,47111,14,241.0,1,0
C002692,28.76,Sante,Gaspesie-Iles-de-la-Madeleine,G5C,53041,11,220.6,1,1
C008611,32.11,Sciences,Capitale-Nationale,G3A,36679,7,44.2,1,1
C013971,32.52,Arts et lettres,Montreal,H4L,66169,8,33.0,0,1
C007440,27.51,Sciences sociales,Bas-Saint-Laurent,G0L,88909,20,128.8,0,0
C010812,25.46,Sciences sociales,Gaspesie-Iles-de-la-Madeleine,G5C,50154,12,180.0,1,0
C012200,26.6,Sciences sociales,Gaspesie-Iles-de-la-Madeleine,G0C,28236,18,168.1,1,0
C008485,29.17,Sante,Montreal,H3T,61001,10,19.2,0,1
C011374,25.27,Sciences,Cote-Nord,G0G,35262,11,245.9,0,0
C001483,29.24,Genie,Montreal,H1A,69947,21,21.8,1,1
C004768,27.48,Genie,Capitale-Nationale,G1R,131093,8,16.6,0,0
C010979,25.99,Genie,Montreal,H2X,64884,9,27.7,0,0
C001226,27.95,Arts et lettres,Montreal,H4L,81683,7,9.5,0,0
C012478,21.54,Sciences,Bas-Saint-Laurent,G0L,33128,10,111.7,0,0
C003395,33.17,Sciences sociales,Montreal,H3T,159781,7,17.9,1,1
C002301,25.96,Sciences sociales,Bas-Saint-Laurent,G5L,43288,9,65.6,0,0
C011060,29.22,Genie,Capitale-Nationale,G2E,57788,6,12.8,1,1
C010395,26.07,Sciences,Bas-Saint-Laurent,G0L,32280,9,139.8,0,0
C001468,24.41,Sante,Gaspesie-Iles-de-la-Madeleine,G4X,44755,15,98.6,1,0
C012581,24.05,Sante,Gaspesie-Iles-de-la-Madeleine,G0C,47833,14,101.5,1,0
C003601,30.03,Sante,Montreal,H2X,52426,11,40.4,0,1
C009383,30.3,Sciences,Montreal,H3T,83640,11,2.7,1,1
C004170,24.32,Sante,Cote-Nord,G0G,38254,17,248.3,0,0
C007082,29.16,Sciences,Gaspesie-Iles-de-la-Madeleine,G4X,65775,12,237.6,0,1
C002680,30.26,Genie,Montreal,H2X,79811,6,18.6,0,1
C008192,27.42,Sciences sociales,Montreal,H3T,49843,11,30.5,1,0
C007120,23.95,Sciences,Montreal,H4L,119492,9,18.9,0,0
C004676,25.02,Genie,Cote-Nord,G4R,86318,14,489.6,1,0
C007530,31.14,Arts et lettres,Cote-Nord,G5B,33931,18,121.7,0,1
C009557,30.97,Genie,Gaspesie-Iles-de-la-Madeleine,G5C,42463,13,480.5,1,1
C003415,31.26,Sciences sociales,Bas-Saint-Laurent,G5N,68157,15,60.0,1,1
C009982,26.23,Sciences,Bas-Saint-Laurent,G5N,29443,14,392.2,1,0
C010836,25.37,Arts et lettres,Gaspesie-Iles-de-la-Madeleine,G4X,70505,10,342.7,1,0
C004522,30.62,Sciences sociales,Gaspesie-Iles-de-la-Madeleine,G5C,34973,16,469.0,0,1
C001525,22.26,Arts et lettres,Capitale-Nationale,G1V,81542,6,5.6,0,0
C010644,25.31,Sciences sociales,Bas-Saint-Laurent,G5L,158898,16,330.5,1,0
C001397,27.26,Sante,Capitale-Nationale,G1V,60445,10,41.0,0,0
C012138,24.82,Genie,Montreal,H3T,80938,6,14.5,1,0
C006288,24.59,Sante,Montreal,H8N,105242,13,20.4,0,0
C000431,27.7,Arts et lettres,Bas-Saint-Laurent,G0L,63607,11,146.0,1,1
C006938,31.21,Sante,Bas-Saint-Laurent,G0L,72458,15,169.9,1,1
C003612,28.18,Arts et lettres,Montreal,H8N,125156,8,7.4,1,1
C007885,25.26,Genie,Montreal,H3T,48999,6,12.1,0,0
C007613,26.29,Genie,Bas-Saint-Laurent,G0L,35516,19,68.4,0,0
C004586,27.38,Arts et lettres,Capitale-Nationale,G1R,68414,9,21.1,0,0
C000406,22.98,Sciences sociales,Montreal,H3T,91232,12,23.2,0,0
C007519,28.77,Sante,Montreal,H2X,94879,11,18.9,0,1
C002861,25.68,Sciences sociales,Capitale-Nationale,G1R,84345,11,24.7,1,0
C004273,28.79,Sante,Montreal,H1A,85725,13,9.5,0,1
C005978,26.93,Arts et lettres,Bas-Saint-Laurent,G0L,66675,6,94.5,0,0
C003004,33.78,Arts et lettres,Capitale-Nationale,G1V,43209,13,16.2,0,1
C003369,32.91,Arts et lettres,Montreal,H8N,70644,3,15.3,0,1
C001597,31.8,Sciences sociales,Cote-Nord,G0G,47616,12,302.5,0,1
C004151,31.49,Arts et lettres,Cote-Nord,G0G,56944,8,85.6,1,1
C001362,29.14,Genie,Capitale-Nationale,G1R,45110,8,22.3,0,1
C001019,29.44,Sciences sociales,Montreal,H3T,55700,8,38.0,0,0
C007327,28.98,Arts et lettres,Montreal,H4L,66078,8,35.8,1,1
C002329,26.43,Arts et lettres,Capitale-Nationale,G1R,108392,4,15.9,0,0
C010101,26.17,Sciences sociales,Capitale-Nationale,G1R,78864,9,10.8,0,0
C005015,23.8,Sciences sociales,Montreal,H3T,80082,5,29.2,0,0
C004351,25.51,Sciences,Cote-Nord,G5B,104006,10,190.9,0,0
C006701,29.71,Genie,Montreal,H8N,61929,8,10.5,0,1
C000670,30.67,Sante,Montreal,H8N,87294,11,32.0,0,1
C007052,23.49,Sante,Cote-Nord,G5B,45566,15,240.7,1,0
C008259,24.66,Sante,Cote-Nord,G5B,62639,13,198.4,1,0
C003345,32.41,Sante,Bas-Saint-Laurent,G0L,70741,15,175.5,1,1
C013619,27.33,Sciences sociales,Gaspesie-Iles-de-la-Madeleine,G0C,30980,14,241.0,0,0
C006807,33.11,Sciences,Capitale-Nationale,G2E,50809,9,34.5,0,1
C009026,20.62,Sciences,Cote-Nord,G4R,68188,11,185.2,0,0
C010878,32.43,Genie,Capitale-Nationale,G1R,94192,11,29.9,0,1
C002355,25.38,Sciences,Cote-Nord,G5B,50768,19,261.9,0,0
C010717,31.56,Genie,Gaspesie-Iles-de-la-Madeleine,G0C,44052,14,105.7,0,1
C010136,31.46,Genie,Cote-Nord,G4R,18578,13,274.2,0,1
C011765,33.6,Genie,Montreal,H8N,56324,10,38.7,0,1
C003338,27.82,Sciences,Capitale-Nationale,G1R,95140,9,5.5,0,0
C008018,28.55,Genie,Montreal,H4L,62836,7,30.2,0,1
C000172,30.69,Sciences sociales,Montreal,H8N,77875,10,29.1,0,1
C012150,24.4,Sciences sociales,Montreal,H8N,60849,9,7.7,0,0
C005816,32.42,Sante,Gaspesie-Iles-de-la-Madeleine,G4X,45106,12,158.5,1,1
C004530,26.24,Genie,Capitale-Nationale,G1R,96995,10,16.8,1,0
C010464,29.65,Genie,Montreal,H1A,97547,9,8.4,0,1
C006185,29.37,Sante,Montreal,H3T,41190,9,4.6,0,1
C008237,32.64,Sciences,Gaspesie-Iles-de-la-Madeleine,G4X,25120,11,76.1,0,1
C002945,26.69,Sciences,Gaspesie-Iles-de-la-Madeleine,G0C,47514,23,206.2,1,0
C000815,26.31,Sante,Gaspesie-Iles-de-la-Madeleine,G4X,71677,13,499.0,0,0
C007980,27.94,Sante,Montreal,H8N,89222,7,25.1,0,1
C009453,27.85,Sciences sociales,Montreal,H1A,91907,9,29.6,1,0
C000046,29.43,Sciences,Montreal,H1A,62314,7,31.8,0,0
C004047,29.07,Arts et lettres,Capitale-Nationale,G3A,69565,17,29.9,0,1
C009171,31.01,Sciences,Montreal,H1A,54126,12,13.4,0,1
C003065,32.68,Sciences sociales,Montreal,H4L,100148,6,19.3,1,1
C002054,23.92,Genie,Montreal,H3T,140189,7,21.7,0,0
C003329,24.57,Sciences sociales,Cote-Nord,G0G,94617,10,290.1,0,0
C009872,30.61,Sciences,Gaspesie-Iles-de-la-Madeleine,G5C,36153,10,180.6,1,1
C000108,27.85,Sciences,Montreal,H4L,104399,11,58.8,0,1
C012712,28.5,Sciences,Cote-Nord,G0G,52915,14,169.2,0,0
C003391,25.29,Sciences,Cote-Nord,G0G,32087,18,136.3,0,0
C004244,24.29,Sante,Capitale-Nationale,G1V,137226,13,26.9,0,0
C003642,30.18,Genie,Montreal,H4L,78648,10,18.8,1,1
C007614,27.9,Sciences,Montreal,H8N,39267,12,21.9,0,1
C012428,26.27,Sante,Gaspesie-Iles-de-la-Madeleine,G4X,31146,17,450.2,1,0
C004248,29.15,Genie,Capitale-Nationale,G2E,59963,11,11.0,1,1
C006507,33.3,Sante,Montreal,H1A,117172,6,17.2,0,1
C013701,25.12,Arts et lettres,Montreal,H2X,57924,6,15.4,1,0
C003073,28.74,Genie,Capitale-Nationale,G2E,82523,11,16.0,0,1
C010868,28.8,Sciences sociales,Bas-Saint-Laurent,G0L,104125,9,152.4,1,1
C011270,30.86,Genie,Montreal,H4L,70386,9,10.4,0,1
C007621,23.22,Sciences,Bas-Saint-Laurent,G0L,68602,7,245.9,1,0
C004158,24.08,Arts et lettres,Montreal,H3T,73855,11,27.3,0,0
C005903,23.1,Sciences sociales,Montreal,H3T,52469,12,7.9,1,0
C013116,36.91,Sante,Montreal,H1A,47866,9,28.5,0,1
C005242,24.91,Arts et lettres,Cote-Nord,G5B,26355,13,187.9,0,0
C002082,24.05,Sciences sociales,Gaspesie-Iles-de-la-Madeleine,G4X,25759,15,325.5,1,0
C010971,28.59,Genie,Bas-Saint-Laurent,G5L,27058,12,191.3,1,0
C002972,25.37,Sciences,Montreal,H8N,88631,11,9.6,0,0
C009095,24.21,Sciences,Bas-Saint-Laurent,G0L,42476,11,107.3,0,0
C001002,30.65,Sciences,Montreal,H4L,56027,5,6.8,1,1
C009364,32.01,Sante,Montreal,H3T,79394,5,13.3,0,1
C013005,28.53,Sante,Capitale-Nationale,G3A,87607,6,22.4,1,0
C000964,26.75,Sante,Bas-Saint-Laurent,G0L,38498,17,75.0,1,0
C004867,31.91,Sciences sociales,Montreal,H4L,57476,7,9.5,1,1
C008078,24.36,Sciences,Montreal,H1A,141149,9,5.6,1,0
C003101,27.27,Sciences,Cote-Nord,G5B,39033,10,104.6,1,0
C003453,24.19,Sciences sociales,Montreal,H4L,45284,6,16.9,0,0
C008671,24.18,Genie,Montreal,H3T,67522,6,23.3,0,0
C001103,30.5,Sciences,Cote-Nord,G4R,28055,11,363.3,0,1
C009226,32.29,Sante,Montreal,H3T,75304,8,67.1,0,1
C003926,27.31,Sciences sociales,Capitale-Nationale,G1V,65619,7,11.4,1,0
C010544,26.88,Arts et lettres,Montreal,H2X,89834,8,34.4,0,0
C013155,28.92,Genie,Capitale-Nationale,G3A,59773,11,27.9,0,0
C003761,26.3,Sciences sociales,Montreal,H4L,71703,10,22.1,1,0
C009468,27.14,Sante,Capitale-Nationale,G3A,44659,8,36.3,0,1
C005991,26.15,Sciences,Cote-Nord,G5B,50334,11,379.6,0,0
C008113,26.99,Sciences,Capitale-Nationale,G3A,47356,6,6.2,0,0
C006350,25.4,Arts et lettres,Montreal,H3T,53025,13,32.3,0,0
C005213,32.97,Sante,Montreal,H8N,58314,6,30.3,0,1
C002497,32.59,Sciences,Montreal,H1A,58652,2,33.1,0,1
C008965,26.25,Sciences sociales,Bas-Saint-Laurent,G0L,39793,13,112.3,0,0
C000982,28.57,Arts et lettres,Gaspesie-Iles-de-la-Madeleine,G0C,29732,17,748.2,0,0
C002999,30.45,Genie,Montreal,H4L,59054,11,35.1,0,1
C005344,30.42,Genie,Gaspesie-Iles-de-la-Madeleine,G4X,73982,8,109.2,0,1
C011155,26.76,Sciences,Capitale-Nationale,G1V,66529,4,6.4,0,0
C007975,25.14,Arts et lettres,Montreal,H2X,70203,8,13.0,1,0
C005376,33.92,Sciences sociales,Montreal,H3T,51948,4,17.7,0,1
C006916,31.69,Sciences,Cote-Nord,G4R,45498,16,187.1,0,1
C009103,28.56,Sante,Bas-Saint-Laurent,G5L,51605,8,278.0,0,0
C005371,26.15,Genie,Bas-Saint-Laurent,G5L,35079,13,298.6,0,0
C001842,30.2,Sante,Montreal,H3T,54592,10,33.3,0,1
C003886,22.85,Sciences sociales,Cote-Nord,G0G,58534,12,114.9,1,0
C000809,26.13,Sciences sociales,Cote-Nord,G0G,54056,9,396.2,0,0
C006514,30.84,Sciences sociales,Gaspesie-Iles-de-la-Madeleine,G0C,64289,14,112.1,0,1
C005835,30.2,Arts et lettres,Montreal,H3T,64408,5,14.5,1,0
C000994,22.38,Sciences sociales,Montreal,H2X,48402,10,22.6,0,0
C004399,28.93,Arts et lettres,Cote-Nord,G4R,20962,13,358.5,0,0
C010408,24.62,Sante,Capitale-Nationale,G2E,61765,5,34.0,0,0
C007234,29.59,Genie,Capitale-Nationale,G1V,99552,13,28.3,0,1
C009173,24.76,Genie,Gaspesie-Iles-de-la-Madeleine,G5C,56988,11,240.5,0,0
C003854,31.07,Sciences,Montreal,H1A,64217,11,38.8,1,1
C002912,32.87,Sciences,Montreal,H1A,46718,8,20.1,1,1
C001014,29.47,Sciences sociales,Gaspesie-Iles-de-la-Madeleine,G0C,39883,11,447.5,0,0
C010531,28.21,Sante,Montreal,H4L,46022,10,18.5,0,1
C012161,25.28,Sciences,Montreal,H2X,115037,11,12.0,0,0
C010065,21.39,Sciences,Gaspesie-Iles-de-la-Madeleine,G0C,32449,11,316.6,1,0
C013217,25.26,Sante,Montreal,H2X,28131,12,7.3,0,0
C000188,23.22,Genie,Montreal,H2X,62064,5,20.8,0,0
C001716,28.1,Sciences sociales,Montreal,H3T,75184,6,9.4,1,0
C008343,28.67,Sciences,Bas-Saint-Laurent,G5N,36108,13,118.5,0,0
C008851,28.03,Genie,Gaspesie-Iles-de-la-Madeleine,G4X,90034,13,102.4,1,1
C002904,26.33,Genie,Capitale-Nationale,G1V,103786,8,10.8,0,1
C001572,26.26,Sciences sociales,Montreal,H4L,51903,7,8.9,0,0
C010471,36.56,Sante,Gaspesie-Iles-de-la-Madeleine,G5C,34596,16,147.6,0,1
C012577,21.9,Sante,Cote-Nord,G5B,57701,7,78.2,1,0
C008911,30.94,Sciences sociales,Capitale-Nationale,G3A,63100,13,11.4,1,1
C002164,29.79,Arts et lettres,Montreal,H2X,83839,11,6.8,0,1
C003770,25.56,Sciences,Montreal,H8N,122527,9,9.9,1,0
C005706,27.98,Arts et lettres,Gaspesie-Iles-de-la-Madeleine,G5C,31218,13,248.2,1,0
C005843,24.99,Arts et lettres,Gaspesie-Iles-de-la-Madeleine,G4X,63842,13,245.2,1,0
C010382,25.59,Arts et lettres,Montreal,H4L,60173,11,4.4,0,0
C002303,25.26,Sciences,Montreal,H3T,92531,6,13.8,0,0
C013741,32.94,Sciences sociales,Montreal,H1A,56628,12,49.3,0,1
C013301,34.71,Sciences,Montreal,H8N,36403,14,25.5,0,1
C002211,25.15,Arts et lettres,Bas-Saint-Laurent,G0L,28060,14,112.0,1,0
C002839,31.32,Genie,Gaspesie-Iles-de-la-Madeleine,G5C,65700,17,217.9,1,1
C013082,29.64,Sante,Montreal,H8N,43922,4,22.7,0,1
C010356,27.69,Sciences,Capitale-Nationale,G3A,76310,7,24.3,0,1
C011100,29.06,Sante,Montreal,H4L,52976,12,7.5,0,1
C005308,28.01,Sciences sociales,Montreal,H4L,34218,8,29.0,0,0
C009561,21.45,Sciences sociales,Gaspesie-Iles-de-la-Madeleine,G4X,96402,14,137.9,0,0
C008022,30.63,Arts et lettres,Bas-Saint-Laurent,G5N,73831,12,165.6,0,1
C005955,30.82,Genie,Montreal,H1A,55737,7,30.8,0,1
C013071,29.62,Sciences,Capitale-Nationale,G3A,55363,5,32.2,0,1
C006919,29.26,Genie,Montreal,H8N,43124,12,22.9,0,1
C011004,26.56,Sciences,Cote-Nord,G0G,73970,10,83.8,0,0
C010162,29.69,Arts et lettres,Gaspesie-Iles-de-la-Madeleine,G4X,35691,14,199.4,1,1
C013668,31.21,Genie,Bas-Saint-Laurent,G5N,62395,16,217.0,1,1
C002874,30.49,Sciences sociales,Montreal,H3T,67284,7,18.5,1,1
C000216,24.29,Genie,Montreal,H1A,43076,13,9.5,0,0
C007138,29.42,Sciences,Bas-Saint-Laurent,G5N,34347,10,79.8,0,0
C005483,27.55,Sciences sociales,Gaspesie-Iles-de-la-Madeleine,G4X,46808,16,399.1,1,0
C008085,26.58,Arts et lettres,Gaspesie-Iles-de-la-Madeleine,G4X,46240,5,256.2,1,0
C000832,26.04,Sante,Gaspesie-Iles-de-la-Madeleine,G0C,109657,10,210.1,0,0
C006472,29.96,Sciences sociales,Montreal,H2X,64698,8,41.8,0,1
C005742,22.14,Sciences,Montreal,H3T,51131,6,5.4,0,0
C003151,26.95,Sciences,Capitale-Nationale,G1R,28608,8,39.3,0,0
C006003,32.37,Sante,Bas-Saint-Laurent,G0L,35649,12,113.4,1,1
C006850,31.08,Sciences,Capitale-Nationale,G1R,159988,8,18.2,1,1
C007796,22.1,Sante,Montreal,H4L,28677,7,21.4,0,0
C005326,25.75,Genie,Montreal,H8N,57071,11,73.8,1,0
C004816,29.91,Sciences,Montreal,H4L,121914,5,7.0,1,1
C008626,25.22,Sciences sociales,Montreal,H1A,37803,10,34.6,0,0
C000827,33.33,Sciences,Gaspesie-Iles-de-la-Madeleine,G5C,56654,10,302.1,1,1
C013171,25.88,Genie,Montreal,H2X,47279,12,36.8,0,0
C011641,31.92,Arts et lettres,Bas-Saint-Laurent,G0L,41139,15,152.6,0,1
C004721,26.18,Genie,Gaspesie-Iles-de-la-Madeleine,G4X,37452,15,227.6,0,0
C010594,23.8,Sciences sociales,Montreal,H2X,74576,7,33.9,0,0
C003252,30.57,Sciences,Capitale-Nationale,G2E,34688,5,16.3,0,1
C008823,26.2,Sciences,Montreal,H8N,50480,14,12.1,1,0
C012080,27.52,Sciences sociales,Bas-Saint-Laurent,G5N,70342,9,183.6,0,0
C010969,26.74,Sciences sociales,Montreal,H8N,71529,4,15.3,1,0
C002757,36.52,Arts et lettres,Montreal,H2X,140545,13,34.6,0,1
C006752,26.89,Sciences sociales,Montreal,H1A,35717,6,36.6,0,0
C003306,26.95,Sciences,Bas-Saint-Laurent,G5L,67123,10,293.0,1,0
C007306,27.28,Sante,Capitale-Nationale,G2E,61229,3,30.8,1,0
C011736,27.51,Genie,Cote-Nord,G0G,58639,13,115.7,0,0
C007365,33.18,Arts et lettres,Montreal,H2X,103813,7,10.2,0,1
C009118,25.34,Sante,Bas-Saint-Laurent,G5N,15505,13,245.8,0,0
C002812,32.72,Sante,Montreal,H3T,58902,15,40.3,1,1
C008463,24.08,Sciences sociales,Montreal,H1A,81673,13,18.6,0,0
C002174,24.97,Arts et lettres,Cote-Nord,G5B,38576,17,90.2,0,0
C010515,30.19,Sciences,Capitale-Nationale,G1V,68979,11,28.5,1,1
C004052,30.0,Sciences,Gaspesie-Iles-de-la-Madeleine,G0C,44573,10,187.5,0,0
C005525,31.91,Genie,Capitale-Nationale,G3A,70029,10,10.3,1,1
C005708,31.96,Genie,Cote-Nord,G4R,83505,13,76.8,1,1
C004930,20.5,Arts et lettres,Gaspesie-Iles-de-la-Madeleine,G0C,63801,17,361.6,0,0
C006082,26.49,Sciences sociales,Montreal,H8N,56614,10,8.8,0,0
C007280,28.89,Genie,Montreal,H3T,89772,10,25.3,1,1
C002205,30.64,Genie,Montreal,H8N,53151,10,57.9,0,1
C002517,23.59,Arts et lettres,Gaspesie-Iles-de-la-Madeleine,G5C,70379,13,190.1,0,0
C009811,28.34,Genie,Gaspesie-Iles-de-la-Madeleine,G4X,49575,13,256.3,1,0
C006936,25.17,Sciences,Montreal,H3T,73389,10,37.0,0,0
C009420,30.67,Genie,Montreal,H4L,80650,8,15.5,0,1
C002344,29.62,Sante,Capitale-Nationale,G3A,60756,7,2.5,0,1
C012376,32.71,Sciences sociales,Gaspesie-Iles-de-la-Madeleine,G5C,49295,10,192.4,1,1
C008131,29.79,Sante,Gaspesie-Iles-de-la-Madeleine,G4X,77935,10,468.3,0,0
C001527,25.64,Sciences,Cote-Nord,G0G,121954,18,258.8,1,0
C009611,23.56,Sciences sociales,Capitale-Nationale,G1V,65368,10,11.3,0,0
C009133,21.52,Arts et lettres,Capitale-Nationale,G1R,125232,12,6.7,1,0
C013560,23.96,Sciences,Cote-Nord,G5B,31864,17,166.7,0,0
C011898,29.79,Genie,Montreal,H3T,42659,8,33.7,1,0
C013121,26.09,Sante,Bas-Saint-Laurent,G0L,41334,15,130.6,0,0
C002529,25.22,Arts et lettres,Capitale-Nationale,G1V,127401,8,19.5,0,0
C000127,27.11,Arts et lettres,Montreal,H8N,163554,5,41.7,0,1
C001327,27.34,Arts et lettres,Cote-Nord,G4R,77798,20,231.9,0,1
C010342,25.72,Genie,Montreal,H3T,100757,7,29.6,1,0
C011119,33.65,Sciences,Capitale-Nationale,G2E,71260,3,16.1,0,1
C005718,29.67,Genie,Montreal,H2X,56498,7,12.0,1,1
C006694,26.69,Sciences sociales,Bas-Saint-Laurent,G5L,108837,14,99.1,1,0
C000026,30.27,Sciences,Montreal,H4L,35157,4,6.6,1,1
C006698,22.56,Arts et lettres,Gaspesie-Iles-de-la-Madeleine,G5C,23382,15,109.8,1,0
C010294,27.54,Arts et lettres,Gaspesie-Iles-de-la-Madeleine,G5C,51154,20,528.4,1,1
C007538,23.59,Genie,Montreal,H1A,39687,4,13.5,1,0
C009377,18.95,Sciences sociales,Capitale-Nationale,G1R,85432,10,26.7,0,0
C008300,26.86,Genie,Montreal,H1A,45027,9,26.8,0,0
C001048,22.19,Sciences,Montreal,H3T,62292,12,45.0,0,0
C011081,30.37,Sciences,Bas-Saint-Laurent,G0L,46881,12,355.8,1,1
C007985,31.89,Genie,Capitale-Nationale,G1R,92413,8,26.6,0,1
C013206,26.91,Sciences sociales,Capitale-Nationale,G1R,105605,11,28.0,0,0
C005248,23.94,Arts et lettres,Montreal,H1A,55947,12,28.3,0,0
C002805,25.15,Arts et lettres,Bas-Saint-Laurent,G5L,56981,15,141.6,1,0
C013220,29.0,Genie,Capitale-Nationale,G2E,89555,6,15.7,0,1
C000985,24.04,Sciences,Montreal,H1A,59554,12,24.1,1,0
C002136,25.67,Sciences sociales,Gaspesie-Iles-de-la-Madeleine,G0C,40813,12,93.5,0,0
C001886,25.83,Arts et lettres,Gaspesie-Iles-de-la-Madeleine,G0C,29006,10,381.2,0,0
C010518,22.33,Sciences,Montreal,H8N,104446,16,35.6,0,0
C009800,28.07,Sante,Montreal,H3T,34693,7,10.4,0,0
C013949,26.1,Sciences sociales,Montreal,H2X,105001,9,31.7,0,1
C009979,33.19,Arts et lettres,Gaspesie-Iles-de-la-Madeleine,G4X,54019,18,167.8,1,1
C012558,28.56,Sciences sociales,Gaspesie-Iles-de-la-Madeleine,G4X,26152,12,81.7,0,0
C004917,25.95,Genie,Montreal,H3T,42633,16,34.5,0,0
C012621,26.67,Arts et lettres,Capitale-Nationale,G3A,70295,13,12.3,0,0
C012031,23.25,Sciences,Cote-Nord,G4R,46689,13,116.1,0,0
C013389,27.47,Genie,Capitale-Nationale,G2E,61659,6,28.4,0,0
C002178,22.21,Sciences,Montreal,H4L,62414,7,15.5,0,0
C005475,28.07,Genie,Montreal,H3T,55962,5,29.1,1,0
C010256,20.49,Sciences,Gaspesie-Iles-de-la-Madeleine,G0C,53751,18,340.4,0,0
C007450,28.69,Arts et lettres,Capitale-Nationale,G3A,86144,8,9.8,1,0
C001720,30.55,Genie,Montreal,H2X,141803,10,2.9,1,1
C009524,27.4,Genie,Gaspesie-Iles-de-la-Madeleine,G0C,46913,19,189.8,0,0
C007728,27.75,Genie,Gaspesie-Iles-de-la-Madeleine,G5C,87661,18,98.7,1,1
C009684,27.36,Genie,Montreal,H3T,55499,6,39.7,0,0
C008223,27.87,Sciences,Capitale-Nationale,G1R,97199,7,15.2,0,0
C010795,24.39,Sciences,Gaspesie-Iles-de-la-Madeleine,G0C,88770,14,255.3,0,0
C006997,26.97,Sciences sociales,Capitale-Nationale,G1V,66638,9,17.5,0,0
C004417,30.85,Arts et lettres,Capitale-Nationale,G3A,45160,15,15.8,0,1
C004874,26.59,Arts et lettres,Montreal,H1A,61835,8,26.1,0,0
C009521,30.19,Arts et lettres,Capitale-Nationale,G3A,90870,11,11.0,1,1
C005544,28.64,Genie,Montreal,H3T,61076,10,9.4,1,0
C008513,28.03,Genie,Montreal,H3T,55908,7,7.3,0,1
C008705,32.26,Sciences sociales,Montreal,H3T,84024,9,3.0,1,1
C010012,27.15,Genie,Capitale-Nationale,G1R,146550,12,18.4,0,0
C004278,25.69,Genie,Montreal,H2X,78097,13,7.5,0,0
C002818,23.45,Sciences sociales,Montreal,H4L,60330,5,3.5,0,0
C005614,25.13,Sante,Montreal,H2X,70248,9,8.1,0,0
C006406,25.74,Sciences,Montreal,H4L,115327,9,7.5,1,0
C010257,25.58,Genie,Montreal,H3T,80140,13,9.2,0,0
C009703,29.46,Sciences sociales,Montreal,H4L,51402,9,35.5,1,1
C011711,29.54,Genie,Gaspesie-Iles-de-la-Madeleine,G5C,69422,8,140.9,1,0
C010596,27.65,Sante,Capitale-Nationale,G1V,83217,14,26.9,0,0
C008970,24.69,Sciences,Capitale-Nationale,G1R,71361,7,41.4,0,0
C001106,27.07,Sciences,Montreal,H8N,57174,8,4.0,0,0
C011169,30.42,Sciences,Capitale-Nationale,G1R,111421,8,19.0,0,1
C011503,28.01,Arts et lettres,Gaspesie-Iles-de-la-Madeleine,G0C,44991,19,201.6,0,1
C012888,23.94,Genie,Montreal,H3T,42664,7,27.5,0,0
C006794,34.97,Sciences sociales,Montreal,H1A,82627,9,16.8,1,1
C000611,27.76,Sante,Gaspesie-Iles-de-la-Madeleine,G4X,81679,13,267.0,0,0
C002224,28.62,Sciences,Montreal,H3T,50592,9,16.5,0,1
C007686,25.37,Arts et lettres,Montreal,H4L,69482,9,7.3,1,0
C004185,28.59,Genie,Montreal,H3T,66958,9,70.3,1,1
C004607,30.86,Sciences,Capitale-Nationale,G3A,58249,5,8.6,0,0
C005141,28.72,Genie,Bas-Saint-Laurent,G5N,40411,7,196.8,0,0
C006295,31.26,Sciences,Gaspesie-Iles-de-la-Madeleine,G4X,39783,14,322.0,0,1
C012111,28.0,Sante,Capitale-Nationale,G1V,110877,9,26.4,0,1
C013305,24.89,Arts et lettres,Capitale-Nationale,G1V,64791,9,21.3,1,0
C012180,32.24,Arts et lettres,Gaspesie-Iles-de-la-Madeleine,G0C,25936,9,227.4,0,1
C007212,25.49,Arts et lettres,Montreal,H3T,36194,6,36.7,0,0
C007216,26.2,Sante,Capitale-Nationale,G1R,61016,9,19.5,1,0
C007252,25.96,Sciences sociales,Capitale-Nationale,G3A,92580,8,19.2,0,0
C010642,27.45,Sante,Capitale-Nationale,G1R,56428,6,54.3,0,0
C007586,25.86,Arts et lettres,Bas-Saint-Laurent,G0L,98861,9,375.4,0,0
C012639,29.69,Genie,Montreal,H2X,69518,12,9.2,1,1
C008293,32.78,Sciences sociales,Capitale-Nationale,G3A,91004,12,2.4,0,1
C012846,31.03,Sante,Capitale-Nationale,G2E,100688,7,5.9,0,1
C002024,24.16,Arts et lettres,Cote-Nord,G4R,48843,7,252.9,0,0
C013031,27.71,Sante,Montreal,H4L,74060,11,25.2,0,0
C001390,26.42,Sciences,Bas-Saint-Laurent,G5N,62048,17,134.0,1,0
C001207,30.69,Sante,Bas-Saint-Laurent,G5N,34332,15,334.5,0,1
C002728,27.64,Genie,Montreal,H4L,51277,15,10.8,0,0
C008881,28.16,Arts et lettres,Capitale-Nationale,G1R,56959,13,49.2,1,1
C000909,37.23,Sciences,Cote-Nord,G0G,43150,13,385.1,1,1
C005356,28.96,Genie,Montreal,H2X,70889,9,41.4,0,0
C004086,25.05,Sante,Montreal,H2X,50977,8,23.6,0,0
C002509,28.61,Genie,Gaspesie-Iles-de-la-Madeleine,G4X,59657,10,350.8,0,0
C003932,28.82,Sante,Montreal,H8N,106743,13,6.4,0,1
C013028,23.48,Sante,Montreal,H3T,45373,11,31.4,0,0
C002853,33.98,Arts et lettres,Cote-Nord,G0G,92495,16,192.5,1,1
C004812,26.03,Sciences sociales,Gaspesie-Iles-de-la-Madeleine,G5C,25481,12,88.8,0,0
C010391,33.32,Sante,Montreal,H4L,139182,10,25.5,0,1
C007848,28.76,Sciences sociales,Cote-Nord,G4R,35503,13,142.4,0,0
C012263,32.86,Sante,Capitale-Nationale,G3A,198685,10,7.9,0,1
C004822,28.17,Sante,Gaspesie-Iles-de-la-Madeleine,G5C,53515,16,161.4,1,1
C010560,30.53,Sante,Bas-Saint-Laurent,G5L,76405,17,310.5,1,1
C003587,24.67,Sciences,Capitale-Nationale,G3A,137025,7,16.6,0,0
C011804,30.91,Sante,Capitale-Nationale,G1V,40955,12,32.8,1,1
C004480,29.65,Sciences sociales,Capitale-Nationale,G2E,83156,10,49.5,0,1
C013295,31.89,Genie,Bas-Saint-Laurent,G5L,111793,15,242.8,0,1
C001001,29.94,Arts et lettres,Montreal,H2X,110795,7,14.0,1,1
C012023,28.62,Genie,Capitale-Nationale,G1V,98787,9,7.4,0,1
C002769,26.93,Arts et lettres,Cote-Nord,G0G,45556,8,104.3,1,0
C001434,30.9,Genie,Montreal,H8N,65915,13,16.3,0,1
C013274,27.74,Sciences sociales,Gaspesie-Iles-de-la-Madeleine,G5C,24717,13,431.8,1,0
C004000,27.65,Arts et lettres,Montreal,H3T,87558,12,13.2,1,1
C008023,29.09,Genie,Montreal,H2X,92239,12,26.3,0,1
C000733,33.2,Sciences,Gaspesie-Iles-de-la-Madeleine,G0C,58361,9,175.8,1,1
C006764,32.71,Sciences,Capitale-Nationale,G1R,104028,15,25.4,1,1
C005854,28.44,Genie,Montreal,H1A,69686,11,12.9,0,1
C010046,29.62,Sante,Montreal,H1A,120917,9,22.1,0,1
C000145,27.51,Sciences sociales,Montreal,H4L,61680,11,18.5,0,1
C010014,21.7,Sciences sociales,Montreal,H2X,79743,10,12.0,1,0
C010440,24.52,Sciences,Montreal,H1A,85555,6,6.5,0,0
C003656,28.05,Sciences,Montreal,H1A,75757,10,23.1,0,1
C010016,25.71,Genie,Capitale-Nationale,G1V,49477,5,13.6,1,0
C006154,24.75,Genie,Gaspesie-Iles-de-la-Madeleine,G4X,37302,17,141.6,1,0
C006497,26.22,Genie,Bas-Saint-Laurent,G5L,33853,17,116.2,1,0
C005123,26.19,Genie,Montreal,H2X,75819,7,11.7,0,0
C007749,29.43,Sciences sociales,Montreal,H2X,31339,11,10.9,0,1
C011763,28.94,Genie,Montreal,H3T,56797,9,23.9,0,1
C009673,29.91,Sciences sociales,Montreal,H1A,92348,7,20.7,0,1
C001559,24.33,Sciences sociales,Capitale-Nationale,G1R,64603,6,26.5,0,0
C010977,27.25,Arts et lettres,Bas-Saint-Laurent,G5N,53626,13,102.7,0,0
C012459,27.75,Genie,Cote-Nord,G5B,55131,11,234.8,0,0
C007359,28.35,Genie,Gaspesie-Iles-de-la-Madeleine,G0C,75347,10,245.8,1,0
C005003,27.13,Sciences sociales,Montreal,H4L,41289,14,28.0,0,0
C006364,32.09,Genie,Montreal,H8N,56875,7,9.9,1,1
C013244,24.29,Arts et lettres,Capitale-Nationale,G3A,37546,4,11.1,1,0
C012512,27.07,Genie,Bas-Saint-Laurent,G5L,31104,12,116.0,1,0
C003377,25.25,Sciences,Montreal,H1A,61245,8,17.7,0,0
C003623,23.4,Sante,Capitale-Nationale,G1R,53060,8,35.4,0,0
C000613,25.96,Sciences sociales,Bas-Saint-Laurent,G5L,40379,12,100.6,0,0
C001908,27.57,Sciences,Montreal,H1A,83825,6,25.2,0,0
C004960,30.33,Sciences sociales,Bas-Saint-Laurent,G5L,62993,15,200.5,0,1
C010036,27.64,Sante,Capitale-Nationale,G1R,44210,9,36.8,0,1
C007563,25.37,Sante,Montreal,H4L,93126,8,10.1,0,0
C013680,27.89,Sante,Montreal,H2X,33929,9,15.3,0,0
C010198,21.59,Sante,Cote-Nord,G4R,48376,12,390.8,0,0
C001762,24.99,Sciences,Cote-Nord,G5B,74371,15,228.5,0,0
C006876,29.71,Arts et lettres,Montreal,H2X,65537,11,17.1,0,1
C012115,23.9,Genie,Gaspesie-Iles-de-la-Madeleine,G4X,48061,19,136.4,0,0
C013645,25.38,Sante,Gaspesie-Iles-de-la-Madeleine,G5C,87329,12,97.4,1,0
C013549,24.32,Arts et lettres,Montreal,H2X,91570,9,9.9,0,0
C010404,25.82,Sciences,Capitale-Nationale,G2E,57638,6,18.6,0,0
C003166,24.46,Sciences sociales,Capitale-Nationale,G1R,61081,12,37.7,0,0
C000952,29.24,Sciences sociales,Gaspesie-Iles-de-la-Madeleine,G0C,89833,13,124.6,1,1
C011132,28.01,Genie,Montreal,H1A,48115,16,34.5,1,0
C002182,31.08,Sciences sociales,Bas-Saint-Laurent,G0L,27290,10,290.4,0,1
C008059,23.56,Arts et lettres,Gaspesie-Iles-de-la-Madeleine,G5C,24603,16,247.2,0,0
C012538,23.69,Sante,Bas-Saint-Laurent,G0L,40780,17,250.8,0,0
C001158,33.4,Arts et lettres,Capitale-Nationale,G2E,73623,9,36.2,0,1
C006551,24.77,Genie,Gaspesie-Iles-de-la-Madeleine,G5C,99715,20,444.6,0,0
C003530,24.38,Sciences,Bas-Saint-Laurent,G0L,66540,13,138.1,0,0
C013272,28.25,Sciences sociales,Cote-Nord,G4R,48832,14,239.0,1,0
C008285,25.5,Genie,Bas-Saint-Laurent,G0L,18605,17,112.5,1,0
C009213,25.82,Arts et lettres,Bas-Saint-Laurent,G0L,93738,19,162.0,0,0
C007591,33.22,Sciences sociales,Cote-Nord,G4R,88254,13,325.6,1,1
C005042,27.21,Sciences sociales,Gaspesie-Iles-de-la-Madeleine,G0C,100172,13,283.1,0,0
C007443,19.94,Sciences,Cote-Nord,G4R,31907,11,171.4,1,0
C006134,25.76,Genie,Capitale-Nationale,G3A,77686,6,8.6,0,0
C002206,26.71,Sante,Montreal,H1A,83475,14,5.1,0,0
C008207,26.94,Genie,Capitale-Nationale,G1V,81804,8,21.7,0,0
C013525,25.89,Sciences sociales,Montreal,H4L,53763,11,28.0,1,0
C001883,27.57,Sante,Capitale-Nationale,G1V,64154,7,15.0,0,0
C010760,30.95,Sciences,Montreal,H3T,66806,7,30.5,1,1
C009152,35.5,Genie,Capitale-Nationale,G2E,79247,8,3.8,1,1
C007182,24.95,Sciences,Montreal,H4L,51155,11,28.3,0,0
C009472,20.92,Sciences,Cote-Nord,G4R,35668,10,134.8,1,0
C005069,29.89,Sciences sociales,Capitale-Nationale,G3A,40152,7,17.5,1,1
C005779,30.83,Sante,Capitale-Nationale,G1R,177148,9,15.8,1,1
C006757,26.98,Genie,Montreal,H2X,124602,12,33.1,1,1
C012681,21.94,Sante,Capitale-Nationale,G2E,138467,9,37.8,0,0
C008162,26.08,Sciences,Bas-Saint-Laurent,G5N,41972,14,180.0,1,0
C010699,30.52,Sciences sociales,Montreal,H3T,72969,7,14.8,0,1
C001452,25.09,Arts et lettres,Bas-Saint-Laurent,G5N,64814,14,146.1,1,0
C004547,29.76,Sciences sociales,Cote-Nord,G5B,92135,16,169.7,0,1
C001477,28.76,Sante,Capitale-Nationale,G1R,156272,7,13.5,0,0
C011130,28.78,Genie,Montreal,H8N,74804,5,14.5,1,1
C002350,32.1,Sciences,Capitale-Nationale,G2E,124365,15,20.0,1,1
C009488,30.84,Arts et lettres,Montreal,H4L,85080,12,41.0,0,1
C005952,32.0,Sciences,Montreal,H8N,49770,8,26.8,1,1
C004392,31.51,Sciences,Capitale-Nationale,G3A,84608,4,20.0,1,1
C011465,19.96,Genie,Capitale-Nationale,G1R,81983,7,16.7,0,0
C006827,28.13,Sante,Montreal,H3T,75196,13,25.0,0,1
C004600,25.88,Sciences sociales,Bas-Saint-Laurent,G5N,42699,16,108.5,0,0
C003790,31.97,Sciences,Capitale-Nationale,G1R,60859,6,26.2,0,1
C010588,29.48,Arts et lettres,Cote-Nord,G5B,45924,10,66.2,0,0
C002627,27.12,Sciences,Montreal,H2X,76460,7,26.0,0,0
C001359,24.62,Sante,Cote-Nord,G5B,49909,15,564.7,1,0
C007528,27.28,Arts et lettres,Montreal,H1A,81389,9,17.2,0,0
C006685,31.17,Sciences sociales,Montreal,H1A,75958,7,22.5,0,1
C012274,27.6,Sciences,Montreal,H8N,42742,2,24.9,0,0
C007651,24.65,Sciences,Cote-Nord,G4R,87335,10,126.4,0,0
C001505,31.16,Sciences sociales,Gaspesie-Iles-de-la-Madeleine,G0C,57174,11,433.2,0,1
C011407,26.97,Sciences sociales,Bas-Saint-Laurent,G0L,38626,14,342.9,0,0
C011009,29.49,Genie,Montreal,H4L,46946,6,67.6,0,1
C010970,21.83,Sante,Montreal,H4L,68870,10,13.6,1,0
C007398,25.75,Sante,Montreal,H2X,40390,13,19.7,0,0
C011016,35.78,Sciences sociales,Capitale-Nationale,G2E,106683,15,6.4,1,1
C013893,28.73,Genie,Bas-Saint-Laurent,G5L,35252,12,168.6,0,0
C008277,29.02,Sciences sociales,Cote-Nord,G4R,55201,19,248.2,1,1
C008267,29.4,Sciences,Cote-Nord,G4R,68412,18,264.5,1,1
C006868,25.39,Sciences sociales,Montreal,H2X,75282,13,51.7,0,0
C006047,27.31,Sciences,Montreal,H4L,108134,6,17.4,0,1
C004623,23.06,Sciences,Gaspesie-Iles-de-la-Madeleine,G4X,51137,10,126.3,0,0
C002532,30.95,Genie,Capitale-Nationale,G3A,53357,6,14.1,1,1
C002729,20.51,Sciences,Cote-Nord,G5B,49929,7,124.0,1,0
C013061,31.42,Sciences,Capitale-Nationale,G2E,81417,6,20.3,0,1
C005668,27.14,Arts et lettres,Montreal,H4L,201594,6,22.2,0,0
C003325,30.69,Sante,Gaspesie-Iles-de-la-Madeleine,G0C,47344,15,50.8,1,1
C002120,28.92,Genie,Bas-Saint-Laurent,G0L,122032,7,355.9,0,0
C002591,29.84,Genie,Montreal,H3T,95758,9,29.3,0,1
C010260,31.49,Genie,Capitale-Nationale,G1V,33915,11,17.6,1,1
C003716,24.57,Genie,Montreal,H2X,46341,10,73.9,0,0
C001318,27.67,Sciences sociales,Montreal,H8N,73614,10,20.7,0,1
C001444,21.11,Genie,Bas-Saint-Laurent,G5N,143078,12,314.4,1,0
C002485,27.36,Sciences sociales,Bas-Saint-Laurent,G5N,53083,19,210.9,0,1
C004792,29.21,Genie,Bas-Saint-Laurent,G5N,40521,14,173.6,0,1
C010330,29.89,Genie,Montreal,H2X,143342,10,12.3,0,1
C001521,26.86,Sante,Bas-Saint-Laurent,G5L,28874,21,143.8,0,0
C013975,27.57,Sciences sociales,Capitale-Nationale,G3A,86101,9,66.3,0,1
C000341,30.74,Genie,Gaspesie-Iles-de-la-Madeleine,G4X,100712,11,338.4,1,1
C001887,26.72,Sante,Montreal,H8N,32560,13,4.7,0,0
C011948,27.94,Sciences sociales,Capitale-Nationale,G1V,39668,9,28.3,0,1
C001052,27.93,Sciences sociales,Cote-Nord,G4R,33530,11,305.8,0,0
C003129,23.74,Arts et lettres,Bas-Saint-Laurent,G5N,24787,13,229.9,0,0
C010769,35.84,Genie,Gaspesie-Iles-de-la-Madeleine,G0C,85341,13,138.3,1,1
C013850,29.79,Sciences sociales,Capitale-Nationale,G1V,51737,12,27.5,0,1
C010321,26.57,Arts et lettres,Capitale-Nationale,G3A,73661,9,11.5,0,0
C001818,30.26,Sciences sociales,Montreal,H2X,88037,11,10.9,0,1
C006080,32.65,Sciences,Capitale-Nationale,G1R,60024,6,15.2,1,1
C010972,28.3,Sciences,Gaspesie-Iles-de-la-Madeleine,G0C,40833,13,283.3,0,0
C006456,30.13,Sciences,Capitale-Nationale,G3A,65438,7,23.8,0,1
C006052,26.48,Sante,Gaspesie-Iles-de-la-Madeleine,G0C,42771,14,275.0,1,0
C003816,27.58,Sciences,Montreal,H3T,90619,5,12.2,0,0
C011286,27.49,Genie,Montreal,H2X,56277,10,49.6,0,0
C002336,27.33,Sciences sociales,Capitale-Nationale,G1V,48325,8,35.1,0,1
C012692,29.42,Genie,Bas-Saint-Laurent,G5L,68390,15,375.6,1,1
C013725,24.08,Sciences,Capitale-Nationale,G1V,75773,6,15.5,0,0
C000538,27.68,Sante,Gaspesie-Iles-de-la-Madeleine,G4X,27127,13,179.2,1,0
C013705,26.0,Genie,Cote-Nord,G4R,50063,8,429.7,0,0
C001701,29.69,Sante,Bas-Saint-Laurent,G5N,52080,8,160.9,0,1
C006033,24.01,Genie,Gaspesie-Iles-de-la-Madeleine,G0C,36244,16,74.2,0,0
C000678,22.87,Genie,Montreal,H8N,53524,5,48.5,1,0
C007923,28.9,Genie,Gaspesie-Iles-de-la-Madeleine,G0C,83437,11,157.9,1,1
C005893,21.75,Genie,Montreal,H3T,110492,6,20.7,0,0
C006975,36.62,Arts et lettres,Montreal,H2X,115349,12,1.3,0,1
C000140,29.48,Sante,Montreal,H8N,197461,5,11.9,0,1
C009892,34.09,Genie,Bas-Saint-Laurent,G5N,52259,10,164.4,1,1
C006498,28.51,Sciences sociales,Montreal,H3T,57296,13,18.5,0,1
C002869,23.79,Genie,Bas-Saint-Laurent,G5L,113884,9,267.1,1,0
C004298,28.2,Genie,Montreal,H8N,57158,7,59.8,0,0
C013787,23.32,Sciences,Bas-Saint-Laurent,G5L,21520,18,114.0,1,0
C005035,26.07,Sciences sociales,Montreal,H2X,124202,5,64.2,0,0
C007631,29.54,Sciences,Montreal,H8N,96281,8,10.4,0,1
C011916,31.01,Sciences,Montreal,H1A,66017,11,14.3,0,1
C012268,30.01,Genie,Montreal,H1A,40542,12,15.0,1,1
C007782,25.56,Sante,Montreal,H1A,52566,12,13.5,1,0
C011184,25.26,Sciences,Bas-Saint-Laurent,G5L,39509,10,360.4,0,0
C011336,29.12,Sciences sociales,Cote-Nord,G0G,52861,8,206.8,0,0
C003221,31.42,Arts et lettres,Capitale-Nationale,G1V,101010,11,12.7,0,1
C007517,28.02,Genie,Cote-Nord,G5B,49738,7,147.1,0,0
C005086,21.65,Arts et lettres,Bas-Saint-Laurent,G0L,117273,8,131.6,1,0
C001816,24.92,Genie,Gaspesie-Iles-de-la-Madeleine,G5C,37358,13,394.8,0,0
C002046,27.77,Sciences,Capitale-Nationale,G2E,80940,12,3.6,1,1
C007689,27.8,Sante,Montreal,H3T,74020,8,30.4,0,1
C001991,33.93,Sante,Bas-Saint-Laurent,G5L,42166,10,545.4,1,1
C007284,28.94,Sciences sociales,Montreal,H4L,67068,3,20.1,0,1
C013276,31.94,Sante,Montreal,H2X,162528,7,2.4,0,1
C005859,31.75,Sante,Capitale-Nationale,G2E,38194,9,7.9,1,1
C010469,31.75,Sante,Gaspesie-Iles-de-la-Madeleine,G0C,52723,10,233.6,1,1
C010023,26.85,Genie,Montreal,H2X,202608,14,26.7,0,1
C009418,24.31,Sante,Bas-Saint-Laurent,G0L,47636,16,246.5,1,0
C011462,26.19,Sante,Capitale-Nationale,G2E,67592,13,22.5,0,0
C011858,31.14,Sciences,Montreal,H1A,60986,9,9.5,0,1
C012832,22.39,Sciences,Montreal,H1A,72143,8,16.7,0,0
C009062,27.85,Sante,Montreal,H1A,106723,11,14.6,1,0
C013263,24.14,Sante,Montreal,H4L,39139,10,8.9,0,0
C003479,26.04,Genie,Bas-Saint-Laurent,G5L,53599,12,36.7,1,0
C013433,32.39,Sante,Montreal,H1A,36383,11,30.2,0,1
C008260,26.14,Sciences sociales,Bas-Saint-Laurent,G5L,29793,10,141.1,0,0
C012117,29.2,Sciences sociales,Montreal,H8N,44192,6,20.6,0,1
C006988,25.54,Sciences sociales,Gaspesie-Iles-de-la-Madeleine,G4X,28791,13,83.0,0,0
C002610,27.21,Sante,Bas-Saint-Laurent,G5L,58055,15,180.1,1,0
C009478,31.57,Sciences sociales,Montreal,H1A,86844,4,24.9,0,1
C000099,28.94,Arts et lettres,Bas-Saint-Laurent,G5N,54767,12,304.5,1,1
C008927,28.82,Genie,Montreal,H8N,46179,12,15.8,0,1
C006338,30.62,Sciences,Cote-Nord,G4R,55825,16,227.7,1,1
C000037,28.22,Genie,Montreal,H3T,57439,6,20.3,1,0
C002062,28.75,Sciences,Cote-Nord,G5B,113748,15,439.5,0,1
C002296,31.78,Genie,Capitale-Nationale,G3A,75458,15,7.4,0,1
C012574,30.03,Arts et lettres,Capitale-Nationale,G3A,63692,16,19.3,1,1
C005305,28.34,Arts et lettres,Bas-Saint-Laurent,G5N,62174,14,207.3,1,0
C007871,26.39,Sante,Bas-Saint-Laurent,G0L,77095,11,186.6,1,0
C004686,26.34,Sante,Montreal,H4L,54139,6,4.7,1,0
C001063,27.94,Genie,Bas-Saint-Laurent,G0L,71903,15,133.5,0,0
C006220,23.35,Genie,Montreal,H8N,86619,5,29.6,0,0
C002123,26.48,Sciences sociales,Capitale-Nationale,G1V,42359,9,33.9,0,0
C009638,26.84,Arts et lettres,Gaspesie-Iles-de-la-Madeleine,G4X,29309,11,158.8,1,0
C000287,26.83,Genie,Montreal,H8N,100906,7,12.7,0,0
C005256,26.7,Arts et lettres,Gaspesie-Iles-de-la-Madeleine,G4X,55499,17,202.6,0,0
C006223,25.51,Genie,Montreal,H1A,52175,9,7.9,0,0
C007834,23.18,Sciences sociales,Montreal,H4L,59272,10,24.5,0,0
C000848,26.49,Sciences sociales,Montreal,H2X,65279,11,2.9,0,0
C002534,30.9,Sciences sociales,Capitale-Nationale,G2E,64089,10,8.1,0,1
C003036,28.63,Arts et lettres,Capitale-Nationale,G2E,69028,7,11.8,0,0
C011221,24.41,Sciences,Montreal,H2X,72017,7,12.3,1,0
C006501,30.47,Sciences sociales,Bas-Saint-Laurent,G5N,63372,10,433.8,1,1
C000869,30.45,Sciences sociales,Bas-Saint-Laurent,G5N,55184,20,263.1,1,1
C012207,24.8,Arts et lettres,Montreal,H3T,48413,8,26.4,0,0
C000201,24.15,Arts et lettres,Cote-Nord,G0G,58330,13,79.3,1,0
C007774,28.01,Genie,Montreal,H8N,72367,5,11.3,1,1
C001471,32.06,Sciences,Montreal,H3T,158098,7,6.8,0,1
C004509,29.89,Sciences,Bas-Saint-Laurent,G5N,27224,13,189.8,0,1
C004256,26.35,Genie,Montreal,H8N,48013,8,25.5,0,0
C010365,33.08,Sciences,Montreal,H3T,39831,16,2.1,0,1
C003173,27.09,Sciences,Montreal,H8N,51170,10,36.9,1,0
C010857,25.34,Arts et lettres,Montreal,H2X,120919,7,5.5,0,0
C008979,29.67,Sciences,Montreal,H3T,54912,6,14.3,0,1
C007507,31.1,Genie,Montreal,H1A,106002,5,36.1,1,1
C010336,29.13,Sciences,Montreal,H1A,90786,19,24.4,0,1
C010916,30.18,Sciences sociales,Montreal,H3T,75947,7,17.9,0,1
C006604,32.99,Genie,Capitale-Nationale,G1V,62867,10,3.6,0,1
C004884,25.76,Genie,Gaspesie-Iles-de-la-Madeleine,G5C,66863,16,266.4,0,0
C011298,27.67,Genie,Montreal,H1A,73282,6,2.4,0,0
C009981,21.33,Genie,Montreal,H8N,101781,7,4.7,1,0
C008135,31.28,Sciences,Bas-Saint-Laurent,G5L,29925,17,83.0,0,1
C005800,24.04,Sciences,Montreal,H8N,131309,5,16.8,1,0
C003075,26.27,Arts et lettres,Gaspesie-Iles-de-la-Madeleine,G5C,62020,13,555.5,0,0
C006792,29.82,Sciences sociales,Gaspesie-Iles-de-la-Madeleine,G0C,37072,11,79.7,0,1
C000034,30.5,Sciences sociales,Gaspesie-Iles-de-la-Madeleine,G0C,88783,11,213.7,0,0
C002424,31.11,Genie,Bas-Saint-Laurent,G5L,40569,10,215.7,0,1
C002829,24.61,Sciences,Capitale-Nationale,G2E,59441,6,2.8,1,0
C002260,30.61,Genie,Capitale-Nationale,G2E,35812,11,16.0,1,1
C007332,30.56,Sciences,Montreal,H4L,75407,14,18.4,0,1
C012960,25.5,Sante,Bas-Saint-Laurent,G5N,52079,17,190.7,0,0
C010585,25.09,Sciences sociales,Montreal,H4L,82292,7,10.7,1,0
C003634,27.1,Sante,Cote-Nord,G4R,47316,10,212.4,1,0
C011606,27.47,Sciences,Capitale-Nationale,G1V,55105,7,35.2,0,0
C009674,31.63,Sciences sociales,Montreal,H8N,123693,10,9.4,0,1
C013554,30.14,Arts et lettres,Bas-Saint-Laurent,G5N,42229,16,228.0,0,1
C011023,28.63,Sciences sociales,Montreal,H2X,80932,9,54.9,0,0
C008012,30.4,Genie,Gaspesie-Iles-de-la-Madeleine,G0C,36751,13,139.8,0,1
C004537,25.46,Genie,Montreal,H2X,124763,9,17.2,1,0
C004907,27.29,Arts et lettres,Gaspesie-Iles-de-la-Madeleine,G5C,70108,7,115.2,0,0
C011174,27.5,Sciences,Bas-Saint-Laurent,G5N,89606,14,136.7,1,1
C003408,26.71,Arts et lettres,Gaspesie-Iles-de-la-Madeleine,G0C,25086,14,228.6,0,0
C005153,27.92,Arts et lettres,Montreal,H8N,80640,7,23.0,0,0
C000816,33.76,Sante,Capitale-Nationale,G1V,76535,7,10.5,0,1
C007714,25.8,Sciences sociales,Cote-Nord,G5B,73036,11,193.8,1,0
C009082,26.32,Sciences sociales,Capitale-Nationale,G1R,34356,8,9.4,0,0
C003625,23.71,Arts et lettres,Montreal,H3T,53919,10,11.5,0,0
C009186,29.76,Sante,Capitale-Nationale,G1R,50816,8,23.0,0,0
C003929,25.57,Sciences sociales,Montreal,H1A,61822,17,5.3,0,0
C001981,25.46,Genie,Capitale-Nationale,G2E,38631,8,8.2,0,0
C007734,23.71,Sante,Gaspesie-Iles-de-la-Madeleine,G4X,34179,17,83.1,1,0
C009167,23.66,Genie,Gaspesie-Iles-de-la-Madeleine,G0C,28008,15,110.3,0,0
C004542,28.76,Genie,Montreal,H8N,66286,8,24.0,0,0
C007383,27.77,Genie,Montreal,H4L,116669,12,8.4,0,0
C008317,22.94,Sciences sociales,Cote-Nord,G0G,112656,12,234.3,1,0
C001844,29.85,Arts et lettres,Montreal,H2X,87868,7,17.7,0,1
C012340,25.79,Sciences sociales,Montreal,H2X,55851,9,10.4,1,0
C003039,28.37,Arts et lettres,Montreal,H8N,58763,9,14.9,0,0
C003883,25.27,Sciences,Gaspesie-Iles-de-la-Madeleine,G4X,81474,12,200.5,1,0
C000232,30.56,Sante,Capitale-Nationale,G1R,127683,8,21.1,0,1
C009697,26.01,Sante,Bas-Saint-Laurent,G5N,54436,11,144.8,1,0
C009523,23.71,Sante,Cote-Nord,G5B,90891,15,175.3,0,0
C004941,25.24,Sciences sociales,Bas-Saint-Laurent,G5N,36151,13,166.6,1,0
C009137,28.17,Sciences,Montreal,H3T,85933,12,12.0,1,0
C000336,31.08,Sciences sociales,Cote-Nord,G5B,73094,13,129.2,1,1
C013507,28.77,Arts et lettres,Montreal,H8N,49697,7,14.3,0,1
C000177,26.31,Genie,Capitale-Nationale,G2E,47368,9,8.2,0,0
C013735,28.34,Sciences sociales,Capitale-Nationale,G3A,82175,11,14.5,0,1
C008938,31.57,Arts et lettres,Montreal,H1A,38471,10,15.3,1,1
C007271,29.73,Sante,Gaspesie-Iles-de-la-Madeleine,G5C,92773,15,233.8,1,1
C001453,25.89,Sciences,Gaspesie-Iles-de-la-Madeleine,G0C,49449,9,285.7,1,0
C013192,28.1,Arts et lettres,Gaspesie-Iles-de-la-Madeleine,G0C,73810,15,370.5,1,1
C011182,24.46,Sciences,Montreal,H3T,66366,15,26.0,1,0
C005962,25.83,Sciences,Montreal,H2X,68664,9,9.3,0,0
C006072,29.29,Sciences sociales,Montreal,H4L,86609,10,36.8,1,1
C009635,32.89,Genie,Capitale-Nationale,G3A,85937,8,4.8,0,1
C008510,30.99,Sante,Bas-Saint-Laurent,G5L,33781,11,184.4,1,0
C006622,32.14,Sante,Montreal,H2X,66318,10,21.0,1,1
C009407,26.31,Sciences sociales,Capitale-Nationale,G2E,33514,7,19.6,0,0
C010646,27.65,Genie,Cote-Nord,G4R,51878,8,280.0,0,0
C009493,24.13,Arts et lettres,Cote-Nord,G0G,24477,13,286.8,0,0
C013776,29.82,Sciences sociales,Capitale-Nationale,G1V,41151,6,3.0,1,1
C010799,24.12,Sciences sociales,Gaspesie-Iles-de-la-Madeleine,G4X,65233,20,325.7,1,0
C006150,24.98,Arts et lettres,Gaspesie-Iles-de-la-Madeleine,G4X,61889,15,307.3,0,0
C006420,29.83,Arts et lettres,Cote-Nord,G0G,50337,12,251.8,0,1
C001206,28.12,Sciences sociales,Capitale-Nationale,G3A,107404,6,3.0,1,0
C012477,32.51,Sciences sociales,Cote-Nord,G0G,32686,18,125.8,1,1
C011387,28.06,Sante,Capitale-Nationale,G3A,59274,11,18.7,1,0
C000837,24.95,Sciences,Montreal,H8N,123396,8,2.5,0,0
C009078,27.5,Sante,Gaspesie-Iles-de-la-Madeleine,G4X,61417,14,422.7,1,0
C012750,26.7,Genie,Montreal,H2X,91433,5,5.0,0,0
C001869,25.1,Arts et lettres,Montreal,H8N,38892,8,5.0,0,0
C007340,29.79,Sciences sociales,Montreal,H2X,76375,10,38.7,0,1
C007732,28.26,Sciences,Capitale-Nationale,G2E,60473,8,4.9,0,1
C003461,31.82,Sciences,Capitale-Nationale,G2E,63142,7,4.3,1,1
C006034,23.83,Sciences,Cote-Nord,G0G,63406,13,89.2,1,0
C004503,29.17,Genie,Bas-Saint-Laurent,G0L,34864,9,332.6,0,0
C011002,29.45,Arts et lettres,Capitale-Nationale,G2E,44637,12,7.6,0,1
C007413,23.13,Sciences,Montreal,H8N,49032,14,5.8,1,0
C011353,25.01,Sante,Montreal,H4L,60683,9,35.0,0,0
C006989,32.93,Sciences,Montreal,H3T,73998,8,31.5,0,1
C003145,30.64,Sciences,Bas-Saint-Laurent,G5N,95720,10,228.6,0,1
C003337,21.91,Sciences sociales,Bas-Saint-Laurent,G5N,31703,11,54.2,1,0
C009471,28.68,Arts et lettres,Bas-Saint-Laurent,G5N,25430,7,288.2,0,0
C007900,32.35,Genie,Montreal,H1A,50829,9,15.7,0,1
C008351,27.74,Sciences sociales,Cote-Nord,G4R,52701,10,144.1,0,0
C003849,29.27,Genie,Capitale-Nationale,G2E,103446,6,10.9,0,1
C003343,22.21,Arts et lettres,Cote-Nord,G5B,40019,12,284.5,1,0
C001573,23.42,Sciences sociales,Bas-Saint-Laurent,G5L,96041,15,149.9,0,0
C013035,31.06,Arts et lettres,Capitale-Nationale,G1V,71598,3,19.4,1,0
C009529,26.98,Arts et lettres,Montreal,H3T,148466,8,20.0,1,1
C008700,32.41,Genie,Cote-Nord,G5B,43186,12,154.1,1,1
C009092,31.93,Genie,Montreal,H4L,141032,10,20.0,0,1
C000106,27.28,Genie,Gaspesie-Iles-de-la-Madeleine,G0C,30455,9,171.8,0,0
C001035,28.65,Arts et lettres,Bas-Saint-Laurent,G5L,58263,9,125.2,0,1
C007393,32.06,Sciences sociales,Montreal,H2X,48006,5,21.5,0,1
C010825,20.63,Sciences sociales,Cote-Nord,G5B,48157,14,189.7,1,0
C006228,23.95,Sciences sociales,Gaspesie-Iles-de-la-Madeleine,G5C,45229,10,57.6,1,0
C011729,26.04,Genie,Cote-Nord,G0G,65579,18,221.5,1,0
C003469,24.02,Sciences sociales,Gaspesie-Iles-de-la-Madeleine,G0C,55432,20,224.4,0,0
C008553,27.27,Sciences sociales,Montreal,H2X,86297,7,31.3,0,0
C007705,26.16,Sciences,Montreal,H8N,63086,9,14.2,0,0
C013601,24.88,Sciences sociales,Capitale-Nationale,G1R,214382,6,10.1,0,1
C007489,31.56,Genie,Montreal,H8N,71340,11,13.6,0,1
C006489,24.92,Sciences,Capitale-Nationale,G1R,83733,9,39.2,0,0
C006822,28.99,Arts et lettres,Capitale-Nationale,G2E,67796,13,16.7,0,1
C010178,25.49,Arts et lettres,Bas-Saint-Laurent,G5N,35737,15,306.1,1,0
C002954,27.2,Genie,Capitale-Nationale,G1R,45340,15,6.8,0,1
C009280,31.43,Sciences sociales,Gaspesie-Iles-de-la-Madeleine,G0C,28018,13,185.0,0,1
C002346,22.58,Genie,Capitale-Nationale,G2E,100186,4,7.7,0,0
C004581,28.74,Sante,Montreal,H2X,83474,5,8.7,0,1
C008745,22.64,Sciences,Montreal,H3T,120390,9,20.8,0,0
C009022,29.82,Arts et lettres,Montreal,H4L,186791,7,17.4,0,1
C012306,25.87,Genie,Montreal,H8N,94371,10,26.9,0,0
C005237,29.12,Genie,Capitale-Nationale,G1R,65201,6,0.7,1,1
C001333,28.21,Arts et lettres,Gaspesie-Iles-de-la-Madeleine,G4X,67054,10,213.3,0,0
C002451,25.55,Sciences,Capitale-Nationale,G3A,103680,13,13.4,1,0
C008479,27.27,Arts et lettres,Montreal,H4L,61434,14,4.7,1,1
C004135,23.23,Sciences sociales,Montreal,H8N,72994,16,2.9,1,0
C013794,19.98,Sante,Gaspesie-Iles-de-la-Madeleine,G4X,30418,10,85.3,0,0
C001173,35.29,Sciences sociales,Montreal,H3T,91822,13,9.9,0,1
C010863,29.37,Sante,Montreal,H8N,80741,9,14.6,0,1
C003542,21.2,Arts et lettres,Montreal,H8N,91964,12,14.1,1,0
C003827,26.79,Genie,Montreal,H2X,50185,8,5.0,0,0
C006415,29.95,Genie,Montreal,H4L,49479,10,33.0,1,1
C000280,24.8,Arts et lettres,Montreal,H4L,87183,13,16.7,0,0
C006759,28.28,Sciences,Montreal,H4L,75105,6,27.9,0,1
C007105,36.75,Sante,Bas-Saint-Laurent,G0L,51502,16,244.1,0,1
C006790,27.07,Sciences,Montreal,H2X,29940,9,31.7,1,0
C001911,26.13,Genie,Montreal,H1A,56054,10,8.0,0,0
C007037,25.67,Genie,Montreal,H4L,145430,1,9.5,0,0
